Datetime,Open,High,Low,Close,Volume,SMA20,SMA50,SMA100,SMA150,SMA200,EMA20,EMA12,EMA26,RSI,MACD,MACD_Signal,MACD_Hist,ATR,STOCH_%K,STOCH_%D,VWAP
2024-11-11 09:30:00,225.05499267578125,225.6999969482422,224.85000610351562,225.0399932861328,1633576,,,,,,,,,,,,,,,,225.1966654459635
2024-11-11 09:31:00,225.04010009765625,225.3699951171875,224.97000122070312,225.00999450683594,244722,,,,,,,,,,,,,,,,225.18624206900236
2024-11-11 09:32:00,225.02000427246094,225.16000366210938,224.64999389648438,224.77000427246094,213992,,,,,,,,,,,,,,,,225.15287524976623
2024-11-11 09:33:00,224.8000030517578,224.83999633789062,224.1300048828125,224.2100067138672,339380,,,,,,,,,,,,,,,,225.0468689092729
2024-11-11 09:34:00,224.1999969482422,224.38999938964844,223.83999633789062,223.85009765625,362967,,,,,,,,,,,,,,,,224.91436925046895
2024-11-11 09:35:00,223.8699951171875,224.3397979736328,223.75,223.86000061035156,352739,,,,,,,,,,,,,,,,224.81001681186532
2024-11-11 09:36:00,223.86000061035156,224.10000610351562,223.7449951171875,223.77999877929688,239013,,,,,,,,,,,,,,,,224.74402286573147
2024-11-11 09:37:00,223.78500366210938,224.1699981689453,223.77999877929688,223.99000549316406,194530,,,,,,,,,,,,,,,,224.70251809844635
2024-11-11 09:38:00,224.0,224.30999755859375,223.97000122070312,224.13999938964844,163787,,,,,,,,,,,,,,,,224.67791449758747
2024-11-11 09:39:00,224.08999633789062,224.3699951171875,224.07000732421875,224.13999938964844,166623,,,,,,,,,,,,,,,,224.65727131834254
2024-11-11 09:40:00,224.1553955078125,224.3300018310547,224.0800018310547,224.14999389648438,186617,,,,,,,,,,,,,,,,224.63584034288527
2024-11-11 09:41:00,224.13040161132812,224.25999450683594,223.92010498046875,223.99000549316406,177796,,,,,,,224.2441749572754,,,,,,,,,224.6117583142609
2024-11-11 09:42:00,223.9803924560547,224.0500030517578,223.86000061035156,223.94000244140625,172075,,,,,,,224.1973791856032,,,,,,,,,224.58615660631318
2024-11-11 09:43:00,223.94500732421875,224.08999633789062,223.92999267578125,224.03280639648438,132679,,,,,,,224.17206029496955,,,,,,,,,224.56968770753866
2024-11-11 09:44:00,224.02000427246094,224.32000732421875,223.99000549316406,224.19000244140625,232255,,,,,,,224.1748206251906,,39.041059682730804,,,,0.35347012232656105,,,224.550238857902
2024-11-11 09:45:00,224.19000244140625,224.1999969482422,223.9600067138672,224.1649932861328,55571,,,,,,,224.17330872687398,,38.199088420281,,,,0.34138962144851986,23.929509012761397,,224.54519457602512
2024-11-11 09:46:00,224.55999755859375,224.6300048828125,224.2100067138672,224.38999938964844,924739,,,,,,,224.2066457519162,,48.880776244696136,,,,0.35410444343719016,38.657056786908235,,224.52361422143474
2024-11-11 09:47:00,224.3699951171875,224.49000549316406,224.17999267578125,224.2899932861328,234631,,,,,,,224.21946844948798,,45.145868304799805,,,,0.34970767550773785,50.05571291257137,37.54742623741367,224.51568832265116
2024-11-11 09:48:00,224.27999877929688,224.27999877929688,223.9398956298828,223.97999572753906,177459,,,,,,,224.18262649226506,,35.970816013971664,,,,0.34974549405509414,49.01297228674479,45.9085806620748,224.5028458579324
2024-11-11 09:49:00,223.97999572753906,224.15370178222656,223.9199981689453,223.9199981689453,102368,224.19189453125,,,,,224.19189453125,224.14222213483126,,34.50903169265603,,,,0.338772606338433,35.969540229885055,45.01274180973374,224.4946508193235
2024-11-11 09:50:00,223.92999267578125,224.0,223.7100067138672,223.7100067138672,159812,224.12539520263672,,,,,224.14600045340404,224.07572745468292,,29.925253673783516,,,,0.3342643291224236,15.442528735632186,33.47501375075401,224.47765038930063
2024-11-11 09:51:00,223.72999572753906,223.8249969482422,223.69500732421875,223.72000122070312,223556,224.06089553833007,,,,,224.1054290979087,224.02100034176294,,30.39911362412445,,,,0.3157730668075613,7.4824296400008095,19.631499535172686,224.4532268132107
2024-11-11 09:52:00,223.72000122070312,223.72000122070312,223.41000366210938,223.66000366210938,179367,224.0053955078125,,,,,224.0630076278326,223.965462391047,,29.12583415855866,,,,0.31526005381398453,7.721644588021209,10.21553432121807,224.43086401368205
2024-11-11 09:53:00,223.65499877929688,223.6999969482422,223.46009826660156,223.47000122070312,145694,223.9683952331543,,,,,224.00653082715363,223.88923759560947,,25.485316571844557,,,,0.30868049927895025,9.360920505006808,8.188331577676278,224.41243411488827
2024-11-11 09:54:00,223.46009826660156,223.52999877929688,223.3249969482422,223.41000366210938,135437,223.94639053344727,,,,,223.94971871619703,223.81550929814793,,24.44622081386195,,,,0.29977013452055745,10.64116511834995,9.241243403792659,224.39367039311412
2024-11-11 09:55:00,223.42750549316406,223.44500732421875,223.2899932861328,223.33009338378906,167832,223.91989517211914,,,,,223.89070677977722,223.7408299267081,224.04376924954929,23.09555563868224,-0.3029393228411834,,,0.287507463312771,4.808077094398688,8.270054239251818,224.36985406535544
2024-11-11 09:56:00,223.33999633789062,223.4199981689453,223.0,223.1999053955078,238357,223.8908905029297,,,,,223.82491617175157,223.65761076806191,223.98126081591658,21.05458989701733,-0.3236500478546702,,,0.298583959924769,7.256833829251626,7.568692014000091,224.3331674883112
2024-11-11 09:57:00,223.19720458984375,223.22999572753906,222.77000427246094,222.77000427246094,195876,223.82989044189452,,,,,223.72444837181914,223.52105592258485,223.89153810899393,16.020105329334154,-0.3704821864090775,,,0.3119156664139071,5.085538886252503,5.716816603300941,224.2975507762691
2024-11-11 09:58:00,222.78500366210938,223.0,222.78500366210938,222.97169494628906,143774,223.77147521972657,,,,,223.6527575693877,223.43653884930856,223.8234015784232,25.072275164334993,-0.3868627291146254,,,0.30522409147352597,7.702559670551058,6.681644128685066,224.2724515510984
2024-11-11 09:59:00,222.97000122070312,222.99989318847656,222.85000610351562,222.89500427246094,146851,223.7092254638672,,,,,223.580590588728,223.35322583748587,223.75463140761116,24.012400837602716,-0.40140557012529143,,,0.29266430299343504,5.854669652794299,6.214256069865956,224.247669604351
2024-11-11 10:00:00,222.89999389648438,223.05990600585938,222.89999389648438,222.9199981689453,166337,223.64772567749023,,,,,223.51767702493916,223.28657542694117,223.69280672326553,25.123322130289683,-0.40623129632436417,,,0.28243051726722923,8.761526048765509,7.439585124036959,224.22158166254195
2024-11-11 10:01:00,222.9149932861328,223.1197052001953,222.8636016845703,223.02000427246094,150326,223.59922561645507,,,,,223.47027961994124,223.24556448009807,223.64296950468741,29.560761603654434,-0.39740502458934657,,,0.28033985274363427,10.665782903509,8.427326201689604,224.19963747922588
2024-11-11 10:02:00,223.02999877929688,223.08999633789062,222.94000244140625,222.96499633789062,123325,223.55047531127929,,,,,223.4221574026031,223.2024001505277,223.59274927010986,28.55822419014559,-0.39034911958216867,,,0.27007087126885965,13.123007626418316,10.850105526230942,224.1821752050164
2024-11-11 10:03:00,222.96499633789062,223.0876007080078,222.88009643554688,223.00990295410156,127238,223.49933013916015,,,,,223.38289507417437,223.17278519723138,223.54957546892405,30.62668406173645,-0.3767902716926699,-0.3729017298370441,-0.00388854185562576,0.2651777016975494,16.717493098807548,13.502094542911623,224.1645974141196
2024-11-11 10:04:00,223.00869750976562,223.27349853515625,222.97999572753906,223.2100067138672,125009,223.4503303527832,,,,,223.36642951604986,223.17851158440612,223.5244222278087,39.08952957529733,-0.3459106434025898,-0.3675035125501533,0.021592869147563476,0.2673780184117005,25.100936590118675,18.31381243844818,224.15014380304711
2024-11-11 10:05:00,223.2100067138672,223.25,223.10000610351562,223.14500427246094,144315,223.39933090209962,,,,,223.3453413976128,223.1733566133376,223.49631719407927,37.48962472261657,-0.32296058074166467,-0.35859492618845556,0.035634345446790894,0.2583161832423876,33.56150623821921,25.12664530904848,224.13413473512676
2024-11-11 10:06:00,223.14500427246094,223.2449951171875,223.05499267578125,223.2100067138672,116019,223.34033126831054,,,,,223.3324523801132,223.17899509034217,223.47510901035986,40.12861447436533,-0.29611392001768877,-0.3460987249543022,0.04998480493661345,0.2530727422097355,42.83098539762014,33.83114274198601,224.12170141440495
2024-11-11 10:07:00,223.18499755859375,223.25999450683594,223.13999938964844,223.19000244140625,105821,223.28533172607422,,,,,223.31888571928397,223.1806885289674,223.4539900052522,39.57490336565071,-0.27330147628478585,-0.33153927522039894,0.058237798935613094,0.242912451576764,47.34986349995602,41.247451711931795,224.1109473789633
2024-11-11 10:08:00,223.19500732421875,223.26499938964844,223.13999938964844,223.1999969482422,94512,223.24633178710937,,,,,223.30756297918475,223.18365905500968,223.43517570473293,40.0202081054509,-0.25151664972324284,-0.31553475012096777,0.06401810039772493,0.2339540762169964,55.42603670426678,48.53562853394765,224.1016032136707
2024-11-11 10:09:00,223.27000427246094,223.3800048828125,223.24000549316406,223.27999877929688,129817,223.21433181762694,,,,,223.30493781729066,223.19848055105388,223.4236811176636,43.60298157589864,-0.22520056660971477,-0.2974679134187172,0.07226734680900243,0.22987407731875958,65.80902571453537,56.19497530625272,224.09044596840303
2024-11-11 10:10:00,223.27999877929688,223.43829345703125,223.27999877929688,223.38499450683594,87735,223.19808120727538,,,,,223.312562263914,223.22717500578958,223.42081544278747,47.993617481191116,-0.1936404369978959,-0.27670241813455293,0.08306198113665703,0.22448311302681834,78.06277621169168,66.43261287683127,224.08371120172123
2024-11-11 10:11:00,223.38499450683594,223.46499633789062,223.35000610351562,223.46499633789062,140534,223.18533096313476,,,,,223.3270797947689,223.2637629030359,223.424088101684,51.1164385625173,-0.16032519864808137,-0.25342697423725863,0.09310177558917726,0.21626863588206652,90.16199933562262,78.01126708728322,224.0740475130702
2024-11-11 10:12:00,223.4499969482422,223.49000549316406,223.24000549316406,223.26499938964844,98596,223.16558074951172,,,,,223.3211673752336,223.26395313174555,223.41230375264433,44.00298190798512,-0.14835062089878193,-0.2324117035695633,0.08406108267078138,0.21879019841484543,85.6224435633025,84.61573970353894,224.06646536821486
2024-11-11 10:13:00,223.27000427246094,223.2899932861328,223.1199951171875,223.28460693359375,96628,223.15631103515625,,,,,223.31768542841075,223.2671306397222,223.40284472901095,44.81382147867682,-0.13571408928874007,-0.21307218071339867,0.0773580914246586,0.21515487714859907,77.35088098304392,84.37844129398968,224.0581909489223
2024-11-11 10:14:00,223.28500366210938,223.3300018310547,223.02999877929688,223.08990478515625,94796,223.1403060913086,,,,,223.29599203381508,223.23986512363513,223.37966399242913,38.80499220540287,-0.13979886879400283,-0.1984175183295195,0.05861864953551668,0.2214572161765021,56.05999787544056,73.01110747392899,224.0494458871925
2024-11-11 10:15:00,223.0800018310547,223.08990478515625,222.92269897460938,222.92999267578125,97742,223.12030105590821,,,,,223.26113495209756,223.19219243934992,223.34635500601078,34.690775315450445,-0.15416256666085815,-0.18956652799578724,0.035403961334929096,0.21743898802568373,37.17272066809806,56.861199842194175,224.0389413086341
2024-11-11 10:18:00,223.1649932861328,223.2100067138672,223.15789794921875,223.2100067138672,207061,223.12080612182618,,,,,223.25626559607562,223.19493309696796,223.33625513251866,45.572570388442315,-0.14132203555070078,-0.17991762950676998,0.03859559395606921,0.22206152658010314,32.79999944891677,42.01090599748513,224.0216764260105
2024-11-11 10:19:00,223.2050018310547,223.27999877929688,223.17999267578125,223.27499389648438,56870,223.14605560302735,,,,,223.2580492437336,223.2072501430474,223.3317172631828,47.74856023641591,-0.12446712013542083,-0.16882752763250017,0.04436040749707934,0.21306703577955458,41.457406669594725,37.14337559553652,224.01734891332842
2024-11-11 10:20:00,223.27499389648438,223.35000610351562,223.1199951171875,223.13999938964844,86048,223.15447082519532,,,,,223.2468064004874,223.1969038732937,223.31751593921732,43.82869902705878,-0.12061206592360918,-0.15918443529072196,0.03857236936711278,0.21431284733539177,51.49839001898448,41.91859871249866,224.01054373224068
2024-11-11 10:21:00,223.16000366210938,223.19000244140625,222.90499877929688,222.9532928466797,116062,223.15738525390626,223.6024462890625,,,,223.2188527286962,223.15942525381462,223.29053645088118,39.053431240626054,-0.13111119706655927,-0.15356978764588944,0.022458590579330168,0.2194995452990299,36.21958498424141,43.05846055760687,223.99945536219457
2024-11-11 10:22:00,222.9550018310547,223.05999755859375,222.94000244140625,222.94500732421875,96405,223.15863571166992,223.56054656982423,,,,223.19277221398406,223.12643788003064,223.26494170075802,38.85113495616327,-0.13850382072737943,-0.15055659426218745,0.01205277353480802,0.21221290464151418,17.799390544171683,35.17245518246586,223.99011531910298
2024-11-11 10:23:00,222.94000244140625,223.14999389648438,222.82000732421875,223.0800018310547,130901,223.1616355895996,223.5219467163086,,,,223.1820321775146,223.11929387249586,223.25124245115038,43.94582272232054,-0.1319485786545158,-0.14683499114065313,0.014886412486137313,0.22082188658128654,17.96651557827543,23.995163702229508,223.97813494976586
2024-11-11 10:24:00,223.05999755859375,223.1699981689453,223.02999877929688,223.10760498046875,67656,223.16876602172852,223.48869873046874,,,,223.17494387303404,223.11749558141477,223.24060263850728,44.95570033722049,-0.12310705709251124,-0.14208940433102477,0.018982347238513525,0.21492379407504894,29.52312865878606,21.76301159374439,223.97260051297695
2024-11-11 10:25:00,223.11000061035156,223.1300048828125,222.9600067138672,222.96470642089844,75510,223.16650619506837,223.46379272460936,,,,223.15492125854493,223.09398955671998,223.22016588164738,40.852409179310406,-0.12617632492739972,-0.13890678845029977,0.012730463522900054,0.2116503722110673,34.442445360480384,27.31069653251396,223.96591514767601
2024-11-11 10:26:00,222.96499633789062,223.05499267578125,222.94000244140625,223.02000427246094,73145,223.15700607299806,223.4471908569336,,,,223.14207202177502,223.08260720529552,223.2053390957817,43.01979710060349,-0.12273189048619315,-0.13567180885747845,0.012939918371285303,0.20461750068957446,31.45748403895936,31.807686019408603,223.959438643326
2024-11-11 10:27:00,223.0050048828125,223.02000427246094,222.85000610351562,222.89999389648438,192331,223.1447555541992,223.42799072265626,,,,223.11901696222353,223.0545128500938,223.18272093287078,39.626077945340825,-0.12820808277697893,-0.13417906364137855,0.005970980864399622,0.20210198722975242,21.12854615986092,29.00949185310022,223.9413962483642
2024-11-11 10:28:00,222.9199981689453,222.92999267578125,222.83999633789062,222.85499572753906,78779,223.12700500488282,223.4094906616211,,,,223.09387208272975,223.0238179081623,223.15844499173508,38.40278357869831,-0.13462708357278075,-0.134268667627659,-0.00035841594512175945,0.19396619071992147,16.130100030838395,22.905376743219563,223.93384382975805
2024-11-11 10:29:00,222.85499572753906,222.8800048828125,222.7899932861328,222.80499267578125,106324,223.10775451660157,223.38579040527344,,,,223.06635975825844,222.990152487796,223.13226333870145,37.03460144846207,-0.1421108509054534,-0.13583710428321788,-0.00627374662223551,0.18643055819369317,7.072776288326637,14.777140826341986,223.9233453518236
2024-11-11 10:30:00,222.80999755859375,223.0157012939453,222.8000030517578,223.00999450683594,127400,223.09825439453124,223.36319030761717,,,,223.06099163907535,222.99320510610983,223.12320638819287,45.59281940895731,-0.13000128208304318,-0.13466993984318293,0.004668657760139749,0.18854991366146506,16.188344991959685,13.130407103708242,223.91233604508756
2024-11-11 10:31:00,223.0,223.00799560546875,222.88999938964844,222.9149932861328,88842,223.08000411987305,223.33869018554688,,,,223.0470870340332,222.98117251842106,223.10778319544767,42.69660406947503,-0.1266106770266049,-0.13305808727986734,0.006447410253262453,0.18359054891335785,21.428117308338546,14.896412862874959,223.90477089384717
2024-11-11 10:32:00,222.90499877929688,223.11000061035156,222.80999755859375,223.11000061035156,154965,223.06625442504884,223.31789031982422,,,,223.05307880320638,223.0009922248719,223.10794744840354,49.752544351126055,-0.10695522353162801,-0.1278375145302195,0.020882290998591485,0.19200433530867347,39.58293597812956,25.733132759475932,223.89281875588014
2024-11-11 10:33:00,223.10000610351562,223.18499755859375,223.0399932861328,223.15499877929688,106512,223.05075454711914,223.3011901855469,,,,223.06278546759597,223.02468554093727,223.11143273217343,51.24440280259663,-0.0867471912361566,-0.11961944987140691,0.03287225863525031,0.18861025136433165,48.213945124111056,36.40833280352639,223.88584853920148
2024-11-11 10:34:00,223.15499877929688,223.24000549316406,223.0500030517578,223.07000732421875,124040,223.04100494384767,223.28379028320313,,,,223.0634732634648,223.0316581229806,223.10836418343604,48.3259095973677,-0.07670606045545014,-0.11103677198821556,0.034330711532765415,0.1887107086622975,61.51485718613437,49.77057942945834,223.87781965160633
2024-11-11 10:35:00,223.07000732421875,223.24000549316406,223.02999877929688,223.24000549316406,85046,223.03877487182618,223.26793426513672,,,,223.0802858567695,223.06371156454728,223.11811539156403,53.9724654159865,-0.05440382701675617,-0.09971018299392367,0.045306355977167506,0.19024626074716836,75.80057147184866,61.843124594031366,223.87276818248182
2024-11-11 10:36:00,223.25999450683594,223.3975067138672,223.21499633789062,223.36000061035156,109266,223.05227966308593,223.25133422851562,,,,223.10692535711064,223.10929449467102,223.1360328151779,57.50249415620739,-0.026738320506893842,-0.08511581049651772,0.058377489989623874,0.18968884060723537,85.34998204374698,74.22180356724334,223.86778369722825
2024-11-11 10:37:00,223.35000610351562,223.49000549316406,223.3300018310547,223.4499969482422,95141,223.078279876709,223.2370343017578,,,,223.1395988419803,223.16171025675888,223.15928941762712,59.98144480097615,0.002420839131758612,-0.06760848057086245,0.07002931970262107,0.18755117512678185,96.03696183679256,85.7291717841294,223.86429513468792
2024-11-11 10:38:00,223.4550018310547,223.6999969482422,223.41000366210938,223.67999267578125,137994,223.10177917480468,223.22283416748047,,,,223.1910649213899,223.24144601353157,223.19786002934222,65.51730652640931,0.04358598418934889,-0.045369587618820185,0.08895557180816907,0.19492385942948376,95.30420755261132,92.23038381105027,223.86128256750504
2024-11-11 10:39:00,223.66000366210938,223.69000244140625,223.55459594726562,223.67999267578125,124264,223.12202911376954,223.21063415527342,,,,223.2376294694272,223.30891473080072,223.23357355870806,65.51730652640931,0.07534117209266356,-0.02122743567652344,0.09656860776918699,0.1906427526934815,96.62935584876197,95.99017507938862,223.85907741240837
2024-11-11 10:40:00,223.66000366210938,223.7100067138672,223.50999450683594,223.60009765625,87375,223.1450340270996,223.20303619384765,,,,223.27215024912462,223.35371210394675,223.26072349185932,62.058740347123326,0.09298861208742437,0.0016157738762661196,0.09137283821115826,0.1913163630859144,94.55233732011732,95.49530024049687,223.85730915565566
2024-11-11 10:41:00,223.6175994873047,223.72000122070312,223.58999633789062,223.6300048828125,67296,223.17886962890626,223.197236328125,,,,223.3062316428092,223.3962186853107,223.28807766896696,62.84932411197679,0.10814101634375106,0.02292082236976311,0.08522019397398795,0.1869104688895696,92.0594439316542,94.41371236684449,223.85617857050656
2024-11-11 10:42:00,223.63999938964844,223.64500427246094,223.42999267578125,223.44500732421875,93000,223.20386962890626,223.19193634033203,,,,223.31944837437203,223.4037246297581,223.2997020878745,55.188751161779535,0.10402254188360871,0.03914116627253223,0.06488137561107649,0.1889289668861129,82.93587024764345,89.84921716647166,223.85360519346952
2024-11-11 10:43:00,223.44500732421875,223.4600067138672,223.29730224609375,223.30499267578125,82292,223.2151191711426,223.18363616943358,,,,223.3180716411729,223.38853509837705,223.300093983275,50.20141376572814,0.08844111510205721,0.04900115603843723,0.03943995906361998,0.1870460221908572,71.8814529495473,82.29225570961499,223.8503719593879
2024-11-11 10:44:00,223.3199005126953,223.3199005126953,223.13999938964844,223.19000244140625,72739,223.21923904418946,223.17423614501953,,,,223.30587457452847,223.35799161268923,223.29193905424768,46.48595767295274,0.06605255844155522,0.05241143651906083,0.013641121922494392,0.18653320241917642,55.693304049536614,70.17020908224247,223.84676667734323
2024-11-11 10:45:00,223.19000244140625,223.19000244140625,223.10000610351562,223.1739959716797,66627,223.2297035217285,223.16831604003906,,,,223.2933147075905,223.32968459099544,223.28320252961302,45.97586930860094,0.04648206138242017,0.0512255614917327,-0.004743500109312529,0.17960673577292485,45.549520232178004,57.70809241042065,223.84317891837446
2024-11-11 10:46:00,223.17999267578125,223.24000549316406,223.11000061035156,223.1300048828125,58579,223.2352035522461,223.16271606445312,,,,223.277761390945,223.29896463589037,223.27185455577595,44.52967387296293,0.027110080114425728,0.04640246521627131,-0.019292385101845583,0.17604897185179116,32.08395394461024,44.44225940877496,223.84007932818332
2024-11-11 10:47:00,223.1199951171875,223.14999389648438,223.0399932861328,223.0998992919922,67758,223.24519882202148,223.15811218261717,,,,223.26082214342568,223.26833919836758,223.25911712882902,43.52074515060436,0.009222069538566302,0.03896638608073031,-0.029744316542164008,0.17131296922559378,21.541241597908044,33.058238591565434,223.83619809592366
2024-11-11 10:48:00,223.08999633789062,223.11000061035156,223.0399932861328,223.09030151367188,45791,223.25696411132813,223.15592010498048,,,,223.24458208344913,223.24094878533745,223.246612268447,43.18481400703358,-0.005663483109543677,0.030040412242675514,-0.03570389535221919,0.1640508484812204,11.12118531623175,21.582126952916685,223.83353990224637
2024-11-11 10:49:00,223.10000610351562,223.1699981689453,223.0399932861328,223.0800018310547,92288,223.2707145690918,223.16212005615233,,,,223.2289077736973,223.21618771544777,223.2342707545661,42.80298770542518,-0.01808303911832354,0.020415721970475705,-0.038498761088799245,0.16161088112834296,8.251169978523034,13.637865630887616,223.82835547902783
2024-11-11 10:50:00,223.07000732421875,223.14999389648438,223.07000732421875,223.08999633789062,81448,223.27471466064452,223.16448608398437,,,,223.2156781131443,223.19677365736206,223.22358376073828,43.326631575577146,-0.026810103376220695,0.010970556901136425,-0.03778066027735712,0.1557625170384224,7.325446952033361,8.899267415596054,223.8238813863599
2024-11-11 10:51:00,223.09750366210938,223.1300048828125,223.0500030517578,223.0800018310547,73405,223.28296508789063,223.16818603515625,,,,223.20275656246912,223.17880876100708,223.21294806224319,42.90363056219933,-0.03413930123610953,0.0019485852736872344,-0.03608788650979677,0.15033548078860404,6.373461984367399,7.316692971641269,223.81980400023036
2024-11-11 10:52:00,223.07000732421875,223.0800018310547,222.9600067138672,223.01010131835938,127491,223.27797012329103,223.16998809814453,,,,223.18440844398248,223.15285376983053,223.19792237751105,39.96484252797581,-0.04506860768051979,-0.007454853317154171,-0.03761375436336562,0.14816252732769392,6.609429342548143,6.769446092982972,223.81216279747485
2024-11-11 10:53:00,223.00999450683594,223.08749389648438,223.0,223.0449981689453,76868,223.27247009277343,223.1704879760742,,,,223.1711312749313,223.13626060046357,223.18659465835805,42.097220494605324,-0.05033405789447443,-0.01603069423261822,-0.034303363661856205,0.14381831499649828,7.886050296633502,6.956313874516353,223.80778219321837
2024-11-11 10:54:00,223.04989624023438,223.05999755859375,222.97000122070312,222.97999572753906,102860,223.26796951293946,223.17078796386718,,,,223.15292788946536,223.11221985078288,223.17129103385295,39.297277954985915,-0.059071183070074085,-0.024638792000109395,-0.03443239106996469,0.13996504330969287,6.801587460932528,7.099022366704729,223.8016886255785
2024-11-11 10:55:00,222.97000122070312,223.02999877929688,222.94000244140625,223.02999877929688,98993,223.2574691772461,223.1711898803711,,,,223.14122035516363,223.09957045516964,223.16082494092288,42.46729789588576,-0.06125448575323844,-0.03196193075073521,-0.02929255500250323,0.13638822632683634,8.859574752258405,7.84907083660815,223.79588657709857
2024-11-11 10:56:00,223.02000427246094,223.05999755859375,222.97999572753906,222.99879455566406,65465,223.23940887451172,223.16696563720703,,,,223.12765599330652,223.08406647063032,223.14882269016297,41.027407428676185,-0.06475621953265431,-0.038520788507119035,-0.02623543102553528,0.132352639487814,8.900546719009425,8.187236310733459,223.792157127159
2024-11-11 10:57:00,223.0,223.0500030517578,222.97000122070312,223.03500366210938,79428,223.2186592102051,223.164765625,,,,223.11883196176393,223.07651834624247,223.1403916510479,43.42453988289447,-0.06387330480544051,-0.043591291766783336,-0.020282013038657176,0.12860641115174823,16.359505576040707,11.373209015769518,223.7877107214552
2024-11-11 10:58:00,223.02999877929688,223.08999633789062,222.9210968017578,222.9575958251953,152187,223.1825393676758,223.15971740722657,,,,223.10347613923358,223.05822257377366,223.12685121950327,39.70852555597679,-0.06862864572960348,-0.04859876255934737,-0.020029883170256106,0.13148941147148896,15.919362653611943,13.726471649554028,223.77901910775276
2024-11-11 10:59:00,222.9600067138672,222.9600067138672,222.7449951171875,222.75,233834,223.13603973388672,223.15091735839843,,,,223.06981174502087,223.01080371627003,223.0989363143549,31.83941566568771,-0.08813259808485441,-0.056505529664448786,-0.03162706842040562,0.13746475064710495,12.487690426400476,14.922186218684379,223.76320947302932
2024-11-11 11:00:00,222.7550048828125,222.97000122070312,222.75,222.9600067138672,79273,223.1040351867676,223.14611755371095,,,,223.05935412300624,223.00298879282343,223.08864523283728,43.94201323904191,-0.08565644001384953,-0.06233571173432893,-0.0233207282795206,0.14336890050235768,21.015547657773194,16.474200245928543,223.75838335122603
2024-11-11 11:01:00,222.92999267578125,223.16000366210938,222.92999267578125,223.16000366210938,104370,223.0805351257324,223.14371765136718,,,,223.06893979339702,223.02714492655974,223.09393104241298,52.57779913352135,-0.06678611585323324,-0.0632257925581098,-0.0035603232951234437,0.1495660884700271,49.75001170520929,27.751083263127658,223.75348818172841
2024-11-11 11:02:00,223.14999389648438,223.22000122070312,223.0399932861328,223.07000732421875,94540,223.06178512573243,223.13741790771485,,,,223.06904146299908,223.03373914158422,223.09215891513932,48.92534775625199,-0.05841977355510153,-0.06226458875750815,0.0038448152024066207,0.1517432683611336,72.22057073556597,47.66204336618282,223.7492889630891
2024-11-11 11:03:00,223.07000732421875,223.2010040283203,223.06500244140625,223.2010040283203,36101,223.05658569335938,223.13213806152345,,,,223.081609326363,223.05947220108206,223.10022151611568,53.94088900123532,-0.040749315033622224,-0.05796153401273097,0.017212218979108747,0.15061753628292568,87.35725134011368,69.77594459362966,223.7478133967912
2024-11-11 11:04:00,223.2100067138672,223.3300018310547,223.2100067138672,223.27000427246094,61120,223.06058578491212,223.13223815917968,,,,223.09955170218188,223.09186175052497,223.1127980165857,56.37119334949737,-0.020936266060743947,-0.050556480422333565,0.029620214361589618,0.14907157835481555,84.72250352767723,81.43344186778563,223.7458110200458
2024-11-11 11:05:00,223.26119995117188,223.2799072265625,223.1699981689453,223.18499755859375,65887,223.0611358642578,223.1302459716797,,,,223.10768940279254,223.1061903363817,223.11814613080853,52.68308560709508,-0.01195579442682515,-0.04283634322323188,0.030880548796406733,0.14627141092856089,86.98599886577752,86.35525124452282,223.74340867638549
2024-11-11 11:06:00,223.1802978515625,223.1999969482422,223.0800018310547,223.0800018310547,69469,223.05863571166992,223.13004791259766,,,,223.10505249119848,223.10216133556216,223.11532062712305,48.465336999038904,-0.013159291560896236,-0.03690093289076476,0.023741641329868522,0.144392760714548,74.07426728222784,81.9275898918942,223.74046656071027
2024-11-11 11:07:00,223.07080078125,223.1999969482422,223.05999755859375,223.1699981689453,43669,223.06214065551757,223.13484802246094,,,,223.111237793841,223.11259777146728,223.11937081540617,52.011696646985115,-0.006773043938892442,-0.030875355100390297,0.024102311161497855,0.14407867338609862,68.37597920307432,76.4787484503599,223.7387002961477
2024-11-11 11:08:00,223.1699981689453,223.35000610351562,223.1699981689453,223.2100067138672,144876,223.06812591552733,223.13484802246094,,,,223.12064435765302,223.12758376260572,223.12608458566257,53.542269237053716,0.0014991769431560442,-0.02440044869168103,0.025899625634837074,0.1466471382118065,68.92491116039965,70.45838588190061,223.7338864880575
2024-11-11 11:09:00,223.18499755859375,223.19000244140625,223.1199951171875,223.16009521484375,36872,223.0721305847168,223.13255004882814,,,,223.12440158214736,223.1325855244885,223.12860389152786,51.34225245330388,0.003981632960631032,-0.01872403236121862,0.02270566532184965,0.14259868482901566,72.70654208132245,70.0024774815988,223.73246248679322
2024-11-11 11:10:00,223.1616973876953,223.1699981689453,223.0500030517578,223.0500030517578,75264,223.07013092041015,223.1307501220703,,,,223.11731600782454,223.11988052868378,223.12278160710042,46.776643123370434,-0.002901078416641667,-0.01555944157230323,0.012658363155661562,0.14098301121861959,65.29466162253048,68.97537162141754,223.72924328490114
2024-11-11 11:11:00,223.0399932861328,223.0500030517578,222.90499877929688,223.02999877929688,148355,223.06763076782227,223.13228424072267,223.36736526489258,,,223.10900008129812,223.10605256723963,223.1159088050409,45.97660303479648,-0.009856237801272982,-0.014418800818097181,0.004562563016824199,0.14127043133332043,55.37704918032787,64.45941762806028,223.72206223801697
2024-11-11 11:12:00,223.02000427246094,223.02000427246094,222.9199981689453,222.92999267578125,64205,223.06362533569336,223.1319839477539,223.34626525878906,,,223.09195175696317,223.07896643009218,223.10213723991058,42.099984547800766,-0.02317080981839581,-0.016169202618156908,-0.007001607200238902,0.1390355212674953,42.69945355191257,54.45705478492365,223.7188362178079
2024-11-11 11:13:00,222.92999267578125,223.0850067138672,222.9199981689453,223.0800018310547,53660,223.06537551879882,223.1319839477539,223.32696533203125,,,223.09081366878144,223.07912572254793,223.10049757999533,49.04085948222574,-0.021371857447405773,-0.01720973358400668,-0.004162123863399092,0.1408917795251453,44.228162392485366,47.43488837490861,223.71641240559353
2024-11-11 11:14:00,223.0800018310547,223.08009338378906,222.99000549316406,222.99000549316406,48990,223.06587600708008,223.12963195800782,223.3091653442383,,,223.08121289015122,223.06541491802733,223.0923129809708,45.515626536815,-0.026898062943473633,-0.019147399455900074,-0.007750663487573559,0.13726103728704553,34.89320573653112,40.60694056030969,223.714187831465
2024-11-11 11:15:00,223.00999450683594,223.00999450683594,222.8300018310547,222.86000061035156,71335,223.0573760986328,223.12753784179688,223.29566528320314,,,223.06014505397982,223.03381271684643,223.07510465722123,40.93766324167031,-0.04129194037480488,-0.023576307639681035,-0.017715632735123846,0.14031477563900216,26.623670745010234,35.248346291342244,223.71041812965012
2024-11-11 11:16:00,222.860107421875,222.877197265625,222.75999450683594,222.77999877929688,30791,223.04643630981445,223.1227377319336,223.2849642944336,,,223.03346445639096,222.9947644187619,223.05324496256014,38.37945700524603,-0.05848054379825385,-0.030557154871395598,-0.02792338892685825,0.13866317478989568,9.42058485287638,23.645820444805917,223.70861372178442
2024-11-11 11:17:00,222.7716064453125,222.77920532226562,222.7200927734375,222.75,109036,223.03218612670898,223.11973785400392,223.2738642883301,,,223.0064678414966,222.95710835433698,223.03078237274087,37.434795308951536,-0.0736740184038922,-0.03918052757789492,-0.034493490825997286,0.13303531335222116,4.6357562057677315,13.560003934551453,223.70188898853723
2024-11-11 11:18:00,222.78500366210938,222.8101043701172,222.7761993408203,222.8000030517578,34947,223.0243064880371,223.1186380004883,223.2640643310547,,,222.98680452818815,222.93293830778634,223.01368760822362,40.08214521924557,-0.0807493004372759,-0.04749428214977111,-0.033255018287504795,0.12782394015065773,6.941412125979724,6.999251061541283,223.6998559960292
2024-11-11 11:20:00,222.8699951171875,222.9447021484375,222.8699951171875,222.93299865722656,112655,223.03345642089843,223.12119812011719,223.2534942626953,,,222.98168015952515,222.9329475923156,223.0077106488905,46.559190980014,-0.07476305657490911,-0.052948037034798716,-0.0218150195401104,0.12902974249941868,17.07766096603847,9.551609765928646,223.6942287655008
2024-11-11 11:22:00,222.99009704589844,223.02960205078125,222.97999572753906,223.02960205078125,71683,223.03693618774415,223.12159027099608,223.24239028930663,,,222.98624414916858,222.94781750900262,223.00933223421575,50.725776265337345,-0.061514725213129395,-0.054661374670464856,-0.006853350542664539,0.12671280031043183,31.87345574342329,18.630842945147165,223.6911317783421
2024-11-11 11:23:00,222.9949951171875,222.9949951171875,222.9600067138672,222.9600067138672,35058,223.02693634033204,223.12249053955077,223.23059036254884,,,222.98374534580654,222.94969277128948,223.0056784919677,47.83241915209346,-0.055985720678222606,-0.05492624387201641,-0.0010594768062061957,0.12263171487973804,40.340422783133896,29.76384649753189,223.68953551976176
2024-11-11 11:24:00,222.86219787597656,222.8800048828125,222.8607940673828,222.8699951171875,78755,223.01693572998047,223.1176904296875,223.21779037475585,,,222.97291199069997,222.93743159373534,222.9956278716136,44.31197505021231,-0.058196277878266756,-0.05558025067326648,-0.0026160272050002736,0.1209584420529976,39.707426867162624,37.30710179790661,223.68547244766611
2024-11-11 11:25:00,222.8699951171875,222.8699951171875,222.75999450683594,222.7899932861328,64270,222.9963851928711,223.1103903198242,223.20579025268555,,,222.9554911616936,222.9147487771811,222.9803956800965,41.395775273787464,-0.06564690291540387,-0.057593581121693965,-0.008053321793709906,0.12017553027464599,28.507925955875617,36.18525853539072,223.68193003802722
2024-11-11 11:27:00,222.80999755859375,222.8762969970703,222.8000030517578,222.8000030517578,207262,222.97288513183594,223.104990234375,223.19439025878907,,,222.94068277027117,222.89709558865445,222.96703326318254,41.91088481128382,-0.06993767452809152,-0.06006239980297348,-0.009875274725118038,0.11775551324861169,23.111783500063723,30.44237877436733,223.67093920669313
2024-11-11 11:28:00,222.82000732421875,222.82000732421875,222.8000030517578,222.80050659179688,1246,222.9536605834961,223.09620025634766,223.1820672607422,,,222.9273326580355,222.88223574298405,222.954697954191,41.938532158127536,-0.07246221120695395,-0.06254236208376958,-0.009919849123184374,0.11077167028257295,19.823827518875174,23.81451232493818,223.6708725514463
2024-11-11 11:29:00,222.77000427246094,222.78500366210938,222.76060485839844,222.78500366210938,83631,222.93891067504882,223.0847003173828,223.1680172729492,,,222.91377751556635,222.867276961311,222.9421280066294,41.28699908151667,-0.0748510453183826,-0.06500409873069218,-0.00984694658769042,0.10570844707502414,20.574256045717473,21.169955688218796,223.6662677053114
2024-11-11 11:30:00,222.72999572753906,222.7799072265625,222.6999969482422,222.6999969482422,42023,222.91541061401367,223.06970031738283,223.1533673095703,,,222.89341746153548,222.84154157468504,222.92419237267478,37.817694530226234,-0.08265079798974284,-0.06853343858250233,-0.014117359407240515,0.10422945758909895,13.27479266847864,17.890958744357103,223.66384203027604
2024-11-11 11:32:00,222.77000427246094,222.88999938964844,222.73500061035156,222.8699951171875,156615,222.89841003417968,223.05350036621093,223.1381672668457,,,222.89118676207377,222.84591904276235,222.92017776115722,47.346380939095006,-0.07425871839487286,-0.06967849454497643,-0.004580223849896425,0.11035723137641196,23.121438358335066,18.9901623575104,223.6559119510364
2024-11-11 11:33:00,222.86000061035156,222.88999938964844,222.83999633789062,222.83999633789062,36449,222.88240509033204,223.0367004394531,223.12366729736328,,,222.88631148358013,222.84500785739746,222.9142383964708,46.006610247824185,-0.0692305390733452,-0.06958890345065019,0.0003583643773049927,0.10604547886311479,31.35040044442387,22.582210490412532,223.65414333518856
2024-11-11 11:36:00,222.8800048828125,222.91000366210938,222.86000061035156,222.90499877929688,188908,222.875154876709,223.02279846191405,223.11291732788087,,,222.88809122602933,222.85423722999735,222.91355398038385,49.35106100585726,-0.059316750386500416,-0.06753447283782024,0.008217722451319825,0.10347091483984235,52.082465317963674,35.51810137357421,223.64549783294692
2024-11-11 11:37:00,222.94239807128906,222.99850463867188,222.9199981689453,222.99850463867188,57568,222.87358016967772,223.01016845703126,223.10370239257813,,,222.89860678913814,222.87643221594726,222.91984662173854,53.78566423147737,-0.04341440579128175,-0.06271045942851255,0.019296053637230803,0.10275901986130002,65.07877721710415,49.503880993163904,223.64317981614272
2024-11-11 11:38:00,222.97999572753906,223.02000427246094,222.9600067138672,222.96310424804688,44179,222.875235748291,223.0005303955078,223.09623336791992,,,222.9047494042723,222.88976637473183,222.92305089035398,51.931825641055084,-0.03328451562214241,-0.056825270667238525,0.023540755045096118,0.09970421018363597,77.52881811027267,64.89668688178017,223.64143465189
2024-11-11 11:40:00,222.9600067138672,222.966796875,222.95010375976562,222.96499633789062,131754,222.8694854736328,222.99373046875,223.08868331909179,,,222.91048720747406,222.9013402152178,222.92615796054187,52.02700014947293,-0.02481774532407144,-0.05042376559860511,0.025606020274533674,0.09377408991913476,83.59643843649214,75.40134458795633,223.63612514452205
2024-11-11 11:41:00,222.97000122070312,223.02499389648438,222.97000122070312,222.98989868164062,51220,222.86948013305664,222.98972839355469,223.0819822692871,,,222.9180502050137,222.91496459466748,222.9308794954381,53.33655286391207,-0.01591490077061053,-0.0435219926330062,0.02760709186239567,0.09136119477503847,83.14181155237918,81.422356033048,223.63418711216914
2024-11-11 11:42:00,222.97999572753906,222.97999572753906,222.8699951171875,222.89999389648438,64428,222.8714797973633,222.98424835205077,223.07628219604493,,,222.91633055658235,222.91266141033162,222.92859167329337,48.218901592994555,-0.01593026296174571,-0.038003646698754105,0.022073383737008394,0.09340015969632136,77.0461756453201,81.26147521139715,223.63146930558312
2024-11-11 11:45:00,222.85000610351562,222.9600067138672,222.83999633789062,222.95680236816406,722612,222.88031997680665,222.9807843017578,223.07175018310548,,,222.92018501482823,222.91945232692123,222.9306813543949,51.39258260193031,-0.011229027473660835,-0.032648722853735455,0.02141969538007462,0.09530108354780804,76.58575519977464,78.92458079915798,223.60243251849764
2024-11-11 11:46:00,223.01010131835938,223.1387939453125,222.89999389648438,222.9250030517578,172517,222.88907012939453,222.97728637695312,223.06769927978516,,,222.9206438754882,222.9203062845884,222.93026073938475,49.56142729035481,-0.00995445479634327,-0.02810986924225702,0.01815541444591375,0.10555198166215689,63.94461478651058,72.52551521053512,223.59651161192477
2024-11-11 11:47:00,222.9250030517578,223.02000427246094,222.9199981689453,222.96499633789062,52261,222.89731979370117,222.9747802734375,223.06535018920897,,,222.92486791952652,222.92718167740412,222.93283374668147,51.88348440712398,-0.005652069277346072,-0.02361830924927483,0.017966239971928758,0.10515581262610661,63.562665433468716,68.03101180658466,223.59468339394456
2024-11-11 11:48:00,222.9698944091797,222.99620056152344,222.91000366210938,222.94009399414062,28125,222.89767456054688,222.97198211669922,223.06705108642578,,,222.9263180218707,222.92916818767128,222.93337154278956,50.32976417230113,-0.004203355118278296,-0.019735318423075524,0.015531963304797228,0.10380149380932184,55.462438131005776,60.98990611699503,223.59367331144495
2024-11-11 11:49:00,222.94000244140625,222.98989868164062,222.9199981689453,222.94850158691406,34431,222.89361953735352,222.96915222167968,223.06681915283204,,,222.92843074235103,222.93214255678555,222.9344922867988,50.86476304815519,-0.0023497300132362398,-0.01625820074110767,0.013908470727871429,0.10137981130235259,57.24751075100556,58.75753810516002,223.59244875464796
2024-11-11 11:50:00,222.92999267578125,222.97000122070312,222.91000366210938,222.97000122070312,27516,222.8941192626953,222.96695220947265,223.06756912231447,,,222.9323898355274,222.93796696661903,222.9371225781991,52.280227888588215,0.0008443884199209606,-0.012837682908901945,0.013682071328822905,0.09842372771135649,56.516172994197596,56.40870729206966,223.59146922742963
2024-11-11 11:51:00,222.9698944091797,222.97000122070312,222.94000244140625,222.96499633789062,22043,222.89886932373048,222.9660501098633,223.0680191040039,,,222.93549521670485,222.94212533143005,222.9391873011392,51.90537068394099,0.0029380302908350586,-0.009682540268954544,0.012620570559789603,0.093535911428413,52.22191476145738,55.32853283555352,223.5906968464056
2024-11-11 11:52:00,222.97000122070312,222.99090576171875,222.9600067138672,222.9600067138672,42959,222.9073699951172,222.96435028076172,223.06741912841798,,,222.93782964500602,222.94487631334346,222.9407294798598,51.50884729107369,0.004146833483645196,-0.006916665518434596,0.011063499002079792,0.08906157776568221,46.732337811796356,51.82347518915045,223.5892253746769
2024-11-11 11:53:00,222.96530151367188,223.02000427246094,222.86000061035156,222.86500549316406,46870,222.9106201171875,222.9620504760742,223.0664192199707,,,222.9308940114973,222.93258849485431,222.93512029566014,44.53317287124584,-0.0025318008058263786,-0.006039692575912953,0.0035078917700865743,0.09412915554151965,30.122901984815982,43.02571818602325,223.58748513900503
2024-11-11 11:54:00,222.8699951171875,222.8699951171875,222.66000366210938,222.7100067138672,224961,222.906095123291,222.95565063476562,223.06342025756837,,,222.90985712600872,222.89834514393323,222.91844521552736,35.97328230114493,-0.020100071594129076,-0.008851768379556178,-0.011248303214572899,0.1024054678643018,19.65933040597785,32.17152340086341,223.57719617631983
2024-11-11 11:55:00,222.71499633789062,222.8300018310547,222.6699981689453,222.77000427246094,91684,222.90534515380858,222.95107482910157,223.05902023315429,,,222.8965378066232,222.87860039447594,222.90744959011505,40.72292888180509,-0.028849195639111258,-0.012851253831467194,-0.015997941807644064,0.10651982483773476,13.929416712319322,21.237216367704395,223.57312434729695
2024-11-11 11:56:00,222.75999450683594,222.7899932861328,222.68499755859375,222.72000122070312,62296,222.90634536743164,222.94477478027343,223.05477020263672,,,222.87972479844032,222.8542005215878,222.89356452571417,38.18082671931066,-0.03936400412635521,-0.018153803890444797,-0.021210200235910415,0.10641095582489399,15.31646376442093,16.301736960906045,223.57029664006893
2024-11-11 11:57:00,222.72999572753906,222.7449951171875,222.68499755859375,222.72000122070312,51126,222.89884567260742,222.9400228881836,223.04987014770506,,,222.864513029132,222.83355447529786,222.88070798460222,38.18082671931066,-0.04715350930436557,-0.023953744973228955,-0.023199764331136616,0.10309557403686444,16.012280366286358,15.086053614342214,223.56794886200754
2024-11-11 11:58:00,222.72000122070312,222.80999755859375,222.7100067138672,222.77499389648438,117187,222.8955955505371,222.94052276611328,223.04572006225587,,,222.8559873974513,222.8245451554804,222.87287731140833,42.739970311901956,-0.04833215592793749,-0.028829427164170664,-0.019502728763766828,0.10287379901562194,16.359657509507723,15.89613388007168,223.5629186888065
2024-11-11 11:59:00,222.77499389648438,222.83999633789062,222.74000549316406,222.7799072265625,34967,222.88934097290038,222.93692077636717,223.04151916503906,,,222.84874166689045,222.8176777818007,222.8659906384568,43.143426640943176,-0.048312856656082204,-0.03272611306255298,-0.015586743593529226,0.10266786625783907,20.5303078590095,17.634081911601204,223.5614703095224
2024-11-11 12:00:00,222.77999877929688,222.82000732421875,222.72000122070312,222.74000549316406,47268,222.876416015625,222.92852081298827,223.03611923217773,,,222.83838584082127,222.80572819893354,222.85665840547213,40.63910773168152,-0.05093020653859526,-0.036366931757761435,-0.014563274780833822,0.10247773395938672,23.760848007539376,20.21693779201888,223.55945397596346
2024-11-11 12:01:00,222.7592010498047,222.85000610351562,222.7592010498047,222.8300018310547,40203,222.8697608947754,222.923720703125,223.03056930541993,,,222.83758736370064,222.80946260387526,222.85468384440418,47.9742879468405,-0.045221240528917406,-0.03813779351199263,-0.007083447016924774,0.10301509903850771,31.495783493897765,25.26231312014889,223.55786028939076
2024-11-11 12:02:00,222.8350067138672,222.875,222.80999755859375,222.8300018310547,39140,222.8630111694336,222.91630065917968,223.02421936035157,,,222.83686493202006,222.81262248497978,222.85285554711902,47.9742879468405,-0.04023306213923661,-0.03855684723744143,-0.0016762149017951755,0.10029983054428444,38.88865341414827,31.381761638528484,223.55636767334187
2024-11-11 12:03:00,222.8300018310547,222.8300018310547,222.75999450683594,222.78990173339844,40147,222.85301132202147,222.90669860839844,223.01946838378908,,,222.83239224643705,222.8091269847365,222.84819230165823,45.09472815571466,-0.03906531692172166,-0.038658541174297484,-0.0004067757474241762,0.09813602188296765,43.508667825202394,37.96436824441616,223.55474745517196
2024-11-11 12:04:00,222.77499389648438,222.85450744628906,222.77099609375,222.7899932861328,34085,222.8475112915039,222.89879852294922,223.01452224731446,,,222.82835425021761,222.80618333879747,222.84388126347116,45.10282989183207,-0.037697924673693706,-0.03846641787417673,0.0007684932004830211,0.0970913765490064,39.804179205696606,40.73383348168244,223.55339862539398
2024-11-11 12:05:00,222.7801055908203,222.8300018310547,222.7700958251953,222.7700958251953,44704,222.83817596435546,222.89260040283204,223.01132415771485,,,222.8228058287869,222.8006314136279,222.83841567545073,43.597148253356316,-0.03778426182282146,-0.03832998666390568,0.0005457248410842136,0.09443521703139279,34.25733621554416,39.19006108214773,223.5516013604477
2024-11-11 12:06:00,222.78500366210938,222.8000030517578,222.75,222.75819396972656,32757,222.8298355102539,222.88436431884764,223.0096061706543,,,222.8166523184002,222.79410257610465,222.83247332687858,42.679346634154534,-0.038370750773935924,-0.03833813948591173,-3.2611288024196605e-05,0.09126142258079213,31.321437149436978,35.12765085689259,223.5502541803746
2024-11-11 12:07:00,222.7799072265625,222.7899932861328,222.6699981689453,222.68809509277344,98255,222.81599044799805,222.87392608642577,223.00438705444336,,,222.8044087731024,222.77779373251522,222.82177864287078,37.6517852518329,-0.043984910355561624,-0.03946749365984171,-0.0045174166957199155,0.09331387038795934,23.640716009932294,29.73982979163782,223.54596669510866
2024-11-11 12:08:00,222.6824951171875,222.8000030517578,222.6699981689453,222.77499389648438,91968,222.80773544311523,222.86622406005858,222.99938705444336,,,222.80160735628166,222.77736298851048,222.81831310610144,46.12442867076901,-0.040950117590966784,-0.03976401844606672,-0.0011860991449000602,0.09593470566306582,30.519338021354937,28.49383039357475,223.5421479442219
2024-11-11 12:09:00,222.77499389648438,222.77999877929688,222.68499755859375,222.69869995117188,41550,222.7952453613281,222.85919799804688,222.99497406005858,,,222.7918066510331,222.76526098276605,222.80945287240294,40.8728402342734,-0.0441918896368918,-0.040649592684231746,-0.0035422969526600553,0.09586802701604424,26.094573060681995,26.751542363989756,223.54037615643327
2024-11-11 12:10:00,222.71499633789062,222.74000549316406,222.66000366210938,222.69000244140625,58402,222.78124542236327,222.85239807128906,222.99234115600586,223.1957095336914,,222.782111012021,222.75368274563377,222.8006046923291,40.30939015276215,-0.04692194669533478,-0.041904063486452356,-0.005017883208882426,0.094734709156304,26.390291063994038,27.668067382010335,223.5378243649462
2024-11-11 12:11:00,222.69500732421875,222.6999969482422,222.5500030517578,222.5500030517578,102427,222.76049575805663,222.84479827880858,222.98839111328124,223.17910959879558,,222.7600054919959,222.7223474081144,222.78204160784236,32.534696452400844,-0.05969419972797141,-0.04546209073475617,-0.01423210899321524,0.09868185265765482,9.317967530933622,20.60094388520323,223.53287596942323
2024-11-11 12:12:00,222.55999755859375,222.57000732421875,222.47999572753906,222.5,106213,222.73749542236328,222.8331982421875,222.9825910949707,223.16237630208335,,222.73524306418676,222.6881401145583,222.76114963689105,30.287719167577308,-0.07300952233273961,-0.05097157705435286,-0.022037945278386747,0.09806254010811469,6.339158755241943,14.01580578338988,223.5273460404512
2024-11-11 12:13:00,222.50999450683594,222.52000427246094,222.4199981689453,222.49380493164062,99985,222.71893539428712,222.82327423095703,222.97645309448242,223.1472016398112,,222.71224895632523,222.65824239410944,222.74134632539102,30.011172038090503,-0.08310393128158466,-0.05739804789979923,-0.025705883381785435,0.09820136784572996,7.095173081659067,7.5840997892782225,223.52199768525318
2024-11-11 12:14:00,222.49009704589844,222.50999450683594,222.39999389648438,222.50999450683594,63620,222.70893478393555,222.81627410888672,222.9719059753418,223.13586822509765,,222.69298662780244,222.6354350268366,222.7242091536462,31.764593830360337,-0.08877412680959651,-0.06367326368175869,-0.025100863127837825,0.09904418091587494,14.814414970512265,9.416248935804438,223.51860794420097
2024-11-11 12:15:00,222.52000427246094,222.52000427246094,222.36000061035156,222.3800048828125,49532,222.68943481445314,222.80827423095704,222.96550598144532,223.12606760660807,,222.66317884256532,222.59613808160213,222.69871254099183,26.108704321815758,-0.10257445938970022,-0.071453502823347,-0.03112095656635322,0.10339847770930612,14.42108542243023,12.110224491533865,223.51585010005078
2024-11-11 12:16:00,222.375,222.375,222.27999877929688,222.3000030517578,90192,222.66843490600587,222.7992742919922,222.95950607299804,223.1156676228841,,222.62859067201222,222.55057884624148,222.66917850475227,23.352752565710915,-0.11859965851078869,-0.08088273396083534,-0.037716924549953346,0.10315616277945094,10.174678083354422,13.136726158765653,223.51040117074885
2024-11-11 12:17:00,222.30999755859375,222.3300018310547,222.25999450683594,222.2675018310547,88822,222.64580993652345,222.78862426757811,222.9536311340332,223.10558430989585,,222.5942012585877,222.50702853621274,222.63942467707096,22.321887925113643,-0.13239614085821927,-0.09118541534031213,-0.04121072551790714,0.10078836602642653,2.876359145068445,9.157374216951043,223.5049382660022
2024-11-11 12:18:00,222.25999450683594,222.2899932861328,222.17999267578125,222.1999969482422,154905,222.61706008911133,222.77396423339843,222.9475811767578,223.09365091959634,,222.55665799093575,222.45979290729417,222.6068744749355,20.315935666680296,-0.1470815676413224,-0.1023646458005142,-0.04471692184080821,0.10144638930255188,2.6074283711288997,5.2194885331839345,223.49504417794674
2024-11-11 12:19:00,222.1999969482422,222.2899932861328,222.13999938964844,222.27999877929688,67568,222.59206466674806,222.75897216796875,222.94028121948242,223.08125091552733,,222.5303094945892,222.43213227221764,222.58266146044377,28.51482588708266,-0.15052918822613037,-0.11199755428563744,-0.03853163394049293,0.1049140968881252,8.517405640072296,4.667064385423225,223.4908209235639
2024-11-11 12:20:00,222.2899932861328,222.41000366210938,222.2899932861328,222.3300018310547,61796,222.5715644836426,222.7463720703125,222.93443130493165,223.06918426513673,,222.51123257425257,222.4164198966541,222.56394593234086,33.145014274914864,-0.14752603568675227,-0.11910325056586042,-0.028422785120891844,0.10670630956079548,17.69251234379524,9.605782118332156,223.48730959251554
2024-11-11 12:21:00,222.3249969482422,222.35499572753906,222.24000549316406,222.3300018310547,63547,222.54656448364258,222.73557220458986,222.92663131713869,223.0570509847005,,222.49397250347184,222.4031248096388,222.54661673965302,33.14501427491486,-0.14349193001422123,-0.12398098645553259,-0.01951094355868864,0.10729802266945296,26.26269632095683,17.490871434941468,223.48361132314676
2024-11-11 12:22:00,222.30499267578125,222.3699951171875,222.24000549316406,222.33689880371094,96195,222.52190933227538,222.7265103149414,222.91845031738282,223.0460302734375,,222.4790131034946,222.39293619334222,222.53108207773138,33.83061480045895,-0.13814588438916076,-0.12681396604225822,-0.01133191834690253,0.10891886200370193,29.44724690444455,24.46748518973222,223.47809145516737
2024-11-11 12:23:00,222.33999633789062,222.38999938964844,222.1999969482422,222.218994140625,78033,222.4933639526367,222.71489013671874,222.90994018554687,223.03455688476564,,222.4542493927451,222.36617587753958,222.50796445276055,28.45786291537828,-0.14178857522097132,-0.12980888787800085,-0.011979687342970474,0.11471058163741432,24.23976988396413,26.649904369788516,223.47347638028037
2024-11-11 12:24:00,222.22000122070312,222.25,222.1999969482422,222.1999969482422,44604,222.4638641357422,222.70287994384765,222.89954010009765,223.02233815511067,,222.430034874221,222.3406098884169,222.48515204501845,27.694683883327226,-0.14454215660154546,-0.13275554162270978,-0.01178661497883568,0.11008858899181695,18.215039048929192,23.967351945779303,223.4707387380571
2024-11-11 12:25:00,222.2100067138672,222.2100067138672,222.0399932861328,222.0500946044922,77212,222.42786407470703,222.6881817626953,222.88644104003907,223.0080721028646,,222.39385008662776,222.29591522935155,222.45292556794243,22.55466982831487,-0.15701033859087943,-0.1376065010163437,-0.01940383757453573,0.11436895716870035,8.595137667737964,17.01664886687711,223.46558968162913
2024-11-11 12:26:00,222.05880737304688,222.17999267578125,222.00999450683594,222.10690307617188,110769,222.3952995300293,222.67631988525392,222.87301010131836,222.99435150146485,,222.36652179991768,222.26683643655468,222.42729427225572,28.007763121556188,-0.16045783570103822,-0.1421767679532826,-0.01828106774775562,0.11834249173595837,10.540357173708022,12.450177963458406,223.45826427093556
2024-11-11 12:27:00,222.10499572753906,222.1699981689453,222.05999755859375,222.13999938964844,45016,222.36789474487304,222.66171997070313,222.85761016845703,222.97935150146483,,222.34494823703488,222.24732304472295,222.40601316984038,31.053625827045238,-0.15869012511743108,-0.1454794393861123,-0.013210685731318783,0.1177466403586927,15.465946817832409,11.533813886426143,223.45536261985973
2024-11-11 12:28:00,222.14999389648438,222.17999267578125,222.1208038330078,222.13499450683594,49260,222.3358947753906,222.64761993408203,222.8421601867676,222.9649848429362,,222.3249526436826,222.23004173120185,222.38593771332154,30.841128295960694,-0.15589598211968791,-0.14756274793282742,-0.008333234186860494,0.113563922886388,23.000438806446468,16.33558093266231,223.4522538705939
2024-11-11 12:29:00,222.13009643554688,222.19810485839844,222.13009643554688,222.19500732421875,36957,222.31071014404296,222.63342010498047,222.82810928344728,222.9530849202474,,222.31257689897177,222.22465182243522,222.37179472153616,36.45613151442224,-0.1471428991009418,-0.1474787781664503,0.00033587906550849866,0.11030994585178226,32.084048572700105,23.516811398993003,223.44998300387138
2024-11-11 12:30:00,222.19000244140625,222.1903076171875,222.13499450683594,222.17999267578125,36538,222.28520965576172,222.61704986572266,222.81360916137695,222.94148488362632,,222.2999498300965,222.21778118448844,222.35758716259133,35.675707648539166,-0.13980597810288486,-0.1459442181537372,0.006138240050852339,0.10671728075040118,37.75334994974265,30.945945776296423,223.44773533072149
2024-11-11 12:31:00,222.19850158691406,222.22999572753906,222.13999938964844,222.13999938964844,64707,222.26470947265625,222.60058776855467,222.80055908203124,222.93101816813152,,222.28471645481574,222.20581475451306,222.34146954978075,33.61171906622328,-0.13565479526769764,-0.1438863335765293,0.008231538308831665,0.10552292365496885,40.41706402187043,36.75148751477107,223.44377894786075
2024-11-11 12:32:00,222.13999938964844,222.14500427246094,222.07000732421875,222.1199951171875,63742,222.24570922851564,222.58368774414063,222.7887091064453,222.92035146077475,,222.26902870837498,222.19261173338606,222.32506403625536,32.595896223096744,-0.13245230286929655,-0.14159952743508275,0.009147224565786205,0.1033424900012518,34.166189840422156,37.445534604011755,223.43972807482467
2024-11-11 12:33:00,222.11000061035156,222.24000549316406,221.9600067138672,222.14999389648438,238979,222.2285186767578,222.5668896484375,222.7783090209961,222.9102847290039,,222.25769205962348,222.1860551430935,222.3120958777538,35.73266871710201,-0.12604073466027899,-0.13848776888012201,0.012447034219843028,0.11596083312777167,34.07322007844201,36.21882464691154,223.42481392361572
2024-11-11 12:34:00,222.15499877929688,222.15499877929688,222.0,222.11610412597656,62750,222.20882415771484,222.55121185302735,222.76773010253908,222.90125874837238,,222.24420749451423,222.17529344815244,222.29757797021475,33.81799712485498,-0.12228452206230145,-0.1352471195165579,0.012962597454256458,0.1187492653948052,35.34050849855592,34.52663947247337,223.4208757873582
2024-11-11 12:35:00,222.11500549316406,222.11500549316406,222.0399932861328,222.0449981689453,52562,222.19207382202148,222.53297576904296,222.7568800354004,222.8921587117513,,222.22523517779337,222.15524802058212,222.27886835530592,30.16571358862381,-0.12362033472379608,-0.13292176255800553,0.009301427834209453,0.11570365592188075,32.76259788776304,34.058775488253666,223.4175364399492
2024-11-11 12:36:00,222.0500030517578,222.0800018310547,222.0,222.05990600585938,71624,222.18006896972656,222.515673828125,222.74648010253907,222.88369079589845,,222.20948954237107,222.14058001831708,222.26264892201357,31.82803778987253,-0.12206890369648704,-0.13075119078570185,0.008682287089214813,0.11315351962796538,26.43364088005678,31.51224908879193,223.41294539753684
2024-11-11 12:37:00,222.05859375,222.07859802246094,222.02000427246094,222.0399932861328,26852,222.16869354248047,222.49717376708983,222.73597702026368,222.8759580485026,,222.19334704177695,222.12510513644258,222.24615591194834,30.77429228845164,-0.12105077550575061,-0.1288111077297116,0.007760332223960997,0.10925638478793605,23.526931920036233,27.574390229285367,223.41123157202333
2024-11-11 12:38:00,222.03500366210938,222.10000610351562,221.9550018310547,221.9586944580078,55504,222.15662841796876,222.47754577636718,222.72476394653322,222.87054931640625,,222.17099917665607,222.09950349360648,222.22486247091572,26.863797892619452,-0.12535897730924717,-0.1281206816456187,0.0027617043363715454,0.11180981046975227,17.370215450138723,22.443596083410593,223.407594998656
2024-11-11 12:39:00,221.9600067138672,221.9600067138672,221.9199981689453,221.92999267578125,65119,222.13912811279297,222.45717559814454,222.7131639099121,222.86360463460286,,222.14804617657276,222.07342490624876,222.20302026386872,25.625771765453617,-0.12959535761996221,-0.1284156168404874,-0.0011797407794748027,0.10668113907007033,10.667023013263998,17.18805679447966,223.4031470283397
2024-11-11 12:40:00,221.9499969482422,221.989501953125,221.91000366210938,221.97030639648438,51356,222.12114334106445,222.43718170166017,222.7020669555664,222.85743998209637,,222.13111857846908,222.05756052013118,222.18578219961802,30.472490034888263,-0.12822167948684182,-0.1283768293697583,0.00015514988291648324,0.1047395037002183,7.564102770488649,11.867113744630467,223.39970550694758
2024-11-11 12:41:00,221.97000122070312,222.05990600585938,221.97000122070312,222.00830078125,67673,222.1050582885742,222.41804779052734,222.6920489501953,222.8513619995117,,222.1194216454006,222.04998209876484,222.17263542788703,34.78587474029333,-0.12265332912218696,-0.12723212932024405,0.0045788001980570925,0.1036798792413529,17.061168967733803,11.764098250495495,223.3953708885694
2024-11-11 12:42:00,222.00999450683594,222.02000427246094,221.92999267578125,221.94000244140625,45931,222.085213470459,222.39764770507813,222.6809989929199,222.8441619873047,,222.10233410216304,222.0330621514789,222.15540335481438,31.056090452079186,-0.12234120333548049,-0.12625394412329136,0.00391274078781087,0.10270357188474308,19.05026124751468,14.55851099524572,223.3923397299616
2024-11-11 12:43:00,221.94000244140625,221.97999572753906,221.8800048828125,221.89999389648438,62606,222.06926345825195,222.37834747314454,222.67019897460938,222.83706197102865,,222.08306360638412,222.01259011224897,222.1364841356788,29.088522492773492,-0.12389402342984113,-0.12578195998460132,0.001887936554760189,0.10250980539021201,14.809941216090976,16.973790477113166,223.38810406469844
2024-11-11 12:44:00,221.90870666503906,221.94850158691406,221.8800048828125,221.90499877929688,56124,222.05451354980468,222.36224731445313,222.6589489746094,222.8296959431966,,222.06610505142345,221.99603759948712,222.1193370722431,29.688637260089443,-0.1232994727559742,-0.1252854625388759,0.0019859897829017092,0.10008029502402997,7.195240125809349,13.685147529805013,223.38430489491193
2024-11-11 12:45:00,221.90499877929688,221.91000366210938,221.7949981689453,221.82000732421875,89760,222.04300918579102,222.3432473754883,222.64716110229492,222.82042928059897,,222.04266717264204,221.9689560186766,222.09716449831538,25.709591049862567,-0.12820847963877213,-0.12587006595885517,-0.0023384136799169675,0.10114638188134388,6.038391343745196,9.347857561881852,223.3779845383787
2024-11-11 12:46:00,221.8125,221.85000610351562,221.77000427246094,221.8350067138672,72870,222.02941436767577,222.32554748535156,222.6351611328125,222.81169596354167,,222.02288998609205,221.9483484333213,222.07774540317106,27.554948285915835,-0.12939696984975058,-0.12657544673703425,-0.0028215231127163287,0.09963605514386217,8.797650136315669,7.343760535290083,223.37281409207566
2024-11-11 12:47:00,221.83999633789062,221.86000061035156,221.73500061035156,221.73500061035156,73936,222.00916442871093,222.30584747314452,222.62293518066406,222.80186258951824,,221.99547195030723,221.91552569132597,222.05235689999924,23.384250182853588,-0.13683120867327148,-0.1286265991242817,-0.008204609548989772,0.10144776736028357,6.483404385457362,7.106481955172754,223.3674632295611
2024-11-11 12:48:00,221.72999572753906,221.79629516601562,221.72000122070312,221.77499389648438,73746,221.99116439819335,222.28584747314454,222.6131851196289,222.79242919921876,,221.97447404041935,221.89390541519649,222.03181149233149,28.072891631455978,-0.1379060771349998,-0.13048249472642534,-0.007423582408574464,0.09965106406380893,9.25077219204678,8.177275571273283,223.36211873300638
2024-11-11 12:49:00,221.78729248046875,221.8300018310547,221.72000122070312,221.74000549316406,46225,221.96841430664062,222.26504943847655,222.60098510742188,222.78269592285156,,221.95214370258552,221.87022850411455,222.01019623313388,26.542533559691744,-0.1399677290193324,-0.13237954158500675,-0.007588187434325655,0.10039031802784573,6.395420132834686,7.376532236779621,223.3587859632193
2024-11-11 12:50:00,221.77000427246094,221.78919982910156,221.6999969482422,221.77000427246094,69338,221.94791488647462,222.2456494140625,222.5870851135254,222.772629292806,,221.9347970901927,221.85480939155244,221.992404236047,30.062821276742458,-0.13759484449457204,-0.1334226021669198,-0.004172242327652231,0.09959121471272114,12.229230292412536,9.291807539098013,223.35378073397754
2024-11-11 12:51:00,221.75999450683594,221.81520080566406,221.72999572753906,221.7899932861328,67403,221.93041458129883,222.22484924316407,222.57428497314453,222.76199595133463,,221.9210062517108,221.84483768302636,221.97741083234968,32.38790747178169,-0.13257314932332065,-0.13325271159819999,0.0006795622748793362,0.0985636327395202,15.088071528000858,11.23757398441604,223.34902152428242
2024-11-11 12:52:00,221.77999877929688,221.91000366210938,221.76499938964844,221.89500427246094,62011,221.9191650390625,222.20614929199218,222.56122497558593,222.7515293375651,,221.9185298727346,221.85255561986244,221.97130664272828,43.091636407373656,-0.11875102286583683,-0.13035237385172735,0.011601350985890518,0.10188082365422534,31.394129534630654,19.570477118348027,223.34488530162582
2024-11-11 12:53:00,221.90769958496094,221.94000244140625,221.85000610351562,221.889892578125,66727,221.90615997314453,222.1881491088867,222.5474238586426,222.74236195882162,,221.9158025113432,221.85829976728746,221.96527597127618,42.73696253272522,-0.10697620398872232,-0.12567713987912635,0.01870093589040403,0.10103193125241171,43.1476909497903,29.876630670807284,223.3405689728242
2024-11-11 12:54:00,221.88999938964844,221.98809814453125,221.88999938964844,221.9600067138672,70736,221.89835510253906,222.1715493774414,222.53517395019531,222.7335312906901,,221.9200124353931,221.8739469898382,221.96488565591255,48.944306153526476,-0.09093866607435075,-0.11872944511817123,0.027790779043820477,0.10083004792510447,59.72922937776459,44.75701662072853,223.33618696323379
2024-11-11 12:55:00,221.9501953125,222.0,221.94000244140625,221.96499633789062,62883,221.89435501098632,222.15544738769532,222.52402389526367,222.72603190104167,,221.92429661658335,221.88795458184626,221.96489385457758,49.3649644375824,-0.07693927273132317,-0.11037141064080162,0.03343213790947845,0.09791343988069122,69.27190447152735,57.3829415996941,223.33237661050194
2024-11-11 12:56:00,221.96499633789062,221.9792022705078,221.8800048828125,221.88499450683594,61696,221.88560943603517,222.1379833984375,222.51117385864256,222.71906524658203,,221.92055355851215,221.88749918569084,221.9589753843745,43.21668618346529,-0.07147619868365496,-0.1025923682493723,0.031116169565717347,0.09800515048745274,72.23960808794662,67.08024731241288,223.32851266814345
2024-11-11 12:57:00,221.88499450683594,221.88999938964844,221.8000030517578,221.81500244140625,73563,221.87435989379884,222.12052154541016,222.49722381591798,222.70976521809897,,221.91050107116874,221.87634584041626,221.94831072193242,38.67798031081691,-0.07196488151615199,-0.09646687090272825,0.02450198938657626,0.09743309216347516,60.93680462839342,67.4827723959558,223.32367467114656
2024-11-11 12:58:00,221.8184051513672,221.83999633789062,221.75999450683594,221.82000732421875,84935,221.86742553710937,222.10142181396483,222.48382293701172,222.7000653076172,,221.90188261907826,221.86767837638587,221.93880676654624,39.16993897783397,-0.07112839016036787,-0.09139917475425617,0.0202707845938883,0.09618800151566101,46.6676839089229,59.94803220842099,223.31802203301447
2024-11-11 12:59:00,221.81500244140625,221.91470336914062,221.81500244140625,221.86000061035156,62304,221.8639259338379,222.08464782714844,222.47192291259765,222.69153198242188,,221.8978938563424,221.86649718161135,221.9329692734948,43.09833278584527,-0.0664720918834405,-0.08641375818009304,0.019941666296652547,0.09643892492340563,43.89061254937864,50.498367028898336,223.31405645768632
2024-11-11 13:00:00,221.86000061035156,221.86000061035156,221.7050018310547,221.7050018310547,73308,221.8506607055664,222.0649478149414,222.45867294311523,222.6832100423177,222.9130191040039,221.87952318726735,221.84165174306418,221.916082796277,33.94800097855512,-0.07443105321283383,-0.08401721718664121,0.009586163973807377,0.10062177331146836,31.668446840615093,40.74224776630556,223.3090773834785
2024-11-11 13:01:00,221.6999969482422,221.6999969482422,221.5800018310547,221.65499877929688,123007,221.83299560546874,222.0470477294922,222.4459230041504,222.67460998535157,222.89609413146974,221.85813991031776,221.81293590248458,221.89674323946366,31.615962577793443,-0.08380733697907772,-0.08397524114512851,0.0001679041660507946,0.10236307585449603,24.28626096378422,33.28177345125933,223.30019805120486
2024-11-11 13:02:00,221.66000366210938,221.6699981689453,221.5334930419922,221.57989501953125,96880,221.814990234375,222.02864562988282,222.43092193603516,222.66460927327475,222.8789436340332,221.8316403969095,221.7770834589533,221.87327300095015,28.454275560692153,-0.09618954199683571,-0.08641810131546997,-0.009771440681365748,0.10480179461813151,9.82381879333244,21.926175532577265,223.29305964301167
2024-11-11 13:03:00,221.5601043701172,221.60940551757812,221.5,221.5,90358,221.79499053955078,222.00876953125,222.41602188110352,222.6538919067383,222.8625936126709,221.80005559720385,221.73445523449897,221.84562314902792,25.529470133097394,-0.11116791452894859,-0.0913680639581657,-0.019799850570782887,0.10513063207609205,9.267726359919424,14.45926870567871,223.28622995456394
2024-11-11 13:04:00,221.50999450683594,221.76739501953125,221.5,221.7200927734375,60813,221.7857452392578,221.99297149658204,222.40462280273437,222.64559448242187,222.85014404296874,221.7924400901785,221.7322456251049,221.83632460268788,42.93201446059462,-0.10407897758298645,-0.09391024668312985,-0.010168730899856607,0.1167209488589081,17.988413223660718,12.359986125637542,223.28199215935874
2024-11-11 13:05:00,221.72500610351562,221.75,221.6199951171875,221.6199951171875,54247,221.77574462890624,221.97777130126954,222.3930227661133,222.63626108805337,222.83899353027343,221.77601675941744,221.7149763161945,221.82030019635454,38.52291171640382,-0.1053238801600287,-0.09619297337850963,-0.009130906781519066,0.11766980154210746,22.672526041666668,16.64288854174895,223.27823248134783
2024-11-11 13:06:00,221.59500122070312,221.6199951171875,221.50999450683594,221.60000610351562,75926,221.76399459838868,221.9637713623047,222.38152282714844,222.62759450276693,222.82769355773925,221.75925383980774,221.69728859116697,221.80398211540353,37.69047223354324,-0.10669352423656164,-0.09829308355012004,-0.008400440686441607,0.11712200203307357,29.339599609375,23.33351295823414,223.27271870947885
2024-11-11 13:07:00,221.60989379882812,221.71499633789062,221.60499572753906,221.7100067138672,55622,221.76274490356445,221.95262145996094,222.37062286376954,222.61996124267577,222.8173435974121,221.7545636373372,221.69924522542854,221.79702097454899,44.764117484279566,-0.09777574912044429,-0.0981896166641849,0.0004138675437406064,0.11696973287894806,28.667195638020832,26.893107096354182,223.26893887151076
2024-11-11 13:08:00,221.7050018310547,221.77499389648438,221.6999969482422,221.75,58118,221.76149520874023,221.9436215209961,222.35879287719726,222.61292795817056,222.8061435699463,221.75412900520988,221.70705365228568,221.7935379393972,47.11482937754888,-0.08648428711151723,-0.09584855075365137,0.009364263642134135,0.11397167618092031,37.334187825520836,31.78032769097224,223.2651689348033
2024-11-11 13:09:00,221.75,221.75,221.6699981689453,221.7050018310547,50741,221.75974502563477,221.93212158203124,222.345546875,222.6042280069987,222.79396858215333,221.74945022671892,221.70673798748092,221.78697970914962,44.804407537331095,-0.08024172166869903,-0.0927271849366609,0.012485463267961877,0.11154525818150256,44.92705163508788,36.97614503287653,223.26182103136765
2024-11-11 13:10:00,221.7010040283203,221.77459716796875,221.6999969482422,221.72999572753906,52686,221.75774459838868,221.92012145996094,222.33324676513672,222.59632802327474,222.78191856384277,221.7475974172732,221.71031610133602,221.78275867347475,46.377325028159966,-0.07244257213872629,-0.088670262377074,0.016227690238347706,0.10890632636803703,49.41337030096366,43.89153658719081,223.25841910627886
2024-11-11 13:11:00,221.7449951171875,221.75999450683594,221.67999267578125,221.7449951171875,65694,221.7554946899414,221.9084213256836,222.32199676513673,222.58722798665366,222.76989356994628,221.7473495791698,221.71565133454394,221.77996137300903,47.34704994579621,-0.06431003846509498,-0.0837982175946782,0.019488179129583227,0.10684171920014664,52.43910189759819,48.92650794454992,223.25418032634641
2024-11-11 13:12:00,221.7480926513672,221.77999877929688,221.55999755859375,221.6468963623047,69474,221.7430892944336,221.89462127685547,222.31056579589844,222.57717397054037,222.758178024292,221.73778260613503,221.70507364650712,221.77010470554944,41.997709081626205,-0.06503105904232598,-0.08004478588420777,0.015013726841881792,0.1149245420440349,49.98650869575883,50.61299363144025,223.24953024433768
2024-11-11 13:13:00,221.63250732421875,221.7174072265625,221.6199951171875,221.70010375976562,40709,221.7335998535156,221.88424346923827,222.29956680297852,222.5680412801107,222.74697853088378,221.73419414457604,221.7043090485469,221.7649194503062,45.588508789507316,-0.06061040175930543,-0.07615790905922731,0.015547507299921881,0.11367365380828663,50.02783693004113,50.817815841132735,223.24684691125714
2024-11-11 13:14:00,221.70989990234375,221.8000030517578,221.68499755859375,221.7949981689453,32228,221.72534942626953,221.87614349365234,222.28951171875,222.55840789794922,222.73578948974608,221.73998500403977,221.71826122091588,221.76714750353872,51.37075825438736,-0.048886282622845556,-0.07070358377195096,0.021817301149105406,0.1137687852041156,63.112679566660255,54.37567506415342,223.24483829426276
2024-11-11 13:15:00,221.8000030517578,221.8300018310547,221.77000427246094,221.77999877929688,33168,221.71609954833986,221.87074157714844,222.2794616699219,222.54787455240884,222.72373947143555,221.74379583977856,221.72775930682064,221.76809944989117,50.4580039142536,-0.04034014307052303,-0.06463089563166538,0.024290752561142354,0.10992798280575304,79.58788344073025,64.2427999791439,223.24282303310366
2024-11-11 13:16:00,221.7801971435547,221.85000610351562,221.75,221.83999633789062,35711,221.71384963989257,221.8654034423828,222.27086166381835,222.5371412150065,222.71211448669433,221.75295779197972,221.74502654236989,221.77342514529852,53.98030398005366,-0.0283986029286325,-0.05738443709105881,0.02898583416242631,0.1092192770569098,93.43982789498973,78.71346363412675,223.24068935898504
2024-11-11 13:17:00,221.83889770507812,221.889892578125,221.8300018310547,221.889892578125,42160,221.71759414672852,221.86040130615234,222.26106063842772,222.52520721435548,222.69961395263672,221.765999200184,221.76731362479376,221.78205236254493,56.73520754957429,-0.014738737751173403,-0.048855297223081726,0.03411655947190832,0.10569581023567444,93.99592032840275,89.00787722137426,223.23827810582017
2024-11-11 13:18:00,221.8800048828125,221.9398956298828,221.85000610351562,221.9199981689453,33273,221.72259368896485,221.85610137939454,222.25186065673827,222.51347391764324,222.6877639770508,221.78066576863745,221.79080355466323,221.79227057042644,58.355108308929225,-0.0014670157632110659,-0.0393776409311076,0.03791062516789653,0.10456678984223547,97.50391202002923,94.97988674780724,223.23642737061525
2024-11-11 13:19:00,221.9250030517578,221.9499969482422,221.89999389648438,221.94500732421875,45863,221.7268440246582,221.85110137939452,222.2422607421875,222.50243998209635,222.67758903503417,221.79631734535945,221.8145272115179,221.80358440404066,59.70482729653468,0.010942807477249517,-0.02931355124943618,0.0402563587266857,0.10066937960364437,98.07920668523015,96.52634634455406,223.2339388422406
2024-11-11 13:20:00,221.9499969482422,222.0800018310547,221.9499969482422,222.07000732421875,67850,221.7450942993164,221.84890167236327,222.23297576904298,222.4920399983724,222.66833908081054,221.82238305763178,221.8538318442411,221.82331943516496,65.69025024565589,0.03051240907615238,-0.017348359184318467,0.04786076826047085,0.10312117462525096,97.43853843400994,97.67388571308977,223.23056072417396
2024-11-11 13:21:00,222.0749969482422,222.0749969482422,221.90330505371094,221.92999267578125,48736,221.75884399414062,221.84470153808593,222.22264465332032,222.48193990071616,222.6594390106201,221.83263159269364,221.8655488952473,221.8312211566921,55.70840774038788,0.034327738555191445,-0.0070131396364164844,0.04134087819160793,0.10801908359676464,89.36543954110266,94.96106155344758,223.22801707046798
2024-11-11 13:22:00,221.91729736328125,222.05999755859375,221.88499450683594,222.05999755859375,59587,221.78284912109376,221.84350158691407,222.21359466552735,222.47363993326823,222.65113899230957,221.85428549420794,221.89546407422367,221.84816755683295,61.55053451419378,0.04729651739071983,0.0038487917690107776,0.04344772562170905,0.11280365312012647,88.46112464176373,91.75503420562546,223.22500027275635
2024-11-11 13:23:00,222.05999755859375,222.16000366210938,222.0399932861328,222.14999389648438,39257,221.81534881591796,221.84350158691407,222.20519561767577,222.46670654296875,222.64358894348143,221.88244819918665,221.93462250841762,221.8705250634738,64.99289059610697,0.06409744494382608,0.01589852240397384,0.04819892253985224,0.11331841907530799,88.54570045957094,88.79075488081246,223.22320692550693
2024-11-11 13:24:00,222.14500427246094,222.14999389648438,222.11000061035156,222.14999389648438,43802,221.83684387207032,221.84417938232423,222.19769561767578,222.45987986246746,222.63698890686035,221.90792874178644,221.9677565681202,221.89122645851162,64.99289059610697,0.07653010960856932,0.028024839844892936,0.04850526976367638,0.10808090923112591,97.60550051126604,91.53744187086691,223.22124883152492
2024-11-11 13:25:00,222.13999938964844,222.2364044189453,222.1300048828125,222.19000244140625,43399,221.86534423828124,221.84707946777343,222.1900276184082,222.45361317952475,222.63088890075684,221.934792903655,222.00194824093344,221.9133580128001,66.5375084348585,0.0885902281333415,0.04013791750258265,0.048452310630758846,0.10796081114525902,96.60112545673941,94.25077547585882,223.21940269433458
2024-11-11 13:26:00,222.19000244140625,222.32589721679688,222.19000244140625,222.3218994140625,39264,221.90143890380858,221.8523193359375,222.18399658203126,222.44842651367188,222.6258479309082,221.97166019036047,222.0511714983379,221.94362033881956,71.06948552192365,0.10755115951835137,0.0536205659057364,0.05393059361261497,0.10995609442004885,96.96843804204097,97.05835467001549,223.21788912233288
2024-11-11 13:27:00,222.32000732421875,222.33999633789062,222.3000030517578,222.3350067138672,30244,221.93268890380858,221.85821960449218,222.177696685791,222.4433912150065,222.6215234375,222.00626462117063,222.0948384545732,221.9726119221564,71.48281762032265,0.12222653241678927,0.06734175920794697,0.0548847732088423,0.10495875070488757,97.27060511553225,96.94672287143756,223.2167832239005
2024-11-11 13:28:00,222.3350067138672,222.39999389648438,222.3300018310547,222.389892578125,29539,221.96468353271484,221.86684356689454,222.17219467163085,222.43879048665366,222.61962287902833,222.04280061707104,222.14023139665807,222.0035216003763,73.20891478474509,0.13670979628176383,0.08121536662271034,0.05549442965905349,0.10246113020460568,99.03927360161357,97.75943891972895,223.21576409605007
2024-11-11 13:29:00,222.38980102539062,222.4600067138672,222.3699951171875,222.4600067138672,53396,222.00243377685547,221.87744384765625,222.1673097229004,222.43459055582682,222.61706443786622,222.08253453105164,222.18942759930562,222.03733531248673,75.26832086504868,0.15209228681888476,0.09539075066194522,0.05670153615693954,0.10157187776914453,99.22805344972505,98.51264405562362,223.2140516919152
2024-11-11 13:30:00,222.4499053955078,222.4499969482422,222.38999938964844,222.39999389648438,51407,222.03593368530272,221.88603759765624,222.1616096496582,222.43005716959635,222.61458938598633,222.11276875633092,222.2218224142562,222.06419891130136,70.28801433799038,0.1576235029548343,0.10783730112052305,0.04978620183431125,0.09931726670514687,96.30672207645553,98.19134970926473,223.21237520370474
2024-11-11 13:31:00,222.39999389648438,222.44000244140625,222.3699951171875,222.42999267578125,46746,222.07018356323243,221.89447143554688,222.15625961303712,222.42618977864583,222.6121393585205,222.14298055818333,222.25384860833697,222.09129474570727,71.30994056294104,0.16255386262969296,0.11878061342235703,0.043773249207335926,0.0972236993018176,95.18463353704747,96.9064696877427,223.21085680301692
2024-11-11 13:32:00,222.44000244140625,222.4774932861328,222.42999267578125,222.44700622558594,37935,222.11018905639648,221.90461151123046,222.1511296081543,222.4222031656901,222.60927436828612,222.17193538365024,222.2835651648368,222.11764374421682,71.9002322072871,0.1659214206199806,0.12820877486188176,0.03771264575809885,0.09367204996053771,93.46946485304026,94.98694015551443,223.2096876027937
2024-11-11 13:33:00,222.4499969482422,222.4499969482422,222.38999938964844,222.39500427246094,36096,222.14493408203126,221.91451171875,222.14642959594727,222.41830322265625,222.606424407959,222.19318003972745,222.30070964293282,222.13818896853118,67.33969763955915,0.16252067440163387,0.13507115476983217,0.0274495196318017,0.09126672906652747,92.00397989166545,93.5526927605844,223.20852015124157
2024-11-11 13:34:00,222.39999389648438,222.42999267578125,222.36000061035156,222.42889404296875,44627,222.17662887573243,221.92498962402342,222.14361846923828,222.4142958577474,222.6035193634033,222.21562899241712,222.32043031986143,222.15972267774876,68.73164910254596,0.1607076421126692,0.14019845223839958,0.020509189874269612,0.08974711018716275,90.90994935187571,92.12779803219382,223.20707179842677
2024-11-11 13:35:00,222.4199981689453,222.47999572753906,222.4199981689453,222.4550018310547,33936,222.21037902832032,221.93768951416016,222.14046844482422,222.41067057291667,222.59974433898927,222.2384264056207,222.3411336292758,222.18159520762327,69.79948466185967,0.1595384216525133,0.14406644612122232,0.015471975531290982,0.08762214215366779,91.22490261812634,91.37961062055585,223.20603611653104
2024-11-11 13:36:00,222.47000122070312,222.5,222.4550018310547,222.4550018310547,47635,222.24112930297852,221.9500894165039,222.13781845092774,222.40680389404298,222.5962943267822,222.2590526366144,222.35865181416486,222.20184755009967,69.79948466185967,0.15680426406518677,0.1466140097100152,0.010190254355171569,0.0845775725555849,92.60495502354256,91.57993566451488,223.20462236016076
2024-11-11 13:37:00,222.4499969482422,222.5,222.44500732421875,222.46499633789062,235713,222.2698844909668,221.9646893310547,222.1352684020996,222.40351989746094,222.59256927490233,222.27866632245022,222.37501251012267,222.221340052899,70.25054953433398,0.15367245722367784,0.14802569921274772,0.00564675801093012,0.08246436558950873,92.34732461870622,92.05906075345838,223.1977058239058
2024-11-11 13:38:00,222.47500610351562,222.47999572753906,222.40499877929688,222.4149932861328,41289,222.29463424682618,221.97748931884766,222.1316683959961,222.40128651936848,222.58869422912596,222.29164984280095,222.38116339873963,222.23568473684225,65.01839321724762,0.14547866189738556,0.1475162917496753,-0.002037629852289724,0.08193097862356048,86.08917646008535,90.34715203411139,223.19644728173284
2024-11-11 13:39:00,222.4113006591797,222.4799041748047,222.39500427246094,222.4799041748047,30856,222.32137908935547,221.99228729248046,222.12866836547852,222.39808583577474,222.5850937652588,222.3095788268013,222.396354287365,222.25377506558021,68.31722331653216,0.14257922178478566,0.14652887775669737,-0.003949655971911714,0.08214304460821402,87.18900731253507,88.54183613044222,223.19553191229835
2024-11-11 13:40:00,222.47500610351562,222.6699981689453,222.47500610351562,222.6699981689453,65274,222.35137863159179,222.01028717041015,222.12796829223632,222.394819132487,222.58204376220704,222.34390447843407,222.43845334606965,222.28460640657022,75.57998309028532,0.15384693949943085,0.14799249010524407,0.005854449394186778,0.09020368911637353,90.18077798692242,87.81965391984762,223.1940006577082
2024-11-11 13:41:00,222.67999267578125,222.6898956298828,222.64500427246094,222.66000366210938,46427,222.38787918090821,222.02768737792968,222.12626831054686,222.39208577473957,222.5784188079834,222.37400916259364,222.47253801007577,222.31241361068425,74.61156641750576,0.16012439939152046,0.15041887196249937,0.009705527429021088,0.08696709393427687,95.07055002594718,90.81344510846823,223.19302675093073
2024-11-11 13:42:00,222.65499877929688,222.73500061035156,222.65499877929688,222.71499633789062,46476,222.42062911987304,222.0440872192383,222.12511825561523,222.38884572347004,222.5746688079834,222.40648413166952,222.50983929127804,222.34223455344028,76.40315226571522,0.1676047378377632,0.15385604513755213,0.013748692700211063,0.08646957514844769,95.453250910564,93.56819297447788,223.192122904948
2024-11-11 13:43:00,222.7147979736328,222.74000549316406,222.67999267578125,222.7100067138672,51879,222.4486297607422,222.06048950195313,222.12431930541993,222.38511240641276,222.5718938446045,222.43539104425977,222.5406342793687,222.36947693569414,75.87994187536783,0.17115734367456525,0.15731630484495476,0.013841038829610491,0.08457980670587582,92.82181285509768,94.4485379305363,223.19113498530393
2024-11-11 13:44:00,222.72500610351562,222.75,222.72000122070312,222.7451934814453,33656,222.47838973999023,222.0761932373047,222.12387130737304,222.38218037923178,222.56919677734376,222.46489603827746,222.572104925842,222.39730779093495,77.07233938660463,0.17479713490706672,0.16081247085737718,0.013984664049689538,0.0813950551882655,95.17959019784179,94.48488465450116,223.19053394300948
2024-11-11 13:45:00,222.7449951171875,222.83999633789062,222.72000122070312,222.80499267578125,66394,222.50913925170897,222.0929931640625,222.1242202758789,222.38034698486328,222.56777221679687,222.49728619423018,222.60793381044806,222.42750667129394,78.97467071826054,0.18042713915411923,0.1647354045167256,0.015691734637393623,0.08415220251259717,94.52691624448384,94.17610643247444,223.18948334649977
2024-11-11 13:46:00,222.80999755859375,222.91000366210938,222.77059936523438,222.86500549316406,61237,222.53629455566406,222.11259338378906,222.1252883911133,222.37831370035806,222.56744728088378,222.53230707984295,222.64748330009667,222.45991399143247,80.70491154920524,0.18756930866419452,0.1693021853462194,0.018267123317975115,0.08809878073274144,94.43120767767243,94.7125713733327,223.18866390711867
2024-11-11 13:47:00,222.86849975585938,222.875,222.8000030517578,222.85989379882812,44757,222.56253890991212,222.1334912109375,222.12700637817383,222.3759796142578,222.5656967163086,222.5635058149844,222.68016183836303,222.48954212531362,80.10026269427178,0.19061971304941494,0.17356569088685853,0.017054022162556415,0.08716293554352669,91.80507731224031,93.58773374479887,223.18806121994
2024-11-11 13:48:00,222.85499572753906,222.85499572753906,222.74000549316406,222.77000427246094,58959,222.5815444946289,222.15249114990235,222.1269564819336,222.37337900797527,222.56317176818848,222.58317233474406,222.69398375130118,222.5103170991764,70.14748562078621,0.18366665212477074,0.17558588313444096,0.008080768990329779,0.08950046200695845,85.17444891032083,90.4702446334112,223.1871399982925
2024-11-11 13:49:00,222.7698974609375,222.83999633789062,222.72999572753906,222.83340454101562,32534,222.60021438598633,222.17195922851562,222.12830352783203,222.37193501790364,222.56163879394532,222.6070039734366,222.71543310356492,222.5342495022756,72.72196873596167,0.18118360128931954,0.17670542676541667,0.004478174523902867,0.09096475833255692,82.94371774132321,86.64108132129479,223.18664973073075
2024-11-11 13:50:00,222.83999633789062,222.8699951171875,222.8300018310547,222.83999633789062,24404,222.62221450805663,222.19465911865234,222.1298034667969,222.37066833496092,222.56107231140138,222.6291937224322,222.73459667807657,222.55689741602484,72.98285189056071,0.17769926205173192,0.17690419382267972,0.0007950682290522038,0.08732393885446368,81.44943853515451,83.18920172893286,223.18632613169416
2024-11-11 13:51:00,222.84500122070312,222.92999267578125,222.77999877929688,222.92999267578125,58645,222.64721450805663,222.22015899658203,222.1336033630371,222.37066833496092,222.5609972381592,222.65784124179876,222.76465760080038,222.58453410193272,76.31357302616297,0.18012349886765833,0.17754805483167546,0.0025754440359828656,0.09180036443970688,90.51089844251528,84.96801823966435,223.1856270685847
2024-11-11 13:52:00,222.92990112304688,222.9600067138672,222.89999389648438,222.9582977294922,39278,222.67277908325195,222.24772705078124,222.13818634033203,222.36985697428386,222.56038871765136,222.68645614538863,222.79444838982988,222.61222029656673,77.26298781627266,0.1822280932631486,0.17848406251797008,0.0037440307451785115,0.08952982534525727,95.3679516325879,89.10942953675259,223.18525135412565
2024-11-11 13:53:00,222.9600067138672,222.99000549316406,222.86500549316406,222.88619995117188,43462,222.6973388671875,222.2754510498047,222.14211029052734,222.36916493733725,222.5592816925049,222.70547936498704,222.80856401465172,222.63251508579674,69.60937074899937,0.17604892885498202,0.17799703578537246,-0.0019481069303904364,0.09206340926880992,93.18036212906702,93.01973740139009,223.18479363363954
2024-11-11 13:54:00,222.88870239257812,222.902099609375,222.80999755859375,222.87010192871094,84545,222.71939926147462,222.29845123291017,222.1457113647461,222.36923227945962,222.55880867004396,222.72115770438933,222.81803138604545,222.6501141111978,67.98989324291375,0.16791727484763896,0.17598108359782577,-0.008063808750186807,0.09206616937686123,81.5955176649656,90.04794380887353,223.1837344040344
2024-11-11 13:55:00,222.8800048828125,222.89500427246094,222.8000030517578,222.8249969482422,35955,222.73789901733397,222.32255126953126,222.1501612854004,222.3695322672526,222.55783363342286,222.73104715618484,222.8191030109988,222.66306839542332,63.53001671496937,0.15603461557546439,0.1719917899933535,-0.015957174417889103,0.09227581590156725,65.27791062569155,80.01793013990807,223.1832572559703
2024-11-11 13:56:00,222.8249969482422,222.83999633789062,222.77000427246094,222.83580017089844,39025,222.75693893432617,222.3472671508789,222.1555192565918,222.37010426839194,222.55751266479493,222.7410236337766,222.8216718048295,222.67586334175482,64.13681019023016,0.14580846307467255,0.1667551246096173,-0.02094666153494476,0.09068411942940993,55.416191992745915,67.42987342780103,223.18270365334018
2024-11-11 13:57:00,222.83399963378906,222.89999389648438,222.8000030517578,222.89999389648438,84470,222.77868881225587,222.37106689453125,222.16184417724608,222.37077087402344,222.55773765563964,222.7561636587964,222.8337213573918,222.69246560506812,67.5877576926131,0.14125575232367282,0.1616552501524284,-0.02039949782875558,0.09134888552589539,55.88866949819613,58.860924038877876,223.18167787968167
2024-11-11 13:58:00,222.89549255371094,222.89999389648438,222.83999633789062,222.89830017089844,37310,222.80285415649413,222.39403289794922,222.16882720947265,222.37053955078125,222.55820419311524,222.7697004694728,222.84365655946974,222.70771260994442,67.40346555206604,0.13594394952531275,0.15651299002700528,-0.02056904050169253,0.08910950501875645,60.98563556459356,57.430165685178544,223.18124519343058
2024-11-11 13:59:00,222.89500427246094,222.90989685058594,222.8699951171875,222.89999389648438,31599,222.82385864257813,222.41793273925782,222.17502716064453,222.36967549641926,222.5576541900635,222.78210936728345,222.85232384208737,222.72195566820662,67.49890358320528,0.13036817388075406,0.15128402679775504,-0.020915852917000988,0.08559466417126511,66.02665260028982,60.96698588769318,223.18089649593992
2024-11-11 14:00:00,222.9084930419922,222.97000122070312,222.89999389648438,222.94000244140625,31224,222.83735885620118,222.44213287353514,222.18112716674804,222.36954213460285,222.55777923583983,222.7971468029142,222.8658128573672,222.7381072810362,69.751813253206,0.12770557633098178,0.1465683367044004,-0.018862760373418608,0.08448128274094728,70.72861267318204,65.91363361268849,223.18060460012353
2024-11-11 14:01:00,222.956298828125,222.956298828125,222.88999938964844,222.94500732421875,46531,222.85160903930665,222.46613311767578,222.1872772216797,222.37004221598306,222.55695426940918,222.81122875732416,222.8779966214982,222.75343321016084,70.03166895794688,0.1245634113373626,0.14216735163099284,-0.017603940293630244,0.08318257957364018,76.28129890453835,71.01218805933674,223.18015982246501
2024-11-11 14:02:00,222.94830322265625,222.97000122070312,222.91000366210938,222.9550018310547,34054,222.86360931396484,222.4922952270508,222.19345825195313,222.3711422729492,222.55595428466796,222.82492143101277,222.8898435768146,222.76836421911594,70.61631526922365,0.1214793576986608,0.13802975284452645,-0.01655039514586565,0.0815265066399153,83.33333333333333,76.78108163701792,223.17985423977095
2024-11-11 14:03:00,222.9499969482422,222.9600067138672,222.94000244140625,222.9499969482422,21938,222.8756088256836,222.51729309082032,222.2007682800293,222.3721422322591,222.5553542327881,222.83683338503462,222.89909794164961,222.7818184953475,69.881111562442,0.1172794463021205,0.13387969153604526,-0.016600245233924754,0.07713206132517948,83.68187310853608,81.09883511546927,223.1796619819895
2024-11-11 14:04:00,222.9499969482422,222.952392578125,222.9149932861328,222.94000244140625,25813,222.88534927368164,222.54019317626953,222.20816833496093,222.37307220458985,222.5538542175293,222.84665900945097,222.90539094161218,222.7935358246852,68.35073617761705,0.11185511692698924,0.12947477661423407,-0.017619659687244826,0.07429400636308539,81.87447452551811,82.96322698912918,223.17942220885192
2024-11-11 14:05:00,222.94000244140625,222.9600067138672,222.89999389648438,222.90499877929688,31097,222.8903495788574,222.56269317626953,222.21671737670897,222.37387217203775,222.55157920837402,222.85221517800773,222.9053306089483,222.8017923398416,63.13578165118043,0.10353826910670705,0.12428747511272867,-0.02074920600602162,0.0732739214326731,73.48222129745226,79.67952297716882,223.17911726228996
2024-11-11 14:06:00,222.90469360351562,222.94000244140625,222.86000061035156,222.87989807128906,35848,222.89109420776367,222.5834912109375,222.22444732666017,222.37507151285809,222.54872871398925,222.8548516440345,222.90141791084687,222.80757794957844,59.62279245728526,0.0938399612684293,0.1181979723438688,-0.0243580110754395,0.07375448640709585,62.86123826698108,72.73931136331716,223.17872798613
2024-11-11 14:07:00,222.87010192871094,222.92999267578125,222.86000061035156,222.9199981689453,27733,222.89409942626952,222.6040933227539,222.23224731445313,222.37540486653646,222.54492874145507,222.8610560749784,222.9042764120928,222.81590537323524,63.15038450463519,0.08837103885755937,0.11223258564660693,-0.02386154678904756,0.07348574205082843,62.1034470668097,66.14896887708102,223.1784381153241
2024-11-11 14:08:00,222.92149353027344,222.9600067138672,222.9199981689453,222.9499969482422,25948,222.9030990600586,222.62469329833985,222.24039733886718,222.3761382039388,222.54127876281737,222.86952663433686,222.91131034073118,222.825838082495,65.573519118892,0.085472258236166,0.10688052016451874,-0.02140826192835274,0.0710945136783749,71.64908444863205,65.53792326080763,223.17820681067099
2024-11-11 14:09:00,222.9550018310547,222.97999572753906,222.9300994873047,222.9600067138672,36701,222.90942916870117,222.6449932861328,222.24804733276366,222.3765049235026,222.53807830810547,222.87814378476833,222.91880209044442,222.83577649963368,66.3682124009569,0.08302559081073468,0.10210953429376193,-0.01908394348302725,0.06958035128593122,85.15894616743402,72.9704925609586,223.17789900264137
2024-11-11 14:10:00,222.96499633789062,222.96499633789062,222.9199981689453,222.9199981689453,37209,222.9134292602539,222.66199310302736,222.2554473876953,222.37598154703775,222.53452827453614,222.8821299165947,222.91898610252147,222.84201514180492,60.36975152485509,0.07697096071655096,0.09708181957831975,-0.02011085886176879,0.06782448111488218,82.38180418223527,79.72994493276713,223.1775572728084
2024-11-11 14:11:00,222.91000366210938,222.9199981689453,222.83999633789062,222.86000061035156,56363,222.90992965698243,222.68059326171874,222.26264739990233,222.37529418945311,222.5316032409668,222.88002236361916,222.9099114114184,222.8433473987343,52.68032948631556,0.06656401268409695,0.0909782581994752,-0.024414245515378255,0.06869429182664477,57.145509912621655,74.89542008743034,223.1769103237579
2024-11-11 14:12:00,222.86090087890625,223.0850067138672,222.86090087890625,223.02999877929688,151282,222.91351470947265,222.6999932861328,222.27174743652344,222.3757275390625,222.53022827148436,222.89430583177892,222.928386391092,222.8571734269241,65.92421740958014,0.07121296416789846,0.08702519939315986,-0.0158122352252614,0.07985942125417507,52.83474254817048,64.12068554767582,223.17586070841898
2024-11-11 14:13:00,223.0500030517578,223.0800018310547,223.00999450683594,223.0574951171875,43844,222.92207946777344,222.71814331054688,222.28082244873048,222.37617818196614,222.52956573486327,222.9098476684845,222.94824927202978,222.87201207064732,67.50824329132305,0.07623720138246881,0.08486759979102165,-0.008630398408552842,0.07915570003611974,60.20293779704082,56.72773008594433,223.17565265692824
2024-11-11 14:14:00,223.0500030517578,223.05990600585938,222.9803009033203,222.98500061035156,49135,222.92782440185547,222.7348434448242,222.28951141357422,222.37674489339193,222.52862075805663,222.91700509151946,222.95390332407928,222.8803815921069,59.636938932966494,0.07352173197239154,0.08259842622729563,-0.009076694254904094,0.07918780021495388,75.16763197774594,62.735104107652425,223.17534543395104
2024-11-11 14:15:00,223.0,223.02999877929688,222.9700927734375,223.02999877929688,37776,222.9380744934082,222.75164337158202,222.29936141967772,222.37723286946616,222.52812072753906,222.92776639511732,222.96561031718966,222.89146434671355,62.55539760407115,0.07414597047610982,0.08090793507705848,-0.006761964600948661,0.0778105291874641,75.16763197774594,70.17940058417757,223.17511229631106
2024-11-11 14:16:00,223.02999877929688,223.08999633789062,223.02999877929688,223.07000732421875,46554,222.9497848510742,222.76660552978515,222.30946243286132,222.3781995646159,222.5279712677002,222.94131315026982,222.98167139519416,222.9046897524547,64.97993558240024,0.07698164273946873,0.08012267660954053,-0.0031410338700718077,0.07653817414326197,76.24534601707005,75.52686999085398,223.17491836715845
2024-11-11 14:17:00,223.05999755859375,223.06019592285156,222.97500610351562,222.97999572753906,60598,222.95378494262695,222.7795053100586,222.3188624572754,222.37829956054688,222.52741973876954,222.94499720524783,222.9814136001703,222.91026797283132,56.168213855902124,0.07114562733897856,0.07832726675542814,-0.007181639416449587,0.07785696318497884,75.1842943435317,75.53242411278258,223.17453564852
2024-11-11 14:18:00,222.9799041748047,223.02000427246094,222.9499969482422,222.99000549316406,26175,222.95837020874023,222.79150756835938,222.32917556762695,222.3786323038737,222.52696975708008,222.9492837088589,222.98273542986163,222.91617445581892,56.868675594515594,0.06656097404271577,0.07597400821288566,-0.009413034170169893,0.07729627468670944,69.3359375,73.58852595353393,223.17435298003613
2024-11-11 14:19:00,222.99000549316406,223.0,222.94000244140625,222.94009399414062,27020,222.96037521362305,222.80110931396484,222.33927658081055,222.3785762532552,222.52622024536132,222.94840849793334,222.9761752089815,222.91794627347238,52.374247529171924,0.05822893550910635,0.0724249936721298,-0.014196058163023453,0.07606065210724601,52.01416015625,65.51146399992724,223.1741380777323
2024-11-11 14:20:00,222.94500732421875,223.02999877929688,222.94000244140625,223.02000427246094,46460,222.9643753051758,222.81350952148438,222.3497735595703,222.3789096069336,222.52592025756837,222.95522714312645,222.98291814182448,222.9255061252493,58.085742629991366,0.05741201657517081,0.06942239825273801,-0.012010381677567197,0.0770560582356737,57.3486328125,59.56624348958334,223.17383262337475
2024-11-11 14:21:00,223.00999450683594,223.0500030517578,223.0050048828125,223.0218963623047,28651,222.96821975708008,222.82534759521485,222.35990951538085,222.3792889404297,222.52597923278807,222.961576592572,222.98891479112913,222.93264614280898,58.213523988205694,0.05626864832015599,0.06679164826622161,-0.01052299994606562,0.07476620899841899,61.600748697916664,56.98784722222223,223.17367549153744
2024-11-11 14:22:00,223.02499389648438,223.0500030517578,222.97000122070312,222.97000122070312,44682,222.9689697265625,222.8358074951172,222.37020950317384,222.37935557047527,222.52560424804688,222.9623789381083,222.9860050110636,222.93541318561594,53.40453794882965,0.05059182544766827,0.06355168370251094,-0.012959858254842666,0.07514018200277621,65.58837890625,61.512586805555564,223.1733832863121
2024-11-11 14:23:00,222.97000122070312,223.0,222.9600067138672,222.9949951171875,24281,222.97121963500976,222.84780731201172,222.38115951538086,222.38022216796875,222.5256792449951,222.96548524087774,222.98738810431345,222.93982666202865,55.31899026575833,0.047561442284802524,0.06035363541896926,-0.012792193134166734,0.07262968943852889,62.253824869791664,63.14765082465278,223.17321444331387
2024-11-11 14:24:00,223.0,223.0,222.94000244140625,222.9499969482422,41027,222.97171936035156,222.8582293701172,222.3916094970703,222.3818221028646,222.52527923583983,222.96401016538866,222.98163561876405,222.94058001656296,51.23736371887532,0.04105560220108373,0.056494028775392155,-0.015438426574308425,0.07172739437748436,52.667236328125,60.169813368055564,223.17289707624968
2024-11-11 14:25:00,222.9416046142578,223.02999877929688,222.9416046142578,223.02000427246094,44671,222.97746963500975,222.86952941894532,222.40360946655272,222.38348876953125,222.52538528442383,222.96934293749078,222.9875384885636,222.94646329477763,56.602239386031734,0.041075193785957254,0.05341026177750518,-0.012335067991547925,0.07291787799703008,58.48275685965668,57.80127268585779,223.17260828251725
2024-11-11 14:26:00,223.02000427246094,223.0399932861328,222.99000549316406,223.0281982421875,28646,222.9848846435547,222.88099334716796,222.41554138183594,222.38554341634114,222.52535125732422,222.97494820460474,222.99379383527497,222.95251773532652,57.195839570690026,0.04127609994844761,0.05098342941169366,-0.009707329463246053,0.07128001477962374,57.41611731420695,56.18870350066289,223.172446959854
2024-11-11 14:27:00,223.02499389648438,223.0399932861328,222.99000549316406,223.02000427246094,27106,222.98988494873046,222.89209350585938,222.42839141845704,222.3875434366862,222.52566329956053,222.97923925868628,222.99782621022666,222.95751673807723,56.365558370476016,0.04030947214943126,0.04884863795924119,-0.008539165809809929,0.06975914179218376,60.52827737177413,58.8090505152126,223.17229190371765
2024-11-11 14:28:00,223.02999877929688,223.02999877929688,223.00010681152344,223.02479553222656,18571,222.99362487792968,222.90428955078124,222.44088943481447,222.3892087809245,222.52703727722167,222.98357795140438,223.0019753366882,222.96250035245868,56.760814231065225,0.03947498422951412,0.04697390721329578,-0.0074989229837816584,0.06691148650348047,56.222448287555096,58.05561432451207,223.1721869615812
2024-11-11 14:29:00,223.02000427246094,223.10000610351562,223.00999450683594,223.05999755859375,46085,222.998624420166,222.91589141845702,222.45408935546874,222.3910760498047,222.5275372314453,222.99085600923195,223.01090183236596,222.96972236772794,59.652605981948476,0.041179464638020136,0.04581501869824066,-0.004635554060220523,0.06856149437409732,61.62099450593977,59.45724005508967,223.17199193036632
2024-11-11 14:30:00,223.05999755859375,223.08990478515625,223.03500366210938,223.05999755859375,38729,223.00562438964843,222.92369140625,222.46698928833007,222.3932093302409,222.52703720092774,222.99744091869496,223.0184550210164,222.97640941890316,59.65260598194847,0.042045602113233826,0.04506113538123929,-0.003015533268005466,0.06758575356452254,68.84049698068253,62.22797992472581,223.17183557860156
2024-11-11 14:31:00,223.060302734375,223.08560180664062,223.0500030517578,223.0800018310547,27816,223.0166244506836,222.9320913696289,222.4798893737793,222.39487599690756,222.52708717346192,223.00530386272925,223.02792376102227,222.98408293091438,61.3559283509825,0.04384083010788231,0.044817074326567896,-0.0009762442186855846,0.06530096794334046,79.16269311462902,69.87472820041711,223.17173395923848
2024-11-11 14:32:00,223.0800018310547,223.08999633789062,223.05999755859375,223.0749969482422,30069,223.01887435913085,222.93929138183594,222.4916893005371,222.3965092976888,222.52645713806152,223.01194129944477,223.03516578982533,222.9908173025683,60.66587658282974,0.044348487257025226,0.044723356912659364,-0.00037486965563413716,0.06277938303893527,82.28749443702715,76.76356151077958,223.17162777472245
2024-11-11 14:33:00,223.05999755859375,223.08999633789062,223.0500030517578,223.0500030517578,32898,223.01849975585938,222.94609130859374,222.50329040527345,222.39824330647787,222.525357131958,223.01556622823648,223.03744844550727,222.9952014321379,57.20576821624189,0.04224701336937642,0.04422808820400278,-0.0019810748346263604,0.06115180468784689,80.20535316930511,80.55184690698711,223.1714978772518
2024-11-11 14:34:00,223.05569458007812,223.1085968017578,223.0500030517578,223.10499572753906,40474,223.02449951171874,222.95328735351563,222.51474029541015,222.4003433227539,222.52495712280273,223.02408332340815,223.0478403350506,223.00333434290835,62.30065560513972,0.044505992142262585,0.04428366899165474,0.00022232315060784213,0.06096908649578997,83.66083457835806,82.05122739489678,223.17137464056012
2024-11-11 14:35:00,223.10989379882812,223.11500549316406,223.0800018310547,223.10000610351562,53119,223.0279998779297,222.95918762207032,222.5260903930664,222.40254272460936,222.52505714416503,223.03131406437078,223.05586583789136,223.01049521406446,61.58423746022935,0.04537062382689783,0.04450105995870336,0.0008695638681944645,0.05911441332469208,86.0139792321271,83.29338899326343,223.17123366604594
2024-11-11 14:36:00,223.08999633789062,223.17999267578125,223.08999633789062,223.125,44992,223.03074951171874,222.96438751220703,222.53849044799804,222.40498809814454,222.52483215332032,223.0402365344307,223.06650186283116,223.01897705005968,63.828099325319506,0.0475248127714849,0.04510581052125967,0.002419002250225233,0.061320265080108065,88.79286081927388,86.15589154325302,223.17116907862163
2024-11-11 14:37:00,223.1300048828125,223.139892578125,223.0800018310547,223.09500122070312,30835,223.03649978637696,222.96908966064453,222.551290435791,222.40770080566406,222.5242571258545,223.0454522188376,223.07088637942687,223.02460847010735,59.34743017486764,0.04627790931951381,0.0453402302809105,0.0009376790386033118,0.061218156650806606,77.69999168590483,84.16894391243528,223.17109510427505
2024-11-11 14:38:00,223.08999633789062,223.08999633789062,223.0500030517578,223.0850067138672,36363,223.0412498474121,222.97538970947267,222.5639404296875,222.40976755777996,222.5238816833496,223.04921931360232,223.07305873857152,223.02908241408957,57.8893804463087,0.043976324481945994,0.0450674491211176,-0.0010911246391716034,0.06005958610009423,67.27526840627868,77.92270697048582,223.17096864994625
2024-11-11 14:39:00,223.08580017089844,223.08580017089844,223.05999755859375,223.0749969482422,31214,223.0479949951172,222.9802215576172,222.5760903930664,222.4122762044271,222.52400665283204,223.05167432642517,223.07335692467467,223.03248349069347,56.39500983602924,0.040873433981204244,0.044228646093134934,-0.00335521211193069,0.05761265939979488,56.49190504816105,67.1557217134482,223.17085878273394
2024-11-11 14:40:00,223.07130432128906,223.10989379882812,223.05499267578125,223.0800018310547,37026,223.05099487304688,222.98502166748048,222.5898403930664,222.41487620035807,222.52425666809083,223.0543721840089,223.0743792179639,223.03600336775727,56.992808834593184,0.038375850206620044,0.043058086915831954,-0.004682236709211911,0.05741897823168308,50.75331721008197,58.17349688817391,223.17073951437496
2024-11-11 14:41:00,223.0850067138672,223.10989379882812,223.0399932861328,223.0800018310547,48276,223.05390014648438,222.98802185058594,222.60409042358398,222.4184095255534,222.52500671386719,223.05681310277515,223.07524423536248,223.0392625131867,56.9928088345932,0.03598172217576234,0.041642813967818035,-0.005661091792055692,0.058310516407853744,45.50644543519012,50.917222564477726,223.17057578711706
2024-11-11 14:42:00,223.07000732421875,223.07000732421875,222.97000122070312,223.0,47925,223.0554000854492,222.9888558959961,222.61829147338867,222.42174285888672,222.5246067047119,223.05140233108227,223.06366819915286,223.0363541788766,45.443284794549385,0.027314020276264728,0.038777055229507376,-0.011463034953242648,0.06200266597601955,35.356562656602826,43.87210843395832,223.17030468734316
2024-11-11 14:43:00,223.0,223.07000732421875,223.0,223.01499938964844,37703,223.05640029907227,222.99143188476563,222.63344146728517,222.42521748860676,222.52473167419433,223.04793538427907,223.05618068999834,223.03477234263747,47.587826703432235,0.02140834736087527,0.03530331365578095,-0.013894966294905685,0.06257442727918074,26.709523405596016,35.85751049912967,223.17011238427827
2024-11-11 14:44:00,223.00999450683594,223.0323944091797,222.97999572753906,223.0305938720703,30738,223.06043014526367,222.9946417236328,222.6465464782715,222.42868815104165,222.52558464050293,223.04628381168774,223.05224425647094,223.03446282629915,49.79733266334511,0.017781430171794455,0.031798936958983656,-0.014017506787189202,0.06184758830486953,21.523034442668216,27.86304016828903,223.16994053939413
2024-11-11 14:45:00,223.03880310058594,223.05999755859375,222.99000549316406,223.0,48199,223.05942993164064,222.99814178466798,222.66034652709962,222.43282145182292,222.52668464660644,223.04187582962226,223.0442066785523,223.03191002435108,45.72481367403838,0.012296654201236379,0.027898480407434204,-0.015601826206197825,0.0624293366710236,21.52303444266822,23.251864096977496,223.16967587848143
2024-11-11 14:46:00,223.0023956298828,223.0290069580078,222.99000549316406,223.02499389648438,24941,223.05926971435548,223.00192565917968,222.6745964050293,222.4376547241211,222.52805961608885,223.04026802646626,223.0412508659265,223.03139771858318,49.36788215039944,0.009853147343307,0.024289413794608763,-0.014436266451301763,0.06075591725453435,23.109528653780945,22.05186584637247,223.16953750142187
2024-11-11 14:47:00,223.02000427246094,223.02000427246094,223.0,223.0,19576,223.05826950073242,223.00392578125,222.68749633789062,222.4425380452474,222.52905960083007,223.03643297632664,223.03490457886085,223.02907196165108,46.03987085584465,0.0058326172097622475,0.02059805447763946,-0.014765437267877213,0.05820148719916091,18.253160877779393,20.96190799140953,223.16942346122988
2024-11-11 14:48:00,223.0050048828125,223.0491943359375,222.97000122070312,223.04640197753906,38210,223.05934982299806,223.00688781738282,222.700460357666,222.4481807454427,222.52962661743163,223.03738240501355,223.03667340942673,223.03035566653168,52.44884567221627,0.006317742895049605,0.01774199216112149,-0.011424249266071884,0.059700889201873567,25.618853848762296,22.32718112677422,223.16922207026386
2024-11-11 14:49:00,223.06500244140625,223.0800018310547,223.0399932861328,223.05499267578125,28457,223.05909957885743,223.00998779296876,222.71396026611328,222.45334737141928,222.52975357055664,223.0390595736581,223.03949175809663,223.0321806301798,53.54883594450386,0.007311127916835858,0.01565581931226436,-0.008344691395428504,0.05829429318170178,30.380758610667055,24.750924445736256,223.169109466584
2024-11-11 14:50:00,223.05499267578125,223.1300048828125,223.01980590820312,223.11500549316406,30479,223.06184997558594,223.0134878540039,222.72781036376952,222.45858072916667,222.53052856445314,223.04629251837298,223.0511092557993,223.03831580521566,60.43448438358635,0.012793450583643562,0.015083345566540202,-0.0022898949828966397,0.06200177042695633,54.0692460408466,36.68961950009199,223.16902164506922
2024-11-11 14:51:00,223.11500549316406,223.12989807128906,223.07000732421875,223.0717010498047,42992,223.06143493652343,223.01602172851562,222.7410774230957,222.463525390625,222.5315370941162,223.04871237850935,223.0542772241078,223.04078878629633,54.19201177862501,0.013488437811474796,0.014764364015527122,-0.0012759262040523255,0.06185098304432304,63.128627772642005,49.19287747471856,223.1689015559211
2024-11-11 14:52:00,223.0749969482422,223.08999633789062,223.0399932861328,223.0749969482422,26908,223.06143493652343,223.01842163085936,222.75535842895508,222.46844604492188,222.53296211242676,223.05121567086485,223.05746487397465,223.04332272421826,54.576583778837076,0.014142149756395384,0.014639921163700775,-0.0004977714073053918,0.06100470223806092,71.5109809135542,62.90295157568095,223.16880533514922
2024-11-11 14:53:00,223.0749969482422,223.09500122070312,223.07000732421875,223.08999633789062,22872,223.06343460083008,223.02122161865233,222.76925735473634,222.47425272623698,222.53441207885743,223.05490906772445,223.0624697145771,223.04678002893473,56.37168654787713,0.015689685642371387,0.014849874059434897,0.0008398115829364901,0.058432501826849656,68.05899930065483,67.56620266228369,223.1687372391412
2024-11-11 14:54:00,223.0850067138672,223.08999633789062,223.02999877929688,223.03500366210938,23227,223.0599349975586,223.02312164306642,222.78165740966796,222.47981943766277,222.535584564209,223.05301331480874,223.05824416804361,223.0459077054662,48.76290612293939,0.012336462577422935,0.014347191763032506,-0.0020107291856095704,0.05854429159592341,60.41388518024032,66.66128846481647,223.16864071444854
2024-11-11 14:55:00,223.0399932861328,223.05999755859375,223.02000427246094,223.0500030517578,23503,223.05743484497071,223.02602172851562,222.79435745239257,222.48648549397785,222.53690956115722,223.0527266230896,223.05697630399965,223.04621106445074,50.71682323462381,0.010765239548902628,0.013630801320206531,-0.0028655617713039035,0.05721921977702598,55.20694259012016,61.22660902367178,223.16853625969935
2024-11-11 14:56:00,223.05999755859375,223.0850067138672,223.0500030517578,223.0500030517578,23763,223.0536849975586,223.029423828125,222.80645751953125,222.49277282714843,222.53865959167481,223.05246723534373,223.05590349596247,223.04649195239944,50.71682323462381,0.009411543563032865,0.012786949768771799,-0.0033754062057389338,0.0556323942292212,46.87519867760188,54.16534214932079,223.16844626725248
2024-11-11 14:57:00,223.05799865722656,223.07130432128906,223.02999877929688,223.0500030517578,23929,223.05143508911132,223.03202392578126,222.81805862426756,222.49883951822918,222.53955963134766,223.0522325511927,223.05499573531557,223.0467520338334,50.71682323462382,0.008243701482172128,0.011878300111451866,-0.0036345986292797387,0.05460904764079254,50.0,50.694047089240684,223.16834627957365
2024-11-11 14:58:00,223.05999755859375,223.05999755859375,223.00999450683594,223.00999450683594,36923,223.04768447875978,223.03322387695312,222.8289585876465,222.5046728515625,222.54040962219239,223.04820988030158,223.04807246939563,223.0440292540558,44.99985263819126,0.004043215339834205,0.010311283157128336,-0.00626806781729413,0.054280047934844776,41.66507724585161,46.180091974484505,223.1681612886044
2024-11-11 14:59:00,223.0050048828125,223.08990478515625,223.0050048828125,223.0449981689453,47560,223.04618453979492,223.03492370605468,222.83995849609374,222.51033945719402,222.54110961914063,223.04790400302954,223.0475995000956,223.0441010255291,50.28048803485727,0.003498474566498544,0.008948721439002378,-0.005450246872503834,0.05646718039275113,40.622417191175536,44.095831479009064,223.16795725045102
2024-11-11 15:00:00,223.0500030517578,223.05999755859375,223.02999877929688,223.031005859375,30391,223.04373474121093,223.03714385986328,222.84956848144532,222.51601287841797,222.54127212524415,223.04629465601482,223.0450466322924,223.04313101322137,48.284796830591475,0.0019156190710418741,0.007542100965410277,-0.005626481894368403,0.05457658031437203,36.664759361688596,39.65075126623859,223.16782047392812
2024-11-11 15:01:00,223.0399932861328,223.07000732421875,223.01499938964844,223.05999755859375,20741,223.0427345275879,223.04114379882813,222.86086853027345,222.52214619954427,222.54175659179688,223.04759969435568,223.0473467748003,223.04438038695264,52.49232101305362,0.0029663878476640093,0.0066269583418610235,-0.003660570494197014,0.054607391332655054,47.081823383559026,41.45633331214106,223.16773314359057
2024-11-11 15:02:00,223.06500244140625,223.06500244140625,223.02000427246094,223.06500244140625,38846,223.0459846496582,223.0418438720703,222.87091857910156,222.5284462483724,222.54225662231445,223.0492570988367,223.05006303120123,223.0459079465418,53.20019725123447,0.004155084659430486,0.0061325836053749165,-0.0019774989459444307,0.053921018304955735,47.45716572990177,43.734582825049806,223.1675722053857
2024-11-11 15:03:00,223.07000732421875,223.09500122070312,223.02999877929688,223.0500030517578,30562,223.04773483276367,223.04169403076173,222.8799186706543,222.53444630940754,222.54255714416504,223.04932814197204,223.05005380359455,223.04621128766894,50.75917127256872,0.0038425159256121333,0.0056745700694223605,-0.0018320541438102272,0.05471254852651105,46.747668611472044,47.095552574977624,223.1674548471777
2024-11-11 15:04:00,223.05999755859375,223.0850067138672,223.0399932861328,223.06500244140625,30956,223.04945526123046,223.04329406738282,222.8890687561035,222.54077229817707,222.54338218688966,223.05082093239434,223.05235359402712,223.0476032249828,53.07775419390585,0.004750369044330682,0.005489729864404025,-0.0007393608200733431,0.05401975418418777,44.0118926461324,46.072242329168745,223.16734166758786
2024-11-11 15:05:00,223.06390380859375,223.0800018310547,223.0399932861328,223.0749969482422,43619,223.05320510864257,223.04419403076173,222.89791870117188,222.54763895670573,222.54397315979003,223.05312341009414,223.0558371869833,223.04963238966866,54.61137082973675,0.006204797314637744,0.00563274335445077,0.0005720539601869745,0.053018953522556644,53.93658573595099,48.23204899785182,223.1671851507972
2024-11-11 15:06:00,223.0749969482422,223.09500122070312,223.0399932861328,223.09249877929688,31468,223.05658035278321,223.04464385986327,222.9056246948242,222.55452290852864,222.54481063842775,223.05687344525631,223.06147743195461,223.05280767778925,57.24658337214419,0.008669754165367749,0.006240145516634166,0.002429608648733583,0.0531610235974013,74.3435394857214,57.430672622601605,223.1670844716334
2024-11-11 15:07:00,223.08999633789062,223.16000366210938,223.0800018310547,223.13499450683594,64105,223.063330078125,223.0477438354492,222.91362457275392,222.56182291666667,222.54566062927245,223.06431354635913,223.0727877511671,223.05889559105196,62.88170243464655,0.013892160115148044,0.007770548436336943,0.006121611678811102,0.05507822413012634,86.28548553071708,71.5218702507965,223.16699019968752
2024-11-11 15:08:00,223.1300048828125,223.19569396972656,223.11000061035156,223.18499755859375,54320,223.07025985717775,223.0516436767578,222.9215756225586,222.56999827067057,222.5468851470947,223.07580726181004,223.09005079846352,223.06823647753654,68.19394607986891,0.021814320926978326,0.01057930293446522,0.011235017992513106,0.05726501950482557,91.82499473486571,84.15133991710141,223.16698370868627
2024-11-11 15:09:00,223.19000244140625,223.2375030517578,223.18499755859375,223.20010375976562,52172,223.07751541137696,223.05684387207032,222.92897659301758,222.57846567789713,222.54814315795898,223.08764502352008,223.10698202327924,223.07800442436834,69.6090167340227,0.028977598910898905,0.014258962129751957,0.014718636781146948,0.05692505333761878,87.38991470967404,88.50013165841897,223.1670573625453
2024-11-11 15:10:00,223.1999969482422,223.28990173339844,223.19000244140625,223.22000122070312,81024,223.0827651977539,223.06084381103517,222.93717666625977,222.58679697672525,222.54939315795897,223.10025037563275,223.12436959211368,223.08852270557833,71.41312304721481,0.03584688653535295,0.018576547010872156,0.017270339524480795,0.05999464181302426,84.58981145684544,87.93490696712841,223.1672436979335
2024-11-11 15:11:00,223.22000122070312,223.22000122070312,223.13499450683594,223.14999389648438,43289,223.0866798400879,223.06340576171874,222.9443766784668,222.59440826416017,222.55031814575196,223.1049878538091,223.12831179278612,223.09307612712692,58.299746244501335,0.03523566565920078,0.02190837074053788,0.013327294918662896,0.06178121838836441,70.09017929475608,80.68996848709186,223.16724532782285
2024-11-11 15:12:00,223.14500427246094,223.2449951171875,223.13499450683594,223.2449951171875,42348,223.09517974853514,223.06890563964845,222.95235656738282,222.60310821533204,222.55174308776856,223.11832187889274,223.14626307346327,223.10432938564992,67.12252455652953,0.041933687813354936,0.025913434155101292,0.016020253658253644,0.06522546067152656,70.19798975237892,74.95932683466016,223.16730554733294
2024-11-11 15:13:00,223.24000549316406,223.25990295410156,223.22999572753906,223.2550048828125,34391,223.10343017578126,223.07410583496093,222.96095657348633,222.61214162190754,222.5536930847168,223.1313393078375,223.16299258259392,223.1154905335879,67.89332404958515,0.04750204900602739,0.030231157125286512,0.01727089188074088,0.0627027296636869,74.14502440501711,71.47773115071739,223.16740184877645
2024-11-11 15:14:00,223.25999450683594,223.36000061035156,223.2550048828125,223.33999633789062,66368,223.11867980957032,223.0819058227539,222.97006759643554,222.62170827229818,222.55684303283692,223.1512114059378,223.19022392956265,223.13212059316587,73.56120430427971,0.058103336396783334,0.03580559297958588,0.022297743417197452,0.06572365808341449,88.58166553889555,77.64155989876387,223.1677473673015
2024-11-11 15:15:00,223.33999633789062,223.34500122070312,223.30999755859375,223.33999633789062,58166,223.13317947387696,223.0883056640625,222.9789175415039,222.63184153238933,222.55969299316405,223.16919092326665,223.2132658385362,223.1475187964788,73.5612043042797,0.06574704205738158,0.041793882795145024,0.023953159262236554,0.06352937265665835,91.87457866466212,84.8670895361916,223.16807558010723
2024-11-11 15:16:00,223.34500122070312,223.39999389648438,223.3249969482422,223.38999938964844,75999,223.1501792907715,223.09554168701172,222.98826751708984,222.64220815022787,222.5630429840088,223.1902203010173,223.24045561563037,223.16548032189877,76.40346651485112,0.0749752937315975,0.04843016498243552,0.026545128749161984,0.06434848519849541,95.205584680259,91.88727629460557,223.1686068136988
2024-11-11 15:17:00,223.39500427246094,223.5399932861328,223.3699951171875,223.52999877929688,95515,223.17417907714844,223.10574157714845,222.9989175415039,222.6541748046875,222.56709297180177,223.22258015609154,223.2850007177329,223.19248168911344,82.17977089544357,0.0925190286194777,0.05724793770984396,0.035271090909633734,0.07189489118052672,96.47205733377352,94.51740689289822,223.16962465168893
2024-11-11 15:18:00,223.52169799804688,223.5330047607422,223.4949951171875,223.52000427246094,49876,223.19967956542968,223.11564575195314,223.0099676513672,222.665808207194,222.57081802368165,223.25090626241246,223.321155110768,223.21674262121326,80.66170998048909,0.1044124895547327,0.06668084807882171,0.03773164147591099,0.06947451635007516,97.10068072893039,96.25944091432098,223.17021485767833
2024-11-11 15:19:00,223.52029418945312,223.60000610351562,223.5050048828125,223.5800018310547,56390,223.22642974853517,223.12604583740233,223.02096862792968,222.6780748494466,222.5748184967041,223.28224869752125,223.36097768311978,223.24365071083113,82.72474089123122,0.11732697228865163,0.0768100729207877,0.04051689936786393,0.07129785237531715,96.81039538221988,96.79437781497461,223.1709675414779
2024-11-11 15:20:00,223.5749969482422,223.6320037841797,223.55999755859375,223.60000610351562,52347,223.2548797607422,223.13684600830078,223.03026870727538,222.69027486165365,222.57911849975585,223.31251130761595,223.3977512862576,223.27004740658555,83.36206585912257,0.12770387967205465,0.0869888342710411,0.04071504540101356,0.07134845046179067,95.54447558142537,96.48518389752523,223.1717272195968
2024-11-11 15:21:00,223.60989379882812,223.6199951171875,223.57000732421875,223.60870361328125,43860,223.28231506347657,223.14742004394532,223.0397557067871,222.70239959716798,222.583012008667,223.34072009863172,223.4302054904151,223.295133051526,83.64458941340692,0.1350724388890967,0.09660555519465222,0.03846688369444448,0.06982268921227038,95.38920744874457,95.91469280412996,223.17236497857033
2024-11-11 15:22:00,223.60499572753906,223.67999267578125,223.60000610351562,223.6699981689453,48963,223.31256484985352,223.15932006835936,223.04930572509767,222.7142328898112,222.58721199035645,223.37207991485207,223.46709667172743,223.3229008380015,85.51175449288976,0.14419583372594502,0.10612361090091078,0.03807222282503424,0.07054868085894626,95.9686238238064,95.6341022846588,223.17315847730188
2024-11-11 15:23:00,223.6699981689453,223.74000549316406,223.6699981689453,223.6772003173828,76916,223.34392471313475,223.17186401367186,223.05897766113281,222.7261482747396,222.59164848327637,223.40113900080738,223.4994203095206,223.3491452438816,85.71807053572861,0.1502750656389935,0.11495390184852734,0.03532116379046617,0.0705100125275033,94.44056665283954,95.26613264179684,223.17451872298574
2024-11-11 15:24:00,223.6750030517578,223.73980712890625,223.6750030517578,223.70010375976562,70558,223.37567977905275,223.18376617431642,223.06852676391603,222.73774892171224,222.59619903564453,223.4296118349939,223.53029468648137,223.37514217098413,86.38219239323294,0.1551525154972353,0.12299362457826894,0.03215889091896636,0.07010244571470918,93.7300330067727,94.71307449447289,223.17578231862865
2024-11-11 15:25:00,223.7064971923828,223.72000122070312,223.60000610351562,223.6199951171875,53579,223.4029296875,223.19416595458983,223.07667678833008,222.74878224690755,222.60044853210448,223.4477435761552,223.54409475274386,223.39327942625846,73.50702129932303,0.1508153264854002,0.1285579649596952,0.022257361525704983,0.07366620796279591,87.72929802438,91.96663256133075,223.1766325556574
2024-11-11 15:26:00,223.61500549316406,223.6334991455078,223.5399932861328,223.57989501953125,47035,223.42729949951172,223.20326385498046,223.08382568359374,222.76008158365886,222.60455703735352,223.46032942790532,223.54960248609575,223.40710280353792,68.04008078840822,0.1424996825578262,0.1313463084793214,0.01115337407850478,0.07508332592082168,80.72503899104397,87.39479000739891,223.17727797622345
2024-11-11 15:27:00,223.5800018310547,223.625,223.57000732421875,223.58999633789062,51370,223.45004959106444,223.21316375732422,223.09112670898438,222.77191487630208,222.6090665435791,223.47267865742774,223.5558169248334,223.42065047274923,68.67214827414503,0.135166452084178,0.13211033720029275,0.0030561148838852414,0.07364827948227037,72.61354707687681,80.35596136410027,223.1779987363732
2024-11-11 15:28:00,223.58999633789062,223.6199951171875,223.55999755859375,223.61000061035156,50562,223.47129974365234,223.2236636352539,223.09952667236328,222.7838481648763,222.61324157714844,223.4857569386586,223.5641528764516,223.43467640886792,69.94002149423042,0.12947646758368592,0.1315835632769714,-0.002107095693285488,0.0726732279902266,69.14785700122805,74.16214768971628,223.17870855474558
2024-11-11 15:29:00,223.6199951171875,223.66000366210938,223.61000061035156,223.63499450683594,45514,223.49304428100587,223.23486358642577,223.1075425720215,222.79568145751952,222.61792304992676,223.49997004038977,223.57505158881844,223.44951478649517,71.49241403031036,0.1255368023232677,0.13037421108623068,-0.004837408762962986,0.07105392968790111,71.17794975295834,70.9797846103544,223.17940386760864
2024-11-11 15:30:00,223.63999938964844,223.79559326171875,223.625,223.77000427246094,67834,223.52054443359376,223.2486636352539,223.1168426513672,222.80944814046225,222.62332305908203,223.5256875863013,223.60504430937883,223.47325474841858,78.07816943457381,0.13178956096024308,0.13065728106103316,0.0011322798992099148,0.07816388197586054,79.48368545872256,73.26983073763633,223.18065195720285
2024-11-11 15:31:00,223.77000427246094,223.77999877929688,223.6699981689453,223.6750030517578,58638,223.54679489135742,223.26056365966798,223.12429275512696,222.82291483561198,222.62894805908203,223.53990810682095,223.61580719282176,223.48819906718444,66.44595527073322,0.12760812563732316,0.13004744997629117,-0.002439324338968013,0.08043793400270877,76.18914696928299,75.61692739365465,223.18168355203687
2024-11-11 15:32:00,223.6699981689453,223.6999053955078,223.64300537109375,223.69500732421875,53163,223.56929550170898,223.27446380615234,223.13165985107423,222.8370155843099,222.63492309570313,223.55467946085884,223.6279918284213,223.50351819733513,67.54249936410692,0.12447363108617537,0.128932686198268,-0.00445905511209263,0.0787566547463684,73.08539842185048,76.25274361661867,223.18256398975632
2024-11-11 15:33:00,223.69000244140625,223.72999572753906,223.6300048828125,223.64999389648438,54600,223.58904495239258,223.28716369628907,223.13929779052734,222.85134887695312,222.64070404052734,223.5637570261565,223.63137676196948,223.51436824912398,62.58613357022585,0.1170085128455014,0.1265478515277147,-0.009539338682213294,0.08027338260210369,56.10163620132224,68.45872719748525,223.18344810595138
2024-11-11 15:34:00,223.64999389648438,223.72000122070312,223.63999938964844,223.64999389648438,69140,223.60454483032225,223.29955169677734,223.1470967102051,222.86421488444012,222.64640403747558,223.57197006142582,223.63424093651022,223.5244145933729,62.586133570225854,0.1098263431373141,0.12320354984963458,-0.013377206712320483,0.08025398606300246,50.48596550519693,59.8910000427899,223.18456307104998
2024-11-11 15:35:00,223.6793975830078,223.69000244140625,223.64010620117188,223.66000366210938,48222,223.62054519653321,223.31275177001953,223.15544677734374,222.87781494140626,222.65280403137206,223.58035421387189,223.63820443275623,223.53445822809414,63.28104228613521,0.1037462046620874,0.11931208081212515,-0.015565876150037752,0.07808557564666319,44.34163134539232,50.309744350637175,223.18532711289026
2024-11-11 15:36:00,223.6699981689453,223.7100067138672,223.66009521484375,223.68499755859375,46120,223.63529510498046,223.32595184326172,223.1639387512207,222.8917148844401,222.65972900390625,223.59032024670256,223.64540337519276,223.54560928961263,65.02772412407563,0.09979408558012892,0.1154084817657259,-0.015614396185596985,0.07607968108316632,48.90653294330687,47.911376597965386,223.1860885822065
2024-11-11 15:37:00,223.68499755859375,223.72000122070312,223.68499755859375,223.72000122070312,41145,223.6447952270508,223.3403518676758,223.17213882446288,222.90511484781902,222.6669915008545,223.602670815655,223.65687996680973,223.55852721043414,67.36882622648618,0.09835275637558993,0.11199733668769872,-0.013644580312108787,0.0731456797278853,58.036336139135976,50.4281668092784,223.18679758777932
2024-11-11 15:38:00,223.7198028564453,223.9199981689453,223.7100067138672,223.91990661621094,121212,223.66479034423827,223.35782196044923,223.18235488891602,222.9195808919271,222.67559104919434,223.63288374904127,223.69734560517915,223.58529605530651,76.88536801664748,0.11204954987263704,0.11200777932468639,4.17705479506536e-05,0.08292037796721978,75.7108317170498,60.88456693316422,223.18943937237765
2024-11-11 15:39:00,223.9149932861328,223.9199981689453,223.80999755859375,223.89500427246094,51953,223.6805404663086,223.37462219238282,223.1923049926758,222.93418090820313,222.68366607666016,223.65784760841458,223.72775463091483,223.60823740472534,73.99053817866482,0.11951722618948679,0.11350966869764648,0.006007557491840315,0.08485468028039295,87.94143234974045,73.89620006864209,223.1906079044151
2024-11-11 15:40:00,223.89500427246094,223.89999389648438,223.8249969482422,223.83999633789062,92125,223.69253997802736,223.38912200927734,223.20130493164064,222.9482475789388,222.69121604919434,223.6751951064599,223.7450225858342,223.62540473310796,67.9081897597365,0.11961785272623615,0.11473130550336441,0.00488654722287174,0.08415055656337632,90.39198588248068,84.68141664975698,223.19260994385706
2024-11-11 15:41:00,223.85000610351562,223.89999389648438,223.84500122070312,223.88999938964844,53533,223.70660476684571,223.40548797607423,223.2107548522949,222.96254760742187,222.6990160369873,223.69565265723975,223.76732670949792,223.64500433729614,70.29837303528815,0.12232237220177922,0.11624951884304738,0.006072853358731839,0.08242534242268425,87.62235668049276,88.65192497090464,223.19380856807848
2024-11-11 15:42:00,223.89500427246094,223.92999267578125,223.8800048828125,223.90499877929688,71557,223.71835479736328,223.42208801269533,223.22025482177733,222.97760162353515,222.70685653686525,223.71559038314996,223.78850702792852,223.66426318485176,70.99620926102573,0.12424384307675496,0.1178483836897889,0.0063954593869660625,0.08010837460454052,87.21118012770098,88.40850756355815,223.19546639051754
2024-11-11 15:43:00,223.89999389648438,223.89999389648438,223.8000030517578,223.8800048828125,98423,223.72849502563477,223.43788818359374,223.22955490112304,222.9921342976888,222.71516159057617,223.73124890692733,223.80258362098758,223.68024405136737,68.12398479294717,0.12233956962020898,0.11874662087587291,0.0035929487443360636,0.08188604267129607,89.15546655148874,87.9963344532275,223.1975902405119
2024-11-11 15:44:00,223.88499450683594,223.8990020751953,223.75,223.7550048828125,60681,223.73124008178712,223.45228820800781,223.23770492553712,223.0052010091146,222.72293663024902,223.73351138082117,223.79526381511448,223.6857818907337,55.93592051813735,0.10948192438078763,0.11689368157685587,-0.007411757196068236,0.08668004499445006,72.48924731078397,82.95196466332457,223.19877754348758
2024-11-11 15:45:00,223.7550048828125,223.82000732421875,223.7550048828125,223.75999450683594,41717,223.73824005126954,223.46648803710937,223.2462548828125,223.0184009806315,222.73148612976075,223.7360335832988,223.789837767687,223.69127912155608,56.27222646738788,0.09855864613092535,0.11322667448766977,-0.014668028356744411,0.08513164473814709,56.2033886998866,72.61603418738645,223.19956003245116
2024-11-11 15:46:00,223.7698974609375,223.7698974609375,223.50999450683594,223.50999450683594,101225,223.73474502563477,223.47568786621093,223.25255584716797,223.02953430175782,222.73850158691405,223.71450605220707,223.7467849583253,223.6778506315768,39.85795181735035,0.0689343267484901,0.10436820493983383,-0.035433878191343735,0.0976153096926991,28.333333333333332,52.34198978133464,223.20085661837723
2024-11-11 15:47:00,223.51499938964844,223.55999755859375,223.4600067138672,223.52000427246094,70382,223.7312454223633,223.485087890625,223.25855590820314,223.0404017130534,222.74540161132813,223.69598207318364,223.71189562203847,223.66615830867934,40.604995674393585,0.04573731335912612,0.0926420266236923,-0.046904713264566175,0.0977849907665468,18.699152378306056,34.41195813717534,223.2015644762473
2024-11-11 15:48:00,223.5449981689453,223.625,223.52999877929688,223.625,44702,223.73199539184571,223.4973880004883,223.2653059387207,223.05176839192708,222.75285163879394,223.68922187573756,223.6985270648018,223.66310954507347,47.91345504434419,0.03541751972832685,0.08119712524461921,-0.04577960551629236,0.09830004339315586,15.957274114476803,20.996586608705407,223.20212732908055
2024-11-11 15:49:00,223.6300048828125,223.63999938964844,223.52999877929688,223.53990173339844,55424,223.72724075317382,223.50728607177734,223.27110488891603,223.06240102132162,222.75957611083984,223.6750009098005,223.67412316766283,223.65398304050495,43.26656780530594,0.020140127157873167,0.06898572562727,-0.04884559846939683,0.09913579817590042,21.62375680443276,18.76006109907188,223.2027813950052
2024-11-11 15:50:00,223.5500030517578,223.9499969482422,223.5399932861328,223.91000366210938,167973,223.73424072265624,223.52486602783202,223.28100494384765,223.07466766357422,222.7682261657715,223.6973821243061,223.71041247450074,223.67294753099418,60.98770148186978,0.037464943506563486,0.0626815692031287,-0.025216625696565215,0.12134718508077635,47.981131108002934,28.520720675637506,223.2059825207954
2024-11-11 15:51:00,223.90499877929688,223.99000549316406,223.86000061035156,223.97000122070312,88061,223.7489906311035,223.54306610107423,223.29210494995118,223.08826772054036,222.77737617492676,223.7233458477725,223.75034920468573,223.69495150800967,63.00509787511937,0.0553976966760672,0.061224794697716405,-0.005827098021649206,0.12196559206161453,68.3543301828487,45.986406031761476,223.20803937823163
2024-11-11 15:52:00,223.96820068359375,224.0800018310547,223.90049743652344,224.05999755859375,206447,223.76724014282226,223.56296600341796,223.30240493774414,223.1016010538737,222.78707618713378,223.75540791546976,223.79798741297927,223.72199195620107,65.85719821588496,0.07599545677820174,0.06417892711381348,0.011816529664388259,0.1260755065237361,94.94567383666121,70.42704504250429,223.213296177041
2024-11-11 15:53:00,224.07000732421875,224.1999969482422,224.07000732421875,224.19000244140625,129160,223.79424057006835,223.58576599121093,223.31373001098632,223.11520111083985,222.7972762298584,223.79679787032086,223.85829741735267,223.7566593995496,69.51355984986722,0.1016380178030829,0.07167074525166736,0.02996727255141554,0.12707006960407297,97.21615081728949,86.83871827893314,223.21711890542448
2024-11-11 15:54:00,224.1999969482422,224.22000122070312,223.85000610351562,223.9600067138672,237963,223.8097412109375,223.60366607666015,223.32348007202148,223.12726786295573,222.80649574279786,223.81234156970623,223.87394500143182,223.77172216357312,57.73405949336361,0.10222283785870445,0.07778116377307479,0.024441674085629667,0.14442185871719207,87.07093379313646,93.07758614902906,223.22301518033154
2024-11-11 15:55:00,223.94500732421875,223.99000549316406,223.7899932861328,223.8498992919922,187128,223.81923599243163,223.61916412353514,223.33167907714844,223.13833384195962,222.8155202484131,223.81591849563821,223.87024566151803,223.77751306197453,53.09536805701143,0.09273259954349555,0.08077145092715894,0.011961148616336612,0.14839259788248557,71.91378272258929,85.40028911100508,223.22681521731684
2024-11-11 15:56:00,223.85000610351562,224.0399932861328,223.83999633789062,224.02000427246094,177471,223.835986328125,223.63771423339844,223.34117904663086,223.14965454101562,222.8253207397461,223.835355236288,223.89328544781694,223.79547537386242,58.62601415766985,0.0978100739545198,0.08417917553263111,0.01363089842188868,0.15207862290818172,63.59213229733438,74.19228293768673,223.23087224578828
2024-11-11 15:57:00,224.0216064453125,224.16000366210938,223.97000122070312,224.148193359375,225040,223.8573959350586,223.65797821044922,223.3528610229492,223.16174245198567,222.8358617401123,223.86514934324865,223.9325020495951,223.82160263204855,62.239425763365894,0.1108994175465341,0.0895232239354117,0.02137619361112239,0.15478746708661734,71.84599219654534,69.11730240548967,223.23682372128522
2024-11-11 15:58:00,224.13999938964844,224.19000244140625,224.03500366210938,224.1300048828125,279562,223.86790084838867,223.6768783569336,223.36426101684572,223.1733432006836,222.84671829223632,223.89037368034997,223.9628871008593,223.84444724321625,61.41977611535948,0.11843985764303966,0.0953065506769373,0.023133306966102357,0.15480256081592147,84.13141392441491,73.18984613943155,223.24432137342248
2024-11-11 15:59:00,224.1300048828125,224.35000610351562,224.1199951171875,224.25,923436,223.88565063476562,223.69787628173827,223.3773600769043,223.1852764892578,222.85831832885742,223.92462380603092,224.0070583161117,223.8744881881632,64.72069347848641,0.13257012794849743,0.10275926613124933,0.029810861817248097,0.160174591209654,89.1577237848062,81.71170996858882,223.27153029418773
2024-11-12 09:30:00,224.6300048828125,225.0399932861328,224.5,224.71499633789062,1444824,223.9294006347656,223.72777618408202,223.3943099975586,223.2007098388672,222.87204177856447,223.99989738049376,224.11597185792385,223.936748051106,74.00312409056262,0.1792238068178449,0.11805217426856845,0.06117163254927643,0.20516164084705096,85.45068017893398,86.24660596271838,224.7516632080078
2024-11-12 09:31:00,224.6999969482422,224.77130126953125,224.27999877929688,224.32000732421875,140920,223.95090103149414,223.7511764526367,223.40729110717774,223.21330993652344,222.8836003112793,224.0303840418009,224.1473619296615,223.96513762689216,59.64664722362914,0.18222430276935597,0.13088659996872598,0.05133770280062999,0.2256002729461576,73.50412884827227,82.70417760400416,224.72548653577329
2024-11-12 09:32:00,224.32000732421875,224.7899932861328,224.30560302734375,224.42999267578125,185809,223.97715072631837,223.7748764038086,223.42189102172853,223.2265298461914,222.89605026245118,224.0684420069419,224.1908435829107,223.99957133421728,61.865122974944896,0.19127224869342285,0.14296372971366536,0.04830851897975749,0.2440852719349466,63.78383224025085,74.24621375581904,224.70273105538
2024-11-12 09:33:00,224.44000244140625,224.5399932861328,223.91000366210938,223.96499633789062,175410,223.98140029907228,223.78907623291016,223.43159103393555,223.23699645996095,222.90637527465822,224.0585900384608,224.1560978529076,223.99701022337825,49.47991336346534,0.15908762952935263,0.14618850967680283,0.012899119852549795,0.27164986851270995,46.75154514022112,61.3465020762481,224.65188191393048
2024-11-12 09:34:00,223.97999572753906,224.16000366210938,223.77000427246094,223.90139770507812,162434,223.98871994018555,223.8003042602539,223.4411050415039,223.24681315104166,222.91635726928712,224.04361934004342,224.11691321477997,223.98992781461527,48.06265772530675,0.12698540016469906,0.1423478877743821,-0.015362487609683034,0.28010340573669446,32.760675828476714,47.76535106964957,224.59735624984233
2024-11-12 09:35:00,223.90499877929688,224.03990173339844,223.69000244140625,223.97430419921875,174387,223.9994354248047,223.81299041748048,223.45064804077148,223.2569418334961,222.92712875366212,224.0370178980601,224.0949733662321,223.9887705097711,49.83648110724042,0.10620285646101024,0.13511888151170773,-0.028916025050697486,0.28508882618351755,19.913032715531603,33.14175122807649,224.5442140806321
2024-11-12 09:36:00,223.98500061035156,224.07000732421875,223.8249969482422,223.83999633789062,85303,224.01593551635742,223.82199035644533,223.4587660217285,223.26617513020832,222.93715370178222,224.01825393994872,224.05574613110264,223.9777502007429,46.67401611222462,0.07799593035974794,0.12369429128131577,-0.04569836092156783,0.28222607974016245,14.172098570357633,22.281935704788662,224.52143814429098
2024-11-12 09:37:00,223.7050018310547,223.7100067138672,223.6804962158203,223.6804962158203,184924,224.0239601135254,223.8250003051758,223.46537094116212,223.27427846272786,222.94688117980957,223.98608653765075,223.99801537490535,223.95573138704492,43.17045831604428,0.042283987860429306,0.10741223059713849,-0.06512824273670918,0.27345993990659845,10.723422211672863,14.936184499187377,224.46126170858514
2024-11-12 09:38:00,223.69000244140625,223.83999633789062,223.6300048828125,223.83999633789062,88378,224.03470993041992,223.83140014648438,223.47352294921876,223.28377848307292,222.9572061920166,223.97217318529263,223.97370475382615,223.9471584204409,47.42088083713492,0.02654633338525514,0.09123905115476183,-0.06469271776950669,0.2689264767045631,8.667955945593285,11.187825575874603,224.4381415702544
2024-11-12 09:39:00,223.83999633789062,223.91000366210938,223.5800018310547,223.79420471191406,100509,224.04742507934571,223.83568420410157,223.48086502075196,223.29254048665365,222.96747718811037,223.9552238068756,223.94608936276276,223.93582851610557,46.349092772080645,0.010260846657189404,0.07504341025524736,-0.06478256359805795,0.2732890020152877,9.854883184025008,9.748753780430395,224.41334360963612
2024-11-12 09:40:00,223.80999755859375,224.0,223.6750030517578,223.80599975585938,123734,224.0422248840332,223.83980407714844,223.4883250427246,223.3001138305664,222.97765716552735,223.94101199249312,223.92453711554685,223.92621157090213,46.68336493699301,-0.0016744553552712205,0.05969983713314365,-0.06137429248841487,0.27698242674578166,15.014683355426108,11.179174161681475,224.38803498111474
2024-11-12 09:41:00,223.8300018310547,224.11000061035156,223.79010009765625,224.0500030517578,94759,224.04622497558594,223.84863006591797,223.49802505493165,223.30938049316407,222.98895721435548,223.9513920933755,223.9438395672716,223.93538131022476,53.18192989255554,0.00845825704683989,0.0494515211158829,-0.04099326406904301,0.2800480043136062,20.780989806511847,15.216852115320997,224.3750863883583
2024-11-12 09:42:00,224.0500030517578,224.0800018310547,223.75559997558594,223.7949981689453,127807,224.03297500610353,223.85113006591797,223.50522506713867,223.3165805053711,222.9984571838379,223.93649743390594,223.920940890606,223.92498255901887,46.76648279847199,-0.004041668412867239,0.03875288321013287,-0.04279455162300011,0.2832161365389745,20.799105369871032,18.86492617726967,224.3544739287457
2024-11-12 09:43:00,223.79359436035156,224.0500030517578,223.79359436035156,223.94580078125,108778,224.0207649230957,223.85650207519532,223.5141830444336,223.32481913248697,223.00873672485352,223.93738346698632,223.9247654891666,223.92652464955452,50.56441789538898,-0.001759160387933889,0.03065047449051952,-0.032409634878453414,0.28130131902949373,23.99092828327167,21.85700781988486,224.34002877777252
2024-11-12 09:44:00,223.9499969482422,224.02000427246094,223.92999267578125,223.96499633789062,82211,224.02101440429686,223.8617999267578,223.5227830505371,223.33295115152995,223.01876167297362,223.94001326421528,223.93095485050875,223.9293744042461,51.04321530662534,0.0015804462626647364,0.024836468844948566,-0.02325602258228383,0.26763776743307593,23.8662281805305,22.885420611224408,224.33079649878943
2024-11-12 09:45:00,223.9499969482422,224.02999877929688,223.75999450683594,223.85000610351562,76426,224.02101974487306,223.86640014648438,223.53028305053712,223.33991790771483,223.02818672180175,223.93144115367244,223.91850119712518,223.92349527085864,48.041473117645594,-0.0049940737334566165,0.01887036032926753,-0.023864434062724146,0.2678068035064947,26.395794018074543,24.750983493958916,224.3205324055605
2024-11-12 09:46:00,223.85000610351562,223.94000244140625,223.83999633789062,223.92999267578125,28180,224.01651916503906,223.87340209960936,223.5383329772949,223.34701782226563,223.03841171264648,223.93130320339708,223.9202691169184,223.92397656011218,50.23382585379041,-0.0037074431937753616,0.014354799624658953,-0.018062242818434313,0.2558210392214303,30.19673898913742,26.819587062580833,224.31705900257228
2024-11-12 09:47:00,223.6999969482422,223.9600067138672,223.5749969482422,223.9250030517578,204494,224.0053596496582,223.88010223388673,223.54663299560548,223.3541185506185,223.04896171569825,223.93070318895525,223.920997414586,223.92405259653037,50.09183643729413,-0.0030551819443758177,0.010872803310851999,-0.013927985255227817,0.2650488053931155,39.53389365165566,32.042142219622555,224.28873997263028
2024-11-12 09:48:00,223.9600067138672,224.07000732421875,223.8300018310547,223.83999633789062,69223,223.9908592224121,223.8847021484375,223.5541828918457,223.3612518310547,223.0590616607666,223.9220644412348,223.90853571047901,223.9178262070015,47.622166273753145,-0.009290496522481817,0.006840143344185237,-0.016130639866667053,0.26325999737675426,48.606459277705596,39.44569730616624,224.28163690415678
2024-11-12 09:49:00,223.8350067138672,223.8699951171875,223.67999267578125,223.7100067138672,64065,223.96385955810547,223.88620239257813,223.56053298950195,223.36709584554038,223.06831169128418,223.9018684671998,223.87799278792335,223.90243217047305,44.045993026176404,-0.02443938254970135,0.0005842381654079199,-0.02502362071510927,0.25802731480743174,44.86565704619022,44.33533665851717,224.27254484138538
2024-11-12 09:50:00,223.71499633789062,223.88999938964844,223.64500427246094,223.85000610351562,60469,223.9206100463867,223.8878024291992,223.56823303222657,223.37382924397787,223.07903671264648,223.896929194468,223.8736871441683,223.89854875810585,48.52904493799804,-0.024861613937559923,-0.004504932255185649,-0.020356681682374273,0.2570964435488651,42.05692772802465,45.17634801730683,224.2649117125678
2024-11-12 09:53:00,224.22000122070312,224.22999572753906,224.15020751953125,224.2100067138672,272042,223.91511001586915,223.8985025024414,223.57953308105468,223.38236267089843,223.09181175231933,223.92674610107744,223.92542861642966,223.92161971779188,57.8753624453473,0.003808898637771563,-0.002842166076594207,0.00665106471436577,0.26587452786847854,57.8622541798701,48.261612984695,224.26033807852423
2024-11-12 09:54:00,224.21499633789062,224.22999572753906,224.10000610351562,224.14999389648438,72958,223.9011100769043,223.9076022338867,223.59103302001952,223.3903073120117,223.1046622467041,223.9480077958781,223.95997712105344,223.93853632362095,56.0482477709599,0.021440797432489944,0.002014426625222624,0.01942637080726732,0.25616846330811727,78.71247409842726,59.54388533544068,224.25856470366764
2024-11-12 09:55:00,224.15029907226562,224.39999389648438,224.15029907226562,224.22000122070312,113913,223.91386032104492,223.9190023803711,223.60308303833008,223.39919932047525,223.11826225280763,223.9739119315757,223.99998082869183,223.95938557525665,57.72489213121203,0.04059525343518544,0.009730591987215187,0.030864661447970253,0.2557278587861088,87.6389396633308,74.73788931387607,224.25851636738767
2024-11-12 09:56:00,224.23500061035156,224.35499572753906,224.13999938964844,224.35499572753906,91756,223.93654022216796,223.9331024169922,223.61632705688476,223.40909861246746,223.13143676757812,224.01020562642935,224.05459850543755,223.98869003098127,60.82800617893139,0.06590847445627901,0.020966168481027954,0.044942305975251055,0.25281846443643113,86.83807960176053,84.39649778783955,224.25904174262834
2024-11-12 09:57:00,224.36500549316406,224.5,224.27999877929688,224.42999267578125,100304,223.9593246459961,223.9485021972656,223.63062698364257,223.41979858398437,223.14548675537108,224.05018534541523,224.11235145472122,224.0213791157813,62.47592271964641,0.09097233893993462,0.03496740257280929,0.05600493636712533,0.25047437559833763,88.38664905699778,87.62122277402972,224.2623057666538
2024-11-12 09:58:00,224.45550537109375,224.4600067138672,224.28500366210938,224.3000030517578,100435,223.98232498168946,223.96080230712892,223.6433770751953,223.42955993652345,223.1589867401123,224.07397750792404,224.1412209311884,224.04201792585363,57.92717681157763,0.09920300533477189,0.04781452312520181,0.051388482209570076,0.24508356675258533,88.45203384685482,87.89225416853772,224.2642113173571
2024-11-12 09:59:00,224.27999877929688,224.33999633789062,224.11000061035156,224.25999450683594,154194,224.01129989624025,223.97160217285156,223.65597702026366,223.43862660725912,223.17173667907716,224.09169341258232,224.15949378898034,224.05816433925972,56.562173082633336,0.10132944972062319,0.05851750844428609,0.0428119412763371,0.24400586395161936,81.62133034207068,86.1533377486411,224.2633053715765
2024-11-12 10:00:00,224.25,224.37210083007812,224.19039916992188,224.24000549316406,73320,224.03130035400392,223.97800415039063,223.66791305541992,223.44757130940755,223.18418670654296,224.10581837263774,224.17188020500862,224.07163405436376,55.85401669464765,0.10024615064486397,0.06686323688440167,0.033382913760462304,0.23955556368052122,74.7749679703953,81.6161107197736,224.26336998447147
2024-11-12 10:01:00,224.23699951171875,224.23699951171875,224.05999755859375,224.1750030517578,65224,224.0503402709961,223.98360412597657,223.67911315917968,223.45607137044271,223.1965367126465,224.1124073896968,224.17236064297003,224.07929101713367,53.50792911386988,0.09306962583636391,0.07210451467479412,0.020965111161569794,0.2353021616012203,70.27047832709236,75.55559221318613,224.26193723956604
2024-11-12 10:02:00,224.1699981689453,224.1699981689453,224.02000427246094,224.10499572753906,48271,224.06529006958007,223.98890411376954,223.68901306152344,223.46383799235025,223.2084117126465,224.11170151711036,224.1619968098268,224.0811950697563,51.02223446324955,0.08080174007051255,0.07384395975393782,0.006957780316574735,0.22956620572233813,64.68495515855341,69.91013381868036,224.26031742276925
2024-11-12 10:03:00,224.10499572753906,224.16949462890625,223.952392578125,223.9550018310547,71183,224.06054000854493,223.99020416259765,223.69784606933592,223.4705712890625,223.2194617462158,224.096777737486,224.13015142847723,224.07184742244505,46.08273776852686,0.05830400603218777,0.07073596900958781,-0.01243196297740004,0.2286759089408318,52.806497523847135,62.587310336497644,224.25694022852625
2024-11-12 10:04:00,223.9510955810547,224.0800018310547,223.85499572753906,223.88999938964844,86663,224.06529006958007,223.98990417480468,223.70599609375,223.4768046061198,223.23067726135253,224.07708456150147,224.09320496096512,224.05837719779345,44.09064112543415,0.034827763171676906,0.06355432784200563,-0.02872656467032872,0.22841377998188847,40.73624157643392,52.74256475294484,224.25151186088453
2024-11-12 10:05:00,223.9499969482422,224.00999450683594,223.89999389648438,223.9949951171875,56171,224.06774978637696,223.9922039794922,223.71504608154297,223.48377126057943,223.24215171813964,224.06926651918585,224.0780957542301,224.05368222885966,48.00080863889692,0.024413525370448497,0.05572616734769421,-0.03131264197724571,0.22066958978228887,35.2821849029441,42.941641334408395,224.2483864461313
2024-11-12 10:06:00,224.0,224.09500122070312,223.8300018310547,223.86500549316406,68180,224.06275024414063,223.99440399169922,223.72334609985353,223.48993794759116,223.25250175476074,224.04981308813615,224.045312637143,224.0397061743637,43.90666525633365,0.005606462779326193,0.04570222643402061,-0.040095763654694416,0.22383600405844253,24.93793019733908,33.652118892239045,224.24417767662783
2024-11-12 10:07:00,223.86050415039062,223.91000366210938,223.66000366210938,223.71949768066406,134510,224.05622482299805,223.99359405517578,223.7300410461426,223.49536794026693,223.26219924926758,224.01835447790071,223.9951872592232,224.01598702668224,39.813090779814786,-0.020799767459038776,0.032401827655408735,-0.05320159511444751,0.22570486091141104,17.74729995592264,25.98913835206862,224.23195195617683
2024-11-12 10:08:00,223.7100067138672,223.8699951171875,223.6999969482422,223.80999755859375,67892,224.05022506713868,223.99959411621094,223.73764099121092,223.50156860351564,223.2720492553711,223.99851096177625,223.96669653604943,224.0007285475646,43.350725288501245,-0.03403201151516555,0.019115059821293877,-0.05314707133645943,0.22172581148526097,10.05452922972343,17.579919794328394,224.22639624777852
2024-11-12 10:09:00,223.8300018310547,223.83999633789062,223.67999267578125,223.75999450683594,77593,224.04197463989257,224.00439392089845,223.74474090576172,223.50716857910157,223.28139976501464,223.9757951089248,223.93489622386272,223.98289639639952,41.88581479838412,-0.048000172536802665,0.005692013349674568,-0.053692185886477235,0.2173170865298404,12.280956706024826,13.360928630556975,224.21974089292507
2024-11-12 10:10:00,223.7899932861328,224.10000610351562,223.7899932861328,224.07000732421875,71961,224.053475189209,224.01329406738282,223.75534103393554,223.51463531494142,223.29214981079102,223.98476770085756,223.9556825469944,223.98934905771947,52.583946656939474,-0.03366651072505533,-0.0021796914652714118,-0.03148681925978392,0.22608098011197264,26.190130184680594,16.17520537347629,224.21669674258166
2024-11-12 10:11:00,224.0850067138672,224.2050018310547,224.02999877929688,224.0924072265625,74155,224.07259521484374,224.0243441772461,223.76581512451173,223.5221846516927,223.30288681030274,223.99501908425802,223.9767171130818,223.99698299615227,53.25356212078676,-0.020265883070464952,-0.00579692978631012,-0.014468953284154831,0.22243255665810396,38.254711943035325,25.575266277913595,224.215268286122
2024-11-12 10:12:00,224.09500122070312,224.1649932861328,224.05999755859375,224.11000061035156,32327,224.08559494018556,224.02834411621095,223.77660507202148,223.53011800130207,223.3130867767334,224.00596970579073,223.99722226650792,224.00535467127813,53.80535945607373,-0.008132404770208268,-0.006264024783089749,-0.0018683799871185187,0.21404421172102933,55.35120214062952,39.93201475611516,224.21467192494347
2024-11-12 10:13:00,224.11000061035156,224.14500427246094,223.9600067138672,223.9600067138672,53490,224.07309494018554,224.02814422607423,223.78560516357422,223.53745137532553,223.32323684692383,224.0015922779885,223.99149679687088,224.00199556332177,48.54424531808676,-0.010498766450893982,-0.007110973116650597,-0.0033877933342433848,0.21196945078336646,53.12431481230328,48.910076298656044,224.21285106259643
2024-11-12 10:14:00,223.9600067138672,223.98989868164062,223.83999633789062,223.91000366210938,81621,224.06109542846679,224.02514434814452,223.79405517578124,223.54331807454426,223.3324868774414,223.9928695526667,223.97895939152295,223.99518134841716,46.897928357310946,-0.016221956894213463,-0.00893316987216317,-0.007288787022050294,0.20753608599526874,49.550191016990595,52.675235989974475,224.20859983443705
2024-11-12 10:15:00,223.9149932861328,223.97999572753906,223.85000610351562,223.9199981689453,37442,224.0460952758789,224.01974426269533,223.80275512695312,223.54906809488932,223.34133689880372,223.9859294208837,223.9698884342033,223.98961222401184,47.282766272895635,-0.019723789808523406,-0.011091293859435216,-0.00863249594908819,0.20199705299728066,44.38765098238716,49.020718937227024,224.2067115593546
2024-11-12 10:16:00,223.89999389648438,223.9600067138672,223.8800048828125,223.9600067138672,36385,224.0263458251953,224.01974426269533,223.81170516967774,223.55556813557942,223.35038696289064,223.98346059164405,223.9683681695362,223.9874192232604,48.87987458777933,-0.019051053724183475,-0.012683245832384869,-0.006367807891798607,0.1932831085728095,48.693352939632966,47.543731646336916,224.20500399083613
2024-11-12 10:17:00,223.9499969482422,223.97999572753906,223.8300018310547,223.8428955078125,45649,223.9969909667969,224.0196041870117,223.81938415527344,223.56098744710286,223.35865142822266,223.97007344080293,223.94906468311717,223.97671376285683,44.61870248955302,-0.027649079739660465,-0.01567641261383999,-0.011972667125820475,0.19019102199506416,45.436813468843035,46.17260579695439,224.20251025680528
2024-11-12 10:18:00,223.8350067138672,223.88169860839844,223.7100067138672,223.77000427246094,69867,223.97049102783203,224.0146041870117,223.82615921020508,223.56565409342448,223.36589195251466,223.95101923429417,223.92151692763161,223.96140194875346,42.15542143006636,-0.03988502112184733,-0.020518134315441458,-0.019366886806405872,0.18886965574764886,36.26284402385419,43.464336810776736,224.19762620913954
2024-11-12 10:19:00,223.77000427246094,223.83999633789062,223.72000122070312,223.83999633789062,53327,223.94949111938476,224.00844024658204,223.8332092285156,223.57138743082683,223.37341690063477,223.94044562511286,223.90897529844068,223.9524089405414,45.27938650990165,-0.04343364210072309,-0.025101235872497785,-0.018332406228225306,0.18395004585049532,28.922735205457723,36.87413089938499,224.19408854539554
2024-11-12 10:20:00,223.8350067138672,223.99000549316406,223.8300018310547,223.99000549316406,55767,223.93699111938477,224.00564025878907,223.84125930786132,223.5780540974935,223.38141746520995,223.9451656125463,223.9214414822443,223.9551938703653,51.34437777167116,-0.033752388121001786,-0.026831466322198586,-0.006920921798803201,0.1822395898689867,37.92031805582776,34.368632428379904,224.19171561111236
2024-11-12 10:21:00,223.99000549316406,224.0399932861328,223.86000061035156,223.8699951171875,52708,223.92174072265624,223.99804016113282,223.84795822143553,223.5842534383138,223.38846740722656,223.93800651775024,223.91352665685093,223.9488828516114,46.86880317965435,-0.03535619476045326,-0.028536412009849525,-0.006819782750603739,0.18207909600557695,43.255866079139,36.6996397801415,224.18939747441362
2024-11-12 10:22:00,223.86000061035156,223.875,223.77999877929688,223.8300018310547,52653,223.90799102783203,223.9803402709961,223.85405822753907,223.58965342203777,223.39561744689942,223.92772035711258,223.9006766836515,223.94007685008864,45.44708056336769,-0.039400166437133066,-0.030709162895306237,-0.00869100354182683,0.17585924776968742,41.77132746686598,40.98250386727759,224.18630875238856
2024-11-12 10:23:00,223.84500122070312,223.91990661621094,223.80999755859375,223.82000732421875,51406,223.90124130249023,223.9703402709961,223.8607583618164,223.59497416178385,223.4025675201416,223.91746197302746,223.88826601296955,223.93118281113533,45.07906610525367,-0.04291679816577698,-0.03315068994940039,-0.009766108216376593,0.17114851990165164,28.995183003783524,38.00745884992951,224.1835229548932
2024-11-12 10:24:00,223.82000732421875,223.94000244140625,223.69000244140625,223.92999267578125,61691,223.9032409667969,223.96034027099608,223.86760833740234,223.60137410481772,223.40998245239257,223.9186553732897,223.89468549955595,223.93109465296095,49.88810084432515,-0.03640915340500328,-0.03380238264052097,-0.002606770764482312,0.17678076848010515,32.46511321259731,34.41054122774895,224.18027320271176
2024-11-12 10:25:00,223.94900512695312,224.05990600585938,223.9199981689453,224.01499938964844,134796,223.90424118041992,223.96134033203126,223.8752082824707,223.6081741333008,223.4180824279785,223.9278309938953,223.91319532880095,223.9373098186415,53.29227506539028,-0.02411448984054232,-0.031864804080525236,0.007750314239982917,0.17414698765395922,45.74813146902841,35.73614256180309,224.1764422655838
2024-11-12 10:26:00,224.01499938964844,224.17999267578125,224.00999450683594,224.1699981689453,57383,223.91949081420898,223.9667123413086,223.88350830078124,223.61630747477213,223.4267879486084,223.95089453437626,223.95270345805392,223.95454599273808,58.78944444991432,-0.0018425346841581813,-0.02586035020125183,0.024017815517093647,0.17385064346048446,70.99403124930832,49.73575864364469,224.17594087768498
2024-11-12 10:27:00,224.17999267578125,224.2100067138672,224.14999389648438,224.1710968017578,52449,223.94207077026368,223.97064819335938,223.89181930541992,223.62398142496744,223.4353684234619,223.9718661788888,223.98630243400837,223.9705867934062,58.82643389873595,0.015715640602167014,-0.017545152040568064,0.03326079264273508,0.1657193701692221,86.29979302790137,67.6806519154127,224.1759496686163
2024-11-12 10:28:00,224.16000366210938,224.2100067138672,224.13999938964844,224.19000244140625,53906,223.9610710144043,223.9776483154297,223.8998193359375,223.63172678629556,223.44404342651367,223.99264106103334,224.01764089668495,223.98683980436917,59.50010326623002,0.030801092315783762,-0.0078759031692977,0.03867699548508146,0.15888279545847406,95.54356876118204,84.27913101279725,224.1759829414678
2024-11-12 10:29:00,224.19500732421875,224.23500061035156,224.1699981689453,224.1699981689453,48417,223.98157119750977,223.98743835449218,223.906219329834,223.63939341227214,223.45256843566895,224.00953221416782,224.04108047703272,224.00040709063407,58.411073936529526,0.0406733863986517,0.0018339547442921813,0.03883943165435952,0.15217705588331512,92.24778288897346,91.36371489268565,224.17609772659054
2024-11-12 10:30:00,224.2050018310547,224.3699951171875,224.17999267578125,224.25999450683594,140116,223.99107055664064,223.9958383178711,223.91361923217772,223.64762807210286,223.46179344177247,224.0333857658505,224.0747595585409,224.0196357881305,61.798637619142134,0.05512377041040395,0.012491917877514537,0.04263185253288941,0.15559276248037746,89.3497426698054,92.38036477332031,224.17804532912243
2024-11-12 10:32:00,224.41000366210938,224.48500061035156,224.31500244140625,224.31500244140625,311842,224.0022003173828,224.00625427246095,223.92096923828126,223.65599477132162,223.47096893310547,224.06020640161773,224.11172000205863,224.04151479948428,63.742615923393735,0.07020520257435692,0.024034574816883016,0.0461706277574739,0.16055085826860946,83.50423504901805,88.3672535359323,224.186589229244
2024-11-12 10:33:00,224.30999755859375,224.4149932861328,224.27999877929688,224.3699951171875,51435,224.01520004272462,224.0175341796875,223.92866912841797,223.6647280883789,223.47946891784667,224.08971008881485,224.15145463515537,224.0658466748697,65.62586818165312,0.08560796028567097,0.036349251910640604,0.049258708375030366,0.15872540459484719,82.65788853342946,85.17062208408431,224.18780606621092
2024-11-12 10:34:00,224.3699951171875,224.42990112304688,224.35000610351562,224.35499572753906,61656,224.0349494934082,224.02363403320314,223.93613204956054,223.6732280476888,223.48794387817384,224.11497538774097,224.18276864936826,224.0872651232156,64.63966914597445,0.09550352615266888,0.048180106759046264,0.04732341939362262,0.1530946628045902,82.59918235734438,82.92043531326397,224.1894418583897
2024-11-12 10:35:00,224.35499572753906,224.42999267578125,224.2707061767578,224.40980529785156,56228,224.0599395751953,224.03593017578126,223.9435301208496,223.68212677001952,223.49641792297362,224.1430544267991,224.21769736451955,224.11115698800344,66.61400627406555,0.10654037651610793,0.059852160710458596,0.04668821580564933,0.15353693682022215,86.57415404694727,83.94374164590704,224.19084614375384
2024-11-12 10:36:00,224.4001007080078,224.61000061035156,224.4001007080078,224.47000122070312,96541,224.0874397277832,224.04641418457032,223.9514581298828,223.69159342447918,223.50521789550783,224.1741922166947,224.25651334239396,224.1377380422775,68.68220172287656,0.11877530011645376,0.07163678859165763,0.04713851152479613,0.15756286292904564,86.3237466599874,85.1656943547597,224.19482899242394
2024-11-12 10:37:00,224.47000122070312,224.63999938964844,224.47000122070312,224.58999633789062,74627,224.1189392089844,224.0589141845703,223.96035705566408,223.7014934285482,223.51444190979004,224.21379260918957,224.3078184186242,224.17123865676737,72.35819605914884,0.1365797618568365,0.0846253832446934,0.05195437861214311,0.15845109907306473,90.02019901715114,87.63936657469527,224.1985750689266
2024-11-12 10:38:00,224.62989807128906,224.72000122070312,224.60000610351562,224.60000610351562,76388,224.15679473876952,224.0739141845703,223.97015716552735,223.71149342854818,223.5234169769287,224.25057484674443,224.35277037014595,224.20299920837834,72.64662546882448,0.1497711617676032,0.09765453894927537,0.052116622818327824,0.1564192264830244,89.28970784209723,88.5445511730786,224.20308073744437
2024-11-12 10:39:00,224.60499572753906,224.6199951171875,224.4199981689453,224.51060485839844,69657,224.1938247680664,224.08552642822266,223.97946426391601,223.72073079427082,223.53164497375488,224.2753396097591,224.37705259910786,224.22578481208353,66.02054638391184,0.15126778702432375,0.10837718856428505,0.042890598460038704,0.15953192089439325,85.63734444477582,88.31575043467474,224.20597439190422
2024-11-12 10:40:00,224.50999450683594,224.52999877929688,224.39999389648438,224.47000122070312,38130,224.22532501220704,224.09642639160157,223.98826431274415,223.7298974609375,223.53969551086425,224.29387881080137,224.3913523870456,224.24387491642574,63.20105011779365,0.1474774706198616,0.11619724497540038,0.03128022564446123,0.15742284674568657,75.65486490978016,83.52730573221776,224.20728373687484
2024-11-12 10:41:00,224.48989868164062,224.5,224.42999267578125,224.46499633789062,47426,224.24907455444335,224.10892639160156,223.99681427001954,223.73909739176432,223.5481704711914,224.31017571814323,224.40268222563714,224.2602542809787,62.844783364840836,0.14242794465843645,0.1214433849120076,0.02098455974642885,0.15117888085090542,64.88279986971027,75.39166974142209,224.2088837001448
2024-11-12 10:42:00,224.4600067138672,224.5,224.42999267578125,224.47999572753906,36790,224.27957458496093,224.124326171875,224.00526428222656,223.74846405029297,223.55640342712402,224.32634905237143,224.4145766105451,224.27653142516837,63.5086867030044,0.1380451853767397,0.12476374500495402,0.013281440371785691,0.14538091252003718,59.814239414744286,66.78396806474491,224.21013519380995
2024-11-12 10:43:00,224.47999572753906,224.47999572753906,224.41000366210938,224.47000122070312,33517,224.31157455444335,224.13672607421876,224.01226425170898,223.75773071289063,223.56455345153807,224.34003021126014,224.42310347364634,224.2908625211339,62.704684009550775,0.13224095251243284,0.1262591865064498,0.005981766005983047,0.1399959948707265,56.39978654846583,60.365608610973474,224.2111925098809
2024-11-12 10:44:00,224.4600067138672,224.52000427246094,224.4199981689453,224.476806640625,57270,224.34441452026368,224.1420620727539,224.02028228759767,223.76704274495444,223.5722875213623,224.35305653786634,224.43136549933536,224.30463615961474,63.04772326055174,0.12672933972061173,0.1263532171492822,0.00037612257132954574,0.13713957405964783,56.04341974599353,57.41914856973457,224.2131176436621
2024-11-12 10:45:00,224.5,224.61500549316406,224.42999267578125,224.57000732421875,75259,224.37641525268555,224.15046234130858,224.02903228759766,223.7775094604492,223.58034606933595,224.37371851751897,224.45269501085588,224.32429328291875,67.46172860383308,0.12840172793713123,0.126762919306852,0.001638808630279237,0.14055909143987388,58.7087034249991,57.050636573152836,224.21623875412686
2024-11-12 10:46:00,224.5850067138672,224.82000732421875,224.57000732421875,224.80999755859375,92254,224.41616516113282,224.1622622680664,224.04063232421876,223.78947611490887,223.58996505737304,224.41526890238322,224.50766463358477,224.3602713774132,75.55803487321974,0.1473932561715685,0.13088898667979532,0.016504269491773194,0.14837629919416861,73.2527102262135,62.66827779906871,224.2222512676544
2024-11-12 10:47:00,224.82000732421875,224.88999938964844,224.8000030517578,224.83999633789062,71015,224.44966506958008,224.17196228027345,224.0525323486328,223.80153879801432,223.59981452941895,224.4557191343363,224.55879258809335,224.39580655967077,76.35019805909505,0.16298602842257992,0.13730839502835224,0.025677633394227684,0.14420630195820122,85.57307953599103,72.51149772906788,224.22776094785718
2024-11-12 10:48:00,224.8300018310547,224.89999389648438,224.80999755859375,224.83999633789062,77123,224.4831100463867,224.1801623535156,224.06433227539063,223.81380544026692,223.6098895263672,224.49231696324625,224.60205470344678,224.42870950620556,76.35019805909506,0.17334519724121833,0.14451575547092546,0.02882944177029287,0.14033416166766008,93.52310432494562,84.11629802905006,224.2336984246017
2024-11-12 10:49:00,224.85000610351562,225.02999877929688,224.84500122070312,224.875,179942,224.5173599243164,224.19166229248046,224.0762322998047,223.82613881429037,223.6200855255127,224.5287629667466,224.6440462875319,224.46176806130143,77.34387110427768,0.18227822623046563,0.1520682496228335,0.03020997660763214,0.14388189593470224,85.92959855293428,88.34192747129032,224.248572628215
2024-11-12 10:50:00,224.8800048828125,224.9499969482422,224.74000549316406,224.74000549316406,96725,224.54586029052734,224.20126251220702,224.0864323425293,223.83773885091145,223.62928558349608,224.54888130259587,224.65880924224453,224.4823782414394,65.85241630325932,0.17643100080513818,0.15694079985929443,0.01949020094584375,0.1486040073020896,73.27756162027812,84.24342149938602,224.2550691418337
2024-11-12 10:51:00,224.74000549316406,224.77999877929688,224.60000610351562,224.6300048828125,90052,224.56436080932616,224.2090625,224.09353332519532,223.84829620361327,223.63794410705566,224.5566073578546,224.6543778023319,224.49331354820777,58.25685574077425,0.16106425412414183,0.15776549071226392,0.003298763411877903,0.15084605505060109,55.292094555318734,71.49975157617705,224.2594916111607
2024-11-12 10:52:00,224.6540985107422,224.6699981689453,224.58999633789062,224.60000610351562,35758,224.57861099243163,224.21756256103515,224.10058334350586,223.8585962931315,223.64644416809082,224.56074057172708,224.64601292559092,224.50121670045277,56.34805660620398,0.14479622513815116,0.15517163759744138,-0.010375412459290217,0.1457857533366073,40.74226571077957,56.43730729545882,224.26101092336202
2024-11-12 10:53:00,224.60000610351562,224.69000244140625,224.47000122070312,224.47000122070312,48571,224.58361129760743,224.22486267089843,224.106883392334,223.86762959798176,223.6540941619873,224.55209872877242,224.61893420176204,224.49890444269354,48.87436637752762,0.12002975906850111,0.14814326189165333,-0.028113502823152225,0.15108685814850145,26.456436091196796,40.83026545243171,224.26261787967522
2024-11-12 10:54:00,224.47000122070312,224.6199951171875,224.47000122070312,224.60000610351562,52520,224.59586181640626,224.23776275634765,224.11398345947265,223.87781829833983,223.6623691558838,224.55666133589082,224.61602218664723,224.50639345460627,55.2642835829786,0.10962873204096013,0.1404403559215147,-0.030811623880554556,0.1510087894582067,24.50190242886796,30.566868076948122,224.26445736389522
2024-11-12 10:55:00,224.61000061035156,224.77000427246094,224.50999450683594,224.75999450683594,66408,224.61337127685547,224.2551626586914,224.12253341674804,223.88905161539714,223.6713941192627,224.57602639979035,224.63817177436857,224.5251787177344,61.62138762433172,0.11299305663416703,0.13495089606404517,-0.02195783942987814,0.15879457347012052,32.73618826672146,27.898175595595415,224.26764671206766
2024-11-12 10:56:00,224.7899932861328,224.82000732421875,224.66000366210938,224.6999969482422,53043,224.62487106323243,224.2692626953125,224.13073333740235,223.89978495279948,223.6801441192627,224.58783311869053,224.64768333957988,224.53812821629054,58.276888866568825,0.10955512328933992,0.12987174150910413,-0.020316618219764215,0.15888093694435296,44.62328542363983,33.95379203974309,224.2704436067279
2024-11-12 10:57:00,224.70730590820312,224.72000122070312,224.5601043701172,224.6699981689453,49512,224.62887115478514,224.28536254882812,224.13988327026368,223.91068491617838,223.6887940979004,224.5956583615719,224.6511163902515,224.54789636093162,56.62210875523424,0.1032200293198855,0.12454139907126041,-0.021321369751374913,0.1589535022044662,48.06920846816447,41.809560719508596,224.27259033584616
2024-11-12 10:58:00,224.6699981689453,224.6999053955078,224.5800018310547,224.5800018310547,60320,224.62787094116212,224.30257263183594,224.14808334350585,223.92088490804036,223.6971691131592,224.5941672634274,224.64017568883662,224.5502745439037,51.86418548863708,0.08990114493292367,0.11761334824359307,-0.027712203310669398,0.15616422093651325,37.58610537810568,43.42619975663667,224.2749673635583
2024-11-12 10:59:00,224.57000732421875,224.61000061035156,224.5500030517578,224.60000610351562,55152,224.63234100341796,224.3183728027344,224.15898345947267,223.93121826171875,223.70576965332032,224.59472334343582,224.63399575263338,224.5539583631342,52.813332121347614,0.08003738949918215,0.1100981564947109,-0.030060766995528745,0.14929517362631592,29.7333653195325,38.462893055267564,224.27690539962867
2024-11-12 11:00:00,224.58999633789062,224.6199951171875,224.52999877929688,224.5800018310547,75605,224.63784103393556,224.33477294921875,224.1695834350586,223.94141825358074,223.71406967163085,224.59332129463763,224.62568899546744,224.5558875089061,51.71516711100617,0.06980148656134588,0.1020388225080379,-0.03223733594669202,0.145059542502338,22.619860726507767,29.97977714138199,224.279438767345
2024-11-12 11:01:00,224.60000610351562,224.64500427246094,224.55419921875,224.60499572753906,84257,224.64484100341798,224.34547271728516,224.179383392334,223.9520515950521,223.72234466552734,224.59443314539016,224.62250541578618,224.55952515473075,53.029322577476755,0.06298026105542931,0.0942271102175162,-0.031246849162086893,0.14118422187438084,22.321525885558582,24.891583977199627,224.28244285248937
2024-11-12 11:02:00,224.61000061035156,224.83200073242188,224.58999633789062,224.77000427246094,71567,224.65934143066406,224.3590246582031,224.19168441772462,223.9635516357422,223.7313946533203,224.6111542051112,224.6451975475823,224.57511620048854,60.644772867917936,0.070081347093776,0.08939795759276817,-0.019316610498992165,0.14838566277844292,32.44050862851953,25.793965080195306,224.2859672334076
2024-11-12 11:03:00,224.77099609375,224.9499969482422,224.77000427246094,224.8699951171875,50736,224.6793411254883,224.37422454833984,224.20128433227538,223.9758115641276,223.7411446380615,224.63580572054704,224.67978178906003,224.596959083207,64.41034544547865,0.08282270585303309,0.08808290724482115,-0.005260201391788066,0.15064330656435773,53.670425874664716,36.14415346291429,224.28916780161467
2024-11-12 11:04:00,224.86000061035156,224.9499969482422,224.83999633789062,224.9199981689453,48646,224.7015007019043,224.39342437744142,224.21078430175783,223.98821156819662,223.7514446258545,224.66287166801354,224.71673815519625,224.6208879043728,66.15436833287436,0.095850250823446,0.08963637596054612,0.006213874862899885,0.14774025683487235,76.88506975931304,54.332001420832434,224.2924148508553
2024-11-12 11:05:00,224.9239044189453,224.94000244140625,224.85000610351562,224.85980224609375,65241,224.71599044799805,224.4124203491211,224.2187823486328,224.00017690022787,223.76059364318849,224.68162696116403,224.73874801533432,224.63858526301883,62.2025938542539,0.10016275231549798,0.09174165123153649,0.00842110108396149,0.14361569119599757,86.09742399677867,72.21763987691882,224.29657483454554
2024-11-12 11:06:00,224.83999633789062,224.83999633789062,224.6999969482422,224.80999755859375,69169,224.71599044799805,224.43022033691406,224.22498229980468,224.0119101969401,223.7693561553955,224.6938527323478,224.74970948352808,224.65128247009847,59.05912982645322,0.09842701342961391,0.09307872367115198,0.005348289758461924,0.14477209167139507,81.93088978605716,81.63779451404965,224.30018130485627
2024-11-12 11:07:00,224.80999755859375,224.85000610351562,224.75999450683594,224.83999633789062,36839,224.71599044799805,224.44782012939453,224.23378219604493,224.02374348958332,223.7786311340332,224.70777117097094,224.76359976881463,224.6652612751201,60.358602070532434,0.09833849369454128,0.09413067767582986,0.004207816018711424,0.14086062774341598,76.37515762257472,81.46782380180353,224.3022113918212
2024-11-12 11:08:00,224.83999633789062,225.14999389648438,224.8347930908203,225.14109802246094,125933,224.73104553222657,224.4737841796875,224.2466941833496,224.03751749674478,223.78918663024902,224.7490403949224,224.82167642322176,224.70050844158976,70.48486150426257,0.1211679816319986,0.09953813846706362,0.021629843164934978,0.15331349759489074,82.17540714303557,80.16048485055583,224.31201933073547
2024-11-12 11:09:00,225.13999938964844,225.13999938964844,224.9199981689453,224.9600067138672,67286,224.73529586791992,224.49758422851562,224.25609420776368,224.04996754964193,223.79863662719725,224.7691324252981,224.842958006398,224.71973053583253,60.478618298888996,0.12322747056546746,0.1042760048867444,0.01895146567872305,0.15815538016065747,81.6832284164979,80.07793106070274,224.31690559950007
2024-11-12 11:10:00,224.9499969482422,225.1199951171875,224.9499969482422,225.09500122070312,81397,224.75304565429687,224.52268432617188,224.26556228637696,224.0630342610677,223.80921165466307,224.80016754867,224.88173388552184,224.74752836434146,64.52193952990905,0.13420552118037676,0.11026190814547089,0.023943613034905872,0.1590012936452757,86.36560892836793,83.40808149596715,224.3231332817213
2024-11-12 11:11:00,225.09500122070312,225.25990295410156,225.08999633789062,225.25990295410156,116068,224.78454055786133,224.5480822753906,224.27686126708986,224.07686696370442,223.82056114196777,224.8439518729968,224.93991374222642,224.785482037657,68.73039152655342,0.15443170456941857,0.11909586743026043,0.03533583713915814,0.15978024525710868,86.82893614228523,84.95925782905037,224.33359672885118
2024-11-12 11:12:00,225.25,225.3300018310547,225.1999969482422,225.21499633789062,77558,224.81529006958007,224.57498229980467,224.28651123046876,224.09029958089192,223.83193565368651,224.8792894410819,224.98223414155936,224.81729791174837,66.41976560652664,0.16493622981099065,0.12826393990640647,0.03667228990458418,0.15765343365392237,92.25150397408534,88.48201634824618,224.3408061250908
2024-11-12 11:13:00,225.2050018310547,225.32989501953125,225.16000366210938,225.32000732421875,88743,224.85779037475587,224.60478240966796,224.29256134033204,224.10429962158204,223.84343566894532,224.9212625728092,225.03419924658388,224.85453564600542,69.04083851739378,0.17966360057846487,0.13854387204081817,0.0411197285376467,0.15852757106591897,94.7916865348058,91.29070888372547,224.34911044148538
2024-11-12 11:14:00,225.32000732421875,225.3643035888672,225.22999572753906,225.22999572753906,87646,224.88928985595703,224.63298217773436,224.30166122436523,224.11816630045573,223.85447616577147,224.95066573040253,225.06432178211546,224.8823475038968,64.40066578969918,0.18197427821866086,0.14722995327638672,0.03474432494227414,0.15679759179893368,89.265326134738,92.10283888120973,224.3572096478981
2024-11-12 11:15:00,225.22999572753906,225.2899932861328,225.0500030517578,225.09500122070312,92199,224.9060401916504,224.6562823486328,224.30831130981446,224.13049967447915,223.86510116577148,224.96441196757402,225.06904169574432,224.89809963106762,58.094499497518214,0.17094206467669437,0.15197237555644827,0.018969689120246103,0.16273992341150986,82.46394298393369,88.8403185511592,224.3643945155379
2024-11-12 11:16:00,225.09500122070312,225.15989685058594,225.07000732421875,225.15989685058594,40721,224.92903518676758,224.67918029785156,224.3202603149414,224.14319895426434,223.87592567443846,224.98302957547992,225.0830194118738,224.9174920176986,60.116371961858576,0.16552739417520002,0.15468337928019862,0.010844014895001391,0.15753632362262973,72.62373333919658,81.45100081928943,224.36746581616103
2024-11-12 11:18:00,225.3000030517578,225.47000122070312,225.27000427246094,225.4199981689453,309775,224.96653518676757,224.70418029785156,224.3354463195801,224.15706563313802,223.888275680542,225.02464563200044,225.13486229757711,224.95471469556875,66.99070750117711,0.18014760200836122,0.15977622382583115,0.02037137818253007,0.16843404122938385,75.98547147476695,77.02438259929909,224.39765050966597
2024-11-12 11:20:00,225.5,225.52499389648438,225.49000549316406,225.52499389648438,162221,225.01378479003907,224.7312582397461,224.35095321655274,224.17163228352865,223.9008006286621,225.0722978476656,225.19488254356287,224.99695759934028,69.29165267352309,0.1979249442225921,0.16740596790518333,0.03051897631740877,0.16390273310864661,87.57873189451276,78.72931223615878,224.4146894753739
2024-11-12 11:21:00,225.50999450683594,225.5500030517578,225.5,225.5050048828125,42260,225.0590347290039,224.75755828857422,224.36760330200195,224.18573232014975,223.91318466186524,225.1135080414891,225.2425936726782,225.03459073144933,68.31533161624594,0.20800294122886953,0.17552536256992057,0.03247757865894896,0.15576704158358703,96.07075633026795,86.5449865665159,224.41906299746924
2024-11-12 11:22:00,225.2449951171875,225.25990295410156,225.17999267578125,225.22000122070312,108293,225.09103469848634,224.77855834960937,224.38299835205078,224.19699900309246,223.92418464660645,225.1236502490333,225.2391179108359,225.0483248417644,56.16423801273806,0.19079306907147497,0.17857890387023145,0.012214165201243521,0.16785598197270582,84.31140130886898,89.32029651121657,224.42711426021
2024-11-12 11:23:00,225.21009826660156,225.22999572753906,225.19000244140625,225.2100067138672,56312,225.12128524780275,224.79755859375,224.39669845581054,224.20826568603516,223.93511070251463,225.13187467425558,225.23463926514842,225.06030127673498,55.78948498516697,0.17433798841344128,0.17773072077887345,-0.003392732365432166,0.15872293226985631,68.46540938760823,82.94918900891507,224.43118543571333
2024-11-12 11:25:00,225.17999267578125,225.17999267578125,225.07000732421875,225.0850067138672,149737,225.13703536987305,224.81295867919923,224.4096064758301,224.21829905192058,223.94523574829103,225.1274110589805,225.2116188726436,225.06213130911516,51.18908131363964,0.14948756352845294,0.17208208932878938,-0.02259452580033644,0.1573855363683264,45.627240635896534,66.13468377745792,224.4404665935417
2024-11-12 11:26:00,225.10000610351562,225.19000244140625,225.0800018310547,225.17999267578125,67525,225.15253524780275,224.8291586303711,224.4233464050293,224.22883229573569,223.95583572387696,225.13241883200914,225.20675330389557,225.07086178072004,54.27464670246111,0.13589152317553044,0.1648439760981376,-0.028952452922607175,0.15400089879570045,38.99529502875596,51.02931501742026,224.44480399142216
2024-11-12 11:27:00,225.10000610351562,225.1199951171875,225.07000732421875,225.0749969482422,101558,225.16028518676757,224.84355865478517,224.43359634399414,224.23860758463542,223.96581069946288,225.1269500811742,225.1864830953335,225.07116808942538,50.47623844566616,0.11531500590811561,0.15493818206013324,-0.03962317615201763,0.15085693113618612,23.174213382308363,35.9322496823203,224.45066672450048
2024-11-12 11:28:00,225.10009765625,225.14999389648438,225.10009765625,225.1300048828125,24153,225.1737953186035,224.85796264648437,224.4469464111328,224.24834096272787,223.97608573913575,225.12724101466355,225.17779413956106,225.07552637041704,52.35745163229285,0.1022677691440208,0.14440409947691074,-0.04213633033288994,0.1454383609294719,19.777125609567193,27.315544673543855,224.4521282830268
2024-11-12 11:30:00,225.02000427246094,225.07989501953125,224.97999572753906,224.97999572753906,215687,225.1822952270508,224.8681625366211,224.4572883605957,224.25702626546223,223.98573570251466,225.11321765398503,225.1473636146346,225.06845002650016,47.102753235191855,0.07891358813444072,0.13130599720841674,-0.05239240907397602,0.14576484623975516,6.999715169270833,16.65035138704881,224.46275720733863
2024-11-12 11:31:00,224.98370361328125,225.0399932861328,224.97000122070312,225.0,14596,225.19029541015624,224.8763626098633,224.4676383972168,224.26569224039713,223.99521072387697,225.10243502027217,225.12469228930618,225.0633796541668,47.85433661809597,0.06131263513938734,0.11730732479461087,-0.05599468965522353,0.14035250475332178,7.057517736479312,11.278119505105794,224.46344920718718
2024-11-12 11:32:00,225.0,225.0,224.97000122070312,224.97999572753906,80701,225.18224029541017,224.88396240234374,224.47893829345702,224.2747589111328,224.00461067199706,225.09077413524997,225.10243127980354,225.0572030670092,47.133137584943526,0.04522821279434197,0.10289150239455709,-0.05766328960021512,0.13247009579214702,2.298457464067419,5.451896789939203,224.46710295336183
2024-11-12 11:33:00,224.9300994873047,225.0,224.8699951171875,224.9801025390625,51142,225.18324508666993,224.89335235595703,224.48943939208985,224.28409362792968,224.01388618469238,225.08023398323212,225.0836114735357,225.05149191679092,47.13771857943699,0.032119556744788724,0.08873711326460341,-0.05661755651981469,0.13229400915074369,7.695817125984469,5.683930775510414,224.46924429179867
2024-11-12 11:34:00,225.0,225.03610229492188,224.9600067138672,224.9600067138672,19555,225.17649536132814,224.9031524658203,224.49978942871093,224.29322703043619,224.0232112121582,225.06878376710213,225.06459535666363,225.04471523509287,46.32440412014526,0.019880121570764686,0.07496571492583567,-0.05508559335507099,0.12827983571531112,10.384036479077913,6.792770356376614,224.47011787244207
2024-11-12 11:37:00,225.14999389648438,225.17999267578125,224.97000122070312,224.99009704589844,227040,225.16300506591796,224.91365447998047,224.511290435791,224.30242767333985,224.03273666381835,225.06128979365417,225.05313407808435,225.0406694433007,47.777366995468064,0.012464634783668771,0.0624654988974023,-0.05000086411373353,0.13483027330093622,15.696922098806985,11.258925234623137,224.4812300124369
2024-11-12 11:38:00,225.02000427246094,225.05999755859375,224.9600067138672,224.96499633789062,33188,225.15050506591797,224.9233544921875,224.52384033203126,224.31129435221354,224.0421866607666,225.05211898834335,225.03957442574688,225.03506402808512,46.64311675190672,0.00451039766176109,0.05087447865027406,-0.04636408098851297,0.13234174268848098,14.956430681775684,13.67912975322021,224.48267333909936
2024-11-12 11:41:00,224.9600067138672,225.00999450683594,224.9600067138672,225.0,136786,225.13450469970704,224.93395446777345,224.5353402709961,224.31949432373048,224.05178665161134,225.0471552751678,225.03348605255505,225.0324666926714,48.47997208429868,0.0010193598836565343,0.040903454896950554,-0.03988409501329402,0.12645931770850022,21.658303889599,17.43721889006057,224.4884802437898
2024-11-12 11:42:00,225.031005859375,225.0399932861328,224.96009826660156,225.0,65566,225.12300491333008,224.94441833496094,224.5432402038574,224.32832763671874,224.06138664245606,225.04266429658037,225.02833435216195,225.0300617524735,48.47997208429867,-0.001727400311551719,0.0323772838552501,-0.03410468416680182,0.12313329641012523,27.808491879364173,21.474408816912966,224.49127153912642
2024-11-12 11:43:00,225.00999450683594,225.00999450683594,224.9499969482422,225.0,17339,225.1182548522949,224.95301818847656,224.55174026489257,224.33702758789062,224.07138664245605,225.03860103023936,225.0239752210601,225.02783495599397,48.47997208429867,-0.0038597349338544973,0.02512988009742918,-0.028989615031283677,0.11862360085181273,36.69348897874698,28.7200949159034,224.49198535438853
2024-11-12 11:45:00,225.0,225.0,225.0,225.0,163111,225.11026000976562,224.95681823730467,224.55954025268554,224.34602762858074,224.0813116455078,225.0349247416451,225.0202867255124,225.02577310740182,48.47997208429868,-0.005486381889426184,0.019006627700058107,-0.02449300958948429,0.11015048650525468,39.12119942926528,34.541060095792155,224.49877934216994
2024-11-12 11:46:00,224.99989318847656,224.99989318847656,224.8000030517578,224.85000610351562,129217,225.08176040649414,224.9570184326172,224.5644903564453,224.35402770996095,224.09040870666504,225.01731344277562,224.99408970674364,225.01275332933616,40.45327266829409,-0.018663622592526963,0.011472577641541094,-0.03013620023406806,0.1165680909150356,31.470083069107044,35.76159049237312,224.50281048804402
2024-11-12 11:47:00,224.9199981689453,224.9550018310547,224.85000610351562,224.85000610351562,26627,225.0480110168457,224.95721862792968,224.56869049072264,224.36196105957032,224.0996587371826,225.00137941046512,224.9719229985547,225.00069797927537,40.4532726682941,-0.02877498072066942,0.0034230659690989915,-0.03219804668976841,0.11574149353103753,22.31457010540844,30.9686175345936,224.50363435566516
2024-11-12 11:48:00,224.8699951171875,224.99000549316406,224.86000061035156,224.9875030517578,34590,225.02213592529296,224.95946868896485,224.57556549072265,224.37064442952473,224.109471282959,225.00005785249297,224.97431992981672,224.99972057723704,49.36591439292867,-0.02540064742032655,-0.002341676708786117,-0.023058970711540432,0.1174742003965661,25.22052229316414,26.335058489226554,224.50486918790736
2024-11-12 11:49:00,224.99000549316406,224.99850463867188,224.9199981689453,224.92820739746094,20794,225.00754623413087,224.96323272705078,224.5822476196289,224.37869913736978,224.11911231994628,224.99321495201372,224.96722569406967,224.994423304661,46.15739732904342,-0.027197610591343846,-0.007312863485297663,-0.019884747106046183,0.11469079106299443,32.08047223226117,26.538521543611264,224.50561334170087
2024-11-12 11:50:00,224.9199981689453,225.1479949951172,224.9176025390625,225.1300048828125,60900,225.00354614257813,224.97323272705077,224.59114761352538,224.38676645914714,224.12953033447266,225.00624256447074,224.99226864618396,225.00446638452408,56.51567345048714,-0.012197738340120168,-0.008289838456262164,-0.0039078998838580035,0.12295519570525824,56.64243933127201,37.98114461889912,224.5083465144942
2024-11-12 11:51:00,225.14500427246094,225.14869689941406,225.0850067138672,225.0850067138672,10652,225.00354614257813,224.98293273925782,224.60024765014649,224.3946998087565,224.1396804046631,225.0137439120323,225.00653604121214,225.0104323348458,54.02004374857235,-0.0038962936336588427,-0.007411129491741501,0.003514835858082658,0.11872198069394517,65.19562569436079,51.306179085964665,224.5088568591781
2024-11-12 11:52:00,225.27000427246094,225.27000427246094,225.27000427246094,225.27000427246094,178862,225.0080467224121,224.99893280029298,224.6118977355957,224.40423319498697,224.15045539855956,225.03814966064456,225.04706961525042,225.02965988578023,61.5394357867804,0.01740972947018804,-0.002446957699355593,0.019856687169543634,0.12345595054393123,87.28265670802715,69.70690724455334,224.51961203155705
2024-11-12 11:53:00,225.27999877929688,225.44000244140625,225.25999450683594,225.3907012939453,77801,225.02383193969726,225.01474670410155,224.62625473022462,224.41423787434897,224.16205039978027,225.0717260066732,225.09993602735733,225.05640369379248,65.5032033740478,0.04353233356485475,0.006748900553486476,0.03678343301136828,0.12749537797438706,89.09990001603906,80.52606080614235,224.5247675619451
2024-11-12 11:54:00,225.3800048828125,225.47000122070312,225.3800048828125,225.4250030517578,68560,225.03858184814453,225.028046875,224.64160476684572,224.42437123616537,224.17380043029786,225.1053714395384,225.14994633880355,225.08370734993804,66.5580483821678,0.06623898886550705,0.018646918215890592,0.04759207064961646,0.12481687511126123,95.19350846311859,90.52535506239495,224.52958775782966
2024-11-12 11:55:00,225.4199981689453,225.4199981689453,225.22999572753906,225.38999938964844,221979,225.05908203125,225.04184692382813,224.6555548095703,224.43443786621094,224.18530044555663,225.13247886335841,225.18687757739505,225.10639564917585,64.39414408812618,0.08048192821919997,0.03101392021655247,0.0494680080026475,0.129830478618939,91.21330698582085,91.83557182165951,224.54351124517294
2024-11-12 11:57:00,225.02999877929688,225.02999877929688,224.97000122070312,224.97000122070312,212409,225.05758209228514,225.04784698486327,224.6666047668457,224.44253784179688,224.1949754333496,225.11700480215316,225.15351198405784,225.0962923581779,45.34469092858072,0.05721962587995222,0.036255061349232426,0.020964564530719793,0.15055674221367998,68.90538765780744,85.10406770224897,224.55067486761263
2024-11-12 11:58:00,224.9600067138672,224.9801025390625,224.89999389648438,224.9600067138672,43202,225.05658264160155,225.05544708251952,224.67900985717773,224.45053792317708,224.20452545166015,225.1020526032688,225.12374194249006,225.08619712526598,45.0035127800273,0.03754481722407377,0.036513012524200694,0.0010318046998730734,0.14552473509685462,45.771178270210356,68.62995763794622,224.55196300353796
2024-11-12 11:59:00,224.9600067138672,225.0,224.94000244140625,224.96560668945312,57177,225.05585784912108,225.0627590942383,224.69056594848632,224.46024200439453,224.21410346984862,225.08905775433396,225.0994134420228,225.07726450039095,45.25207315074546,0.02214894163185477,0.03364019834573151,-0.01149125671387674,0.1394156510609186,24.65705588072301,46.44454060291361,224.55374859156265
2024-11-12 12:00:00,224.9600067138672,225.0,224.8699951171875,224.92999267578125,81129,225.0543571472168,225.06975891113282,224.70226593017577,224.46964192708333,224.22350341796874,225.0739086992337,225.07334870875488,225.0663554763458,43.893398065254,0.006993232409087113,0.028310805158402633,-0.02131757274931552,0.1387434533288887,22.666575569169567,31.031603240034325,224.55604323515152
2024-11-12 12:01:00,224.92999267578125,225.0,224.86000061035156,224.9949951171875,63677,225.05460205078126,225.0775588989258,224.71151580810547,224.4787752278646,224.2334284210205,225.0663931199912,225.06129431005223,225.06106952381555,47.02006746209997,0.00022478623668575892,0.02269360137405926,-0.0224688151373735,0.13883316306599935,22.501342267392875,23.27499123909517,224.5579115165761
2024-11-12 12:02:00,225.0,225.00999450683594,224.92999267578125,224.99989318847656,66465,225.05634689331055,225.0821566772461,224.72059066772462,224.48850850423176,224.24320289611816,225.06005979318027,225.051847983656,225.05653794342007,47.258573831831626,-0.0046899597640788215,0.017216889146431647,-0.02190684891051047,0.1346309250651914,21.90672832827291,22.358215388278467,224.55998165456205
2024-11-12 12:03:00,225.0,225.00999450683594,224.9250030517578,224.9499969482422,66295,225.05384674072266,225.0837567138672,224.72899063110353,224.495441792806,224.2527978515625,225.04957761747187,225.03617859359233,225.04864601785133,45.034440804320994,-0.012467424259000381,0.011280026465345244,-0.023747450724345625,0.1310852486375438,20.35739293120387,21.588487842289897,224.56193729343929
2024-11-12 12:04:00,224.9600067138672,225.06500244140625,224.9499969482422,225.0399932861328,160803,225.05584640502929,225.08615661621093,224.73979049682617,224.50257507324218,224.26269783020018,225.048664824011,225.03676546936777,225.04800507476108,49.638301901306455,-0.011239605393313923,0.006776100093613411,-0.01801570548692733,0.1299366946751523,22.39787878029867,21.5540000132585,224.56726400684727
2024-11-12 12:05:00,225.0399932861328,225.07000732421875,224.94500732421875,224.9875030517578,78870,225.0552215576172,225.08871063232422,224.75056549072266,224.50875844319663,224.27231033325197,225.04283989332023,225.02918663588932,225.04352344342752,47.157344754530186,-0.014336807538199992,0.00255351856725073,-0.01689032610545072,0.12958407362692714,21.720822806447043,21.49203150598321,224.56973188044142
2024-11-12 12:06:00,224.97999572753906,225.02000427246094,224.94009399414062,224.97999572753906,58082,225.05422134399413,225.09211059570313,224.7611654663086,224.51402506510416,224.28196029663087,225.03685473467442,225.02161880383542,225.03881768669504,46.797087681005415,-0.017198882859617015,-0.001396961718122819,-0.015801921141494195,0.1260359453907404,23.36009872343264,22.49293343672613,224.57144454570675
2024-11-12 12:07:00,224.9600067138672,224.99000549316406,224.91000366210938,224.99000549316406,39490,225.06122131347655,225.0951107788086,224.77146545410156,224.52089172363281,224.29158531188966,225.0323929021496,225.0167552175783,225.03520196865568,47.374364273891146,-0.018446751077391355,-0.004806919589976527,-0.013639831487414829,0.12274779436673663,20.628528070307095,21.90314986672894,224.5725536045242
2024-11-12 12:08:00,224.97320556640625,225.0,224.9499969482422,224.97000122070312,43216,225.06722106933594,225.09168884277344,224.78273651123047,224.5283590698242,224.30106033325194,225.02645083724994,225.00956229498212,225.03037228362217,46.29330315522865,-0.020809988640053234,-0.008007533399991868,-0.012802455240061366,0.11755174132324207,19.672144816602877,21.22025720344755,224.57379099255039
2024-11-12 12:09:00,224.97000122070312,225.0,224.9499969482422,224.99000549316406,50930,225.06734619140624,225.09228881835938,224.7949365234375,224.5348257446289,224.31054786682128,225.0229798520989,225.00655355624087,225.02738215099563,47.581482323232784,-0.020828594754760843,-0.010571745670945664,-0.010256849083815179,0.1127268349257114,20.85346076718909,20.384711218033033,224.57526365431855
2024-11-12 12:10:00,225.0,225.02000427246094,224.97000122070312,224.99850463867188,86702,225.07086105346679,225.09035888671875,224.8065216064453,224.54049448649087,224.31986541748046,225.02064887939156,225.00531526123027,225.02524307600868,48.15050496433467,-0.019927814778412767,-0.012442959492439086,-0.007484855285973681,0.10824656469943292,35.733439470436686,25.419681684742898,224.5778454474028
2024-11-12 12:11:00,224.99000549316406,225.02499389648438,224.8300018310547,224.83999633789062,102228,225.0563606262207,225.08196075439454,224.81502151489258,224.54522776285808,224.32814041137695,225.00344387543907,224.9798815807165,225.01152109540735,39.53162377225126,-0.03163951469085191,-0.01628227053212165,-0.01535724415873026,0.11444267189445112,31.110577349045624,29.23249252889048,224.58014665103786
2024-11-12 12:12:00,224.85000610351562,224.85000610351562,224.6699981689453,224.75,69577,225.03961029052735,225.07266082763672,224.8238215637207,224.5485610961914,224.33588989257814,224.9793063634925,224.94451518368317,224.99214916241422,35.631797260171034,-0.04763397873105646,-0.022552612171908612,-0.025081366559147847,0.11912590494272694,30.038824397183678,32.29428040555535,224.5810051170046
2024-11-12 12:13:00,224.74000549316406,224.75,224.6199951171875,224.64999389648438,78644,225.00860977172852,225.05926055908202,224.832021484375,224.54812774658203,224.34303985595704,224.9479432713965,224.89920421642182,224.96680432790092,31.869429259601393,-0.06760011147909495,-0.031562112033345885,-0.036037999445749064,0.1199029747905679,10.276832367368742,23.8087447045327,224.58150985030454
2024-11-12 12:14:00,224.64990234375,224.81939697265625,224.63999938964844,224.77999877929688,87809,224.9780746459961,225.0502606201172,224.84162139892578,224.55119435628256,224.3511898803711,224.9319485578632,224.88086491840258,224.95296687985618,40.643650271012554,-0.0721019614535976,-0.03967008191739623,-0.032431879536201365,0.12415258966322824,20.740539807405398,20.352065523985953,224.58251063644065
2024-11-12 12:15:00,224.7949981689453,224.83999633789062,224.75999450683594,224.76010131835938,33349,224.94482955932617,225.0435626220703,224.84992248535156,224.55339508056642,224.35876541137696,224.91558215410095,224.8622859030113,224.93868054196753,39.79883914053411,-0.07639463895623066,-0.047014993325163124,-0.02937964563106754,0.12099896404833249,24.45182874451829,18.489733639764157,224.58298004075186
2024-11-12 12:16:00,224.76100158691406,224.8249969482422,224.75999450683594,224.8000946044922,20438,224.91533432006835,225.03636657714844,224.8577734375,224.55896240234375,224.36649085998536,224.90458333985248,224.85271801093143,224.92841491696936,42.39082535580537,-0.07569690603793333,-0.052751375867717165,-0.022945530170216166,0.11699921243104089,35.570098105700986,26.920822219208244,224.5832783722832
2024-11-12 12:17:00,224.8072967529297,224.80999755859375,224.66000366210938,224.68499755859375,43274,224.90108413696288,225.0216665649414,224.8629234313965,224.56418640136718,224.37321586608886,224.88367040830403,224.82691486441794,224.91038400153414,37.400113338928264,-0.08346913711619663,-0.058894928117413065,-0.02457420899878357,0.11935597557770762,28.533161535331615,29.51836279518365,224.58367948806324
2024-11-12 12:18:00,224.67999267578125,224.75,224.60000610351562,224.61000061035156,31110,224.88358383178712,225.00336669921876,224.8673124694824,224.5684243774414,224.37956588745118,224.85760661802283,224.7935434407154,224.88813337996504,34.546113580047475,-0.0945899392496301,-0.06603393034385648,-0.02855600890577363,0.12154439849961245,18.864034362606322,27.655764667879655,224.58382789911013
2024-11-12 12:19:00,224.61000061035156,224.639404296875,224.5449981689453,224.5998992919922,35412,224.86529846191405,224.98526458740236,224.8714114379883,224.57349039713543,224.38561538696288,224.83306306316277,224.76375203321953,224.86678270678186,34.167916077919855,-0.10303067356232987,-0.07343327898755116,-0.02959739457477871,0.11960595060176069,9.336305404476565,18.911167100804853,224.58385436565683
2024-11-12 12:20:00,224.60000610351562,224.60000610351562,224.32000732421875,224.3300018310547,57817,224.83529891967774,224.96746459960937,224.87301147460937,224.5778204345703,224.3896154022217,224.78515246962866,224.6970212328865,224.82702116043168,25.983000779982454,-0.1299999275451853,-0.08474660869907799,-0.04525331884610731,0.1310625812228403,4.994002871659141,11.064780879580695,224.58319657198564
2024-11-12 12:21:00,224.3249969482422,224.36000061035156,224.19000244140625,224.1999969482422,80898,224.79554901123046,224.94726440429687,224.87241149902343,224.58022043863932,224.39301536560058,224.72942337235375,224.62055595832584,224.78057492249172,23.11114451707889,-0.1600189641658858,-0.09980107979243955,-0.060217884373446245,0.13384369463158835,4.684160832427792,6.338156369521186,224.5813722689715
2024-11-12 12:22:00,224.19000244140625,224.25,224.07000732421875,224.0800018310547,79895,224.7495544433594,224.92716430664063,224.87006149291992,224.58212575276693,224.39551536560057,224.66757370175384,224.5373937848995,224.7286806194223,20.82337102330078,-0.19128683452279915,-0.11809823073851147,-0.07318860378428768,0.13714005042799277,1.220402218331291,3.6328553074727608,224.57896264628414
2024-11-12 12:23:00,224.08999633789062,224.10000610351562,223.97999572753906,223.99000549316406,131195,224.70155487060546,224.9033645629883,224.8662615966797,224.58335245768228,224.39746536254881,224.60304339617386,224.4531802015556,224.67396394340318,19.281729157979477,-0.22078374184758331,-0.13863533296032585,-0.08214840888725747,0.13591650225289062,1.067131032001549,2.323898027586896,224.57409859058703
2024-11-12 12:24:00,223.9949951171875,224.09500122070312,223.9949951171875,224.0500030517578,69275,224.6520553588867,224.8828646850586,224.86321166992187,224.58335245768228,224.3996718597412,224.55037288718185,224.39115294774055,224.6277446180961,23.355591586562273,-0.2365916703555513,-0.15822660043937092,-0.07836506991618036,0.1337078754876172,2.90123704484146,1.7295900983914523,224.5716717668209
2024-11-12 12:25:00,224.07000732421875,224.1199951171875,224.07000732421875,224.0850067138672,44753,224.6069305419922,224.8619647216797,224.85996368408203,224.58528584798177,224.40174690246582,224.50605229924713,224.34405352714467,224.58754181037546,25.711301696078397,-0.2434882832307892,-0.17527893699765457,-0.06820934623313463,0.12915674619776507,6.575745187265864,3.5147044213696432,224.57024920431874
2024-11-12 12:26:00,224.0850067138672,224.24989318847656,224.0850067138672,224.17999267578125,89983,224.5669303894043,224.84596466064454,224.8570635986328,224.58684712727865,224.40426086425782,224.4749990017742,224.31881339616567,224.55735298559068,31.83396048019353,-0.23853958942501663,-0.187931067483127,-0.05060852194188964,0.13170886965573722,14.008268056025242,7.828416762710874,224.5678879453396
2024-11-12 12:27:00,224.19000244140625,224.21499633789062,224.0800018310547,224.0850067138672,53073,224.52168045043945,224.82766479492187,224.85201370239258,224.58764719645183,224.40618537902833,224.4378568791164,224.2828431373505,224.52236437287044,29.238814724453782,-0.23952123551993054,-0.1982491010904877,-0.04127213442944283,0.13194355802575156,15.845366031235026,12.143126424842064,224.56635177400125
2024-11-12 12:28:00,224.0800018310547,224.08999633789062,223.88499450683594,223.89999389648438,72133,224.46818008422852,224.80606475830078,224.84501358032227,224.58798044840495,224.4075853729248,224.38663183315145,224.22394325414035,224.4762628561011,24.969081642555725,-0.25231960196074965,-0.2090632012645401,-0.04325640069620956,0.137162006099247,12.345542479540681,14.066392188933667,224.56348815446665
2024-11-12 12:29:00,223.89999389648438,223.99000549316406,223.89999389648438,223.9199981689453,54270,224.41467971801757,224.78486267089843,224.83910751342773,224.58791381835937,224.4092858886719,224.34219053179848,224.17718247180267,224.43505806445992,26.22356316030501,-0.2578755926572569,-0.21882567954308346,-0.03904991311417344,0.13379411971213562,5.834989671732852,11.341966060836205,224.56127491178142
2024-11-12 12:30:00,223.9199981689453,223.9550018310547,223.86000061035156,223.89500427246094,60133,224.35950469970703,224.7635626220703,224.8333575439453,224.5877138264974,224.41081092834472,224.29960136424253,224.13377044113471,224.3950540798674,25.64659790988824,-0.2612836387326922,-0.22731727138100521,-0.03396636735168701,0.13102319835434917,2.9930019078140297,7.05784468636254,224.5587108546027
2024-11-12 12:31:00,223.89500427246094,224.1199951171875,223.8800048828125,224.06500244140625,54197,224.3207550048828,224.74506072998048,224.82935760498046,224.5892138671875,224.4130859375,224.27725860968673,224.1231907488688,224.37060581035175,35.966184428344235,-0.2474150614829398,-0.23133682940139216,-0.016078232081547628,0.13880655807010994,10.147440471923128,6.325144017156688,224.55683114463
2024-11-12 12:32:00,224.05999755859375,224.05999755859375,223.9199981689453,223.9199981689453,42972,224.27925491333008,224.72416076660156,224.82375762939452,224.59061381022136,224.41451095581056,224.2432338058066,224.0919303519575,224.33722746654388,31.89928328766031,-0.24529711458637848,-0.23412888643838944,-0.01116822814798904,0.13924925195516905,11.472139000266589,8.204193793334602,224.555197856569
2024-11-12 12:33:00,223.9250030517578,224.06500244140625,223.9250030517578,224.06500244140625,39288,224.25000534057617,224.7054608154297,224.81970764160155,224.59204711914063,224.41598594665527,224.22625939014944,224.08778759648808,224.317062649867,39.291936161978356,-0.2292750533789274,-0.23315811982649706,0.0038830664475696663,0.1396603248484382,19.47818455086606,13.699254674351943,224.55384289286536
2024-11-12 12:34:00,224.07000732421875,224.10000610351562,224.02000427246094,224.02000427246094,54200,224.21200561523438,224.6858609008789,224.81513961791993,224.59078043619792,224.4177109527588,224.20661604560766,224.0773593927916,224.29505832561472,37.916392535448836,-0.2176989328231116,-0.23006628242581997,0.012367349602708383,0.1353990038631703,22.467118892141418,17.805814147758042,224.55208314816974
2024-11-12 12:35:00,223.9949951171875,224.04840087890625,223.97000122070312,224.04530334472656,31083,224.17626571655273,224.66676696777344,224.809892578125,224.5900824991862,224.41946243286134,224.19125293123804,224.07242769308928,224.27655795666004,39.205036599457834,-0.20413026357076092,-0.22487907865480816,0.020748815084047245,0.13132762203030993,35.739024305039415,25.89477591601565,224.5510289422109
2024-11-12 12:36:00,224.04989624023438,224.16990661621094,224.04359436035156,224.11000061035156,41212,224.1417610168457,224.64896697998046,224.80289260864257,224.58934916178384,224.42176246643066,224.18351461496314,224.07820814189887,224.264220375452,42.492396954046235,-0.18601223355312868,-0.2171057096344723,0.031093476081343607,0.13096938158952887,47.87818461270865,35.36144260329652,224.54986506017198
2024-11-12 12:37:00,224.11000061035156,224.11000061035156,224.02000427246094,224.02499389648438,40813,224.10876083374023,224.63246673583984,224.79474258422852,224.58714914957682,224.42363746643068,224.16841740367946,224.07002133491204,224.24649989552847,39.47227903946477,-0.17647856061643097,-0.20898027983086404,0.03250171921443307,0.12804273561103574,51.31714940550048,44.97811944108287,224.54857275958565
2024-11-12 12:38:00,224.02499389648438,224.13999938964844,224.02000427246094,224.13499450683594,39833,224.08501052856445,224.61816650390625,224.78769256591798,224.58518249511718,224.4260124206543,224.16523427064675,224.0800172075157,224.2382402371068,44.92706189026301,-0.1582230295910847,-0.19882882978290817,0.04060580019182347,0.12746790572364033,58.989511584220416,52.72828186747654,224.54743578338113
2024-11-12 12:39:00,224.14500427246094,224.347900390625,224.08999633789062,224.27000427246094,84288,224.0685157775879,224.60381652832032,224.78164260864258,224.58498250325522,224.42893745422364,224.17521236605762,224.10924598673805,224.2405931286145,50.78898646623404,-0.13134714187646068,-0.18533249220161868,0.053985350325158,0.13678477336726427,65.62757040215324,58.6447437972914,224.54578028017346
2024-11-12 12:40:00,224.25999450683594,224.39999389648438,224.2301025390625,224.32000732421875,92441,224.0680160522461,224.59165252685546,224.77744262695313,224.58538258870442,224.4319374847412,224.18900236207296,224.14167080788891,224.24647566162224,52.79310509793156,-0.10480485373332726,-0.1692269645079604,0.06442211077463314,0.13914952937116504,79.9175240145369,68.17820200030353,224.54445265510176
2024-11-12 12:41:00,224.3249969482422,224.39999389648438,224.25999450683594,224.32000732421875,33475,224.07401657104492,224.57545257568358,224.7743426513672,224.58591593424478,224.43393798828126,224.20147902513446,224.16910719501658,224.25192245144422,52.793105097931566,-0.08281525642763654,-0.15194462289189564,0.0691293664642591,0.1392102336766845,84.80312571708963,76.78274004459327,224.54399654640616
2024-11-12 12:42:00,224.32260131835938,224.3350067138672,224.23500061035156,224.2471923828125,43245,224.0823760986328,224.5586962890625,224.77081451416015,224.58639719645183,224.435698928833,224.20583267824665,224.18112030083134,224.25157207599,49.395727181186054,-0.0704517751586593,-0.13564605334524837,0.06519427818658907,0.13640993866518028,80.69268228357208,81.80444400506622,224.54326371869118
2024-11-12 12:43:00,224.24000549316406,224.25,224.17999267578125,224.1999969482422,54305,224.0928756713867,224.53729614257813,224.76811447143555,224.58703053792317,224.43749893188476,224.2052768944367,224.184024400433,224.24775169615683,47.27229914687811,-0.06372729572382241,-0.12126230182096319,0.05753500609714078,0.13166689477614957,73.28454227773223,79.593450092798,224.54213832386313
2024-11-12 12:44:00,224.1999969482422,224.1999969482422,224.11329650878906,224.1300048828125,59685,224.09687576293945,224.51208221435547,224.76341445922853,224.5881972249349,224.43869895935057,224.19810813142487,224.17571370541447,224.23902970998319,44.235260907594906,-0.06331600456871911,-0.10967304237051437,0.04635703780179526,0.12845500511021926,60.91469268065723,71.63063908065386,224.54068006306838
2024-11-12 12:45:00,224.13999938964844,224.14999389648438,224.0800018310547,224.08309936523438,34535,224.0967803955078,224.485244140625,224.7566455078125,224.58948455810548,224.43958946228028,224.1871549155972,224.16146534538677,224.22747931407588,42.27511612679874,-0.0660139686891057,-0.10094122763423265,0.03492725894512695,0.12427908084732416,48.34024160391217,60.8464921874339,224.53974853675024
2024-11-12 12:46:00,224.10000610351562,224.12989807128906,223.98500061035156,223.99000549316406,42103,224.08728103637696,224.45724426269533,224.74954559326173,224.5894512939453,224.44013946533204,224.16837878012737,224.1350869065833,224.209888660675,38.61759667128361,-0.07480175409170897,-0.09571333292572792,0.02091157883401895,0.12575182228233675,31.914215155484623,47.05638314668469,224.53843808162688
2024-11-12 12:47:00,223.98880004882812,224.0,223.92999267578125,223.98899841308594,35555,224.08248062133788,224.43762420654298,224.74273559570312,224.59027791341146,224.4413094329834,224.15129493564723,224.11261175373755,224.19352642011285,38.57871211433284,-0.08091466637529265,-0.09275359961564088,0.011838933240348223,0.12177007242065199,20.073028735339545,33.44249516491214,224.53720115624523
2024-11-12 12:48:00,224.0,224.02999877929688,223.8699951171875,223.89999389648438,75692,224.08248062133788,224.4164239501953,224.73593551635742,224.59148122151691,224.44200942993163,224.12736150334598,224.07990131416017,224.17178327021443,35.20485137845057,-0.09188195605426586,-0.09257927090336587,0.000697314849100017,0.12450104311270364,10.633175978014469,20.8734732896129,224.53440196566854
2024-11-12 12:49:00,223.89999389648438,223.9199981689453,223.82000732421875,223.86000061035156,59969,224.0794807434082,224.39431182861327,224.7285354614258,224.59181457519531,224.44375946044923,224.10189856115605,224.04607043665115,224.14868825837274,33.77549388482765,-0.10261782172159428,-0.09458698106701156,-0.008030840654582719,0.12275031465655072,8.37003115369177,13.025411955681946,224.53195867320278
2024-11-12 12:50:00,223.86000061035156,223.9700927734375,223.83999633789062,223.94000244140625,42536,224.08173065185548,224.37451202392577,224.72213546752928,224.59301462809245,224.44585945129396,224.08647988308462,224.02975228353657,224.13323004970854,39.10196016156858,-0.10347776617197724,-0.0963651380880047,-0.007112628083972533,0.12327503757728818,11.081668722278785,10.028291951328361,224.5303659646441
2024-11-12 12:51:00,223.94000244140625,224.0800018310547,223.9207000732422,223.99000549316406,79658,224.07798080444337,224.3544122314453,224.71598556518555,224.5924812825521,224.44768447875975,224.0772918459493,224.02363739271004,224.12262082329784,42.22953413468677,-0.09898343058779346,-0.09688879658796246,-0.002094633999831008,0.12584837473694618,18.965184600543704,12.805628158838104,224.52779228947045
2024-11-12 12:52:00,223.99000549316406,223.99000549316406,223.89999389648438,223.9250030517578,24377,224.07823104858397,224.33291442871095,224.70753555297853,224.59136525472005,224.44960998535157,224.0627881512644,224.0084628787174,224.10798246985044,39.396938436111455,-0.09951959113303133,-0.09741495549697624,-0.002104635636055091,0.12328860487571344,22.701043585021477,17.582632302614673,224.52692330474846
2024-11-12 12:53:00,223.92840576171875,223.97000122070312,223.9149932861328,223.97000122070312,21313,224.07348098754883,224.31331451416017,224.69853561401368,224.59043192545573,224.44990997314454,224.05395130073478,224.00254570056137,224.09776163658026,42.28310326513014,-0.09521593601888867,-0.09697515160135872,0.0017592155824700528,0.1184114141396134,24.425151275979996,22.030459820515077,224.52618280177919
2024-11-12 12:54:00,223.97000122070312,223.97000122070312,223.94000244140625,223.96499633789062,27763,224.07073059082032,224.2918145751953,224.68898559570312,224.59046518961588,224.44988494873047,224.04547939951152,223.9967688755351,224.08792717001066,42.04327143492349,-0.09115829447554802,-0.0958117801761966,0.00465348570064858,0.11209622593656067,22.987810225379278,23.371335028793606,224.5252322155924
2024-11-12 12:55:00,223.97000122070312,223.97000122070312,223.8699951171875,223.8699951171875,30176,224.06196517944335,224.2694644165039,224.67908752441406,224.59019846598306,224.44893493652344,224.02876661071875,223.97726522040472,224.07178405498672,37.67496783870556,-0.09451883458200427,-0.09555319105735814,0.0010343564753538675,0.11123264576363671,20.188892997107715,22.533951499489017,224.5241027166325
2024-11-12 12:56:00,223.8800048828125,223.8800048828125,223.6300048828125,223.64999389648438,69066,224.03896484375,224.2428643798828,224.66748748779298,224.5883984375,224.44623489379882,223.99269301888688,223.92691578595543,224.0405403395421,29.921722997923528,-0.11362455358667489,-0.09916746356322151,-0.014457090023453384,0.12114459963766268,12.643041160415791,18.606581460967615,224.52077400626703
2024-11-12 12:57:00,223.64999389648438,223.64999389648438,223.50999450683594,223.5570068359375,52144,224.01556549072265,224.21420440673828,224.65465759277345,224.58571177164714,224.44421989440917,223.95119909670123,223.8700067167219,224.0047230429788,27.358939171698776,-0.1347163262569211,-0.10627723610196144,-0.028439090154959656,0.12249137035271804,6.581265282089274,13.137733146537613,224.51781898338703
2024-11-12 12:58:00,223.5399932861328,223.57000732421875,223.38600158691406,223.41000366210938,66063,223.97931594848632,224.18300445556642,224.63734664916993,224.58282582600913,224.44202041625977,223.89965667435914,223.79923701601228,223.960669755507,23.877190096747178,-0.16143273949472814,-0.11730833678051478,-0.04412440271421336,0.12688525370643017,4.393027093001311,7.872444511835478,224.51364150387224
2024-11-12 12:59:00,223.40499877929688,223.52999877929688,223.38999938964844,223.41990661621094,51137,223.93681106567382,224.15160247802734,224.62194564819336,224.5804918416341,224.4390199279785,223.85396619263074,223.74087849296592,223.92061322667027,24.573567261736336,-0.17973473370435045,-0.12979361616528193,-0.04994111753906852,0.12782197770228784,4.837594385851296,5.270628920313979,224.51040394807822
2024-11-12 13:00:00,223.4199981689453,223.49000549316406,223.35499572753906,223.39999389648438,71682,223.89081039428712,224.1196322631836,224.60499557495118,224.57755849202474,224.43527893066405,223.8107307358549,223.68843470889183,223.88204883184167,24.096225719702517,-0.19361412294983893,-0.14255771752219332,-0.05105640542764561,0.12833539112533873,4.635339325739774,4.621986934864146,224.5057646025664
2024-11-12 13:01:00,223.375,223.52000427246094,223.3699951171875,223.4199981689453,62166,223.84580993652344,224.0912322998047,224.5865965270996,224.57375844319662,224.43172889709473,223.77351811043494,223.6471367796693,223.84782285681231,25.658542017368863,-0.20068607714301834,-0.15418338944635834,-0.046502687696659994,0.12988351713591723,6.576710660540246,5.349881457377124,224.50185214043256
2024-11-12 13:02:00,223.42999267578125,223.60000610351562,223.4199981689453,223.52000427246094,62686,223.80945053100587,224.0666323852539,224.5696466064453,224.57142517089844,224.42807891845703,223.7493739353898,223.62757793240647,223.82353999871222,33.07478261833352,-0.19596206630575352,-0.1625391248182374,-0.03342294148751612,0.13346383266694548,12.643992647780996,7.952014211353691,224.49821773007872
2024-11-12 13:03:00,223.50999450683594,223.60000610351562,223.4499969482422,223.50999450683594,57727,223.77495040893555,224.04383239746093,224.5515464782715,224.569291788737,224.42205390930175,223.72657589457512,223.6094881746264,223.80031440672138,32.72290898385793,-0.1908262320949916,-0.16819654627358824,-0.022629685821403372,0.13464564142455207,17.70144939737059,12.307384235230629,224.49491687349385
2024-11-12 13:04:00,223.4949951171875,223.55999755859375,223.40499877929688,223.40499877929688,42885,223.73870010375975,224.01633239746093,224.53329650878905,224.56652506510417,224.41747886657714,223.69594950264386,223.57802826765263,223.7710317676529,29.212260870905528,-0.193003500000259,-0.1731579370189224,-0.019845562981336606,0.13609943698686086,17.011828092772646,15.78575671264143,224.4923207067855
2024-11-12 13:05:00,223.40379333496094,223.5500030517578,223.38999938964844,223.52000427246094,45092,223.7105453491211,223.99153045654296,224.51754653930664,224.56379180908203,224.41292892456056,223.67919281405503,223.5691014991616,223.7524371383794,37.16421850673002,-0.18333563921780183,-0.1751934774586983,-0.008142161759103539,0.13780688163846902,18.087024861504215,17.600100783882503,224.48968357860272
2024-11-12 13:06:00,223.51499938964844,223.52999877929688,223.47000122070312,223.49000549316406,20825,223.6855453491211,223.9653286743164,224.50084762573243,224.56029184977214,224.4105539703369,223.66117497397016,223.55693288285428,223.73299775725235,36.02733025611265,-0.17606487439806529,-0.1753677568465717,-0.0006971175514935979,0.13224907284956053,18.278241310968657,17.79236475508186,224.48848242287352
2024-11-12 13:07:00,223.5,223.50999450683594,223.4499969482422,223.46009826660156,21253,223.6591003417969,223.94083068847655,224.48124862670898,224.55555918375651,224.40834747314454,223.64202481136363,223.54203524958464,223.7127829801671,34.881691872083664,-0.1707477305824625,-0.17444375159374986,0.0036960210112873537,0.12708825040271693,21.67583348154481,19.347033218005915,224.48723083902783
2024-11-12 13:08:00,223.4600067138672,223.62649536132812,223.4550018310547,223.60000610351562,37531,223.64410095214845,223.92063079833986,224.4619987487793,224.5517519124349,224.40647598266602,223.6380230296638,223.5509538424971,223.70442913745217,43.87326783009699,-0.15347529495505796,-0.1702500602660115,0.016774765310953538,0.13026005610776842,26.293677376669553,22.082584056394357,224.48521747938346
2024-11-12 13:09:00,223.60000610351562,223.69830322265625,223.58999633789062,223.69830322265625,43847,223.63601608276366,223.90259887695314,224.44393173217773,224.54847391764324,224.40576751708986,223.643764000425,223.5736229779062,223.7039753659858,49.182474749991584,-0.1303523880795865,-0.1622705258287265,0.03191813774914001,0.12869197244047248,40.77306143296362,29.580857430392683,224.48313382508334
2024-11-12 13:10:00,223.69500732421875,223.79660034179688,223.69500732421875,223.75990295410156,28773,223.62701110839845,223.89119689941407,224.4293307495117,224.54573994954427,224.40616455078126,223.6548248531561,223.60228143578243,223.7081181502907,52.23191704219994,-0.10583671450825705,-0.1509837635646326,0.045147049056375566,0.12675633280744766,65.63982772439421,44.23552217800915,224.48191868511083
2024-11-12 13:11:00,223.75,223.77999877929688,223.72500610351562,223.73500061035156,36858,223.6142608642578,223.88189697265625,224.41458068847658,224.54223999023438,224.40563957214354,223.6624606395557,223.6226997703315,223.71010944362854,50.90210954478949,-0.08740967329703153,-0.1382689455111124,0.050859272214080875,0.1216303573055764,81.04389489730153,62.48559468488647,224.48035984541121
2024-11-12 13:12:00,223.74000549316406,223.7572021484375,223.67999267578125,223.67999267578125,34468,223.60201034545898,223.87389678955077,224.4005305480957,224.5380065917969,224.4050685119629,223.66413035729147,223.6315140634776,223.70787857193613,47.99527007078524,-0.07636450845853915,-0.12588805810059775,0.0495235496420586,0.11845743697348168,83.77849187427293,76.82073816532291,224.47882704674194
2024-11-12 13:13:00,223.68089294433594,223.8697967529297,223.67999267578125,223.860107421875,34282,223.59651565551758,223.871298828125,224.38733169555664,224.5346073404948,224.40533905029298,223.68279483963275,223.6666822724618,223.7191547830427,56.71213054018326,-0.05247251058091251,-0.11120494859666072,0.058732438015748206,0.12355362555740712,85.92111165086307,83.58116614081253,224.4775001717065
2024-11-12 13:14:00,223.860107421875,223.8975067138672,223.80999755859375,223.86300659179688,41194,223.5914161682129,223.86755889892578,224.3752117919922,224.5313274129232,224.40440406799317,223.69995786364836,223.69688601389797,223.72981047258008,56.837540640398736,-0.032924458682117574,-0.0955488506137521,0.06262439193163452,0.1209790205371236,88.39074667556208,86.03011673356605,224.4760387128245
2024-11-12 13:15:00,223.86000061035156,223.94000244140625,223.83999633789062,223.91990661621094,39514,223.59391174316406,223.86425689697265,224.36311080932617,224.52806142171224,224.4050286102295,223.72090536389243,223.73119687579228,223.74389166840461,59.32803155283247,-0.012694792612336414,-0.07897803901346896,0.06628324640113255,0.119480955035588,95.97463982088998,90.09549938243839,224.47474050787847
2024-11-12 13:16:00,223.9176025390625,223.98899841308594,223.90499877929688,223.93609619140625,25719,223.60821685791015,223.85937896728515,224.35267181396483,224.52450205485027,224.40498008728028,223.74139972841755,223.76271984742522,223.7581290404788,60.03462619851028,0.004590806946424664,-0.06226426982149024,0.06685507676791491,0.11694657494655049,93.6580997379372,92.67449541146311,224.47396222708397
2024-11-12 13:17:00,223.9199981689453,223.93890380859375,223.860595703125,223.89999389648438,29159,223.6253662109375,223.8556787109375,224.3416717529297,224.51990203857423,224.40465507507324,223.75650393490008,223.78383893189584,223.76863754833104,57.63021134476382,0.015201383564800608,-0.046771139144232074,0.06197252270903268,0.11418668426956476,90.88519595280935,93.50597850387886,224.4730104321642
2024-11-12 13:18:00,223.90499877929688,223.92999267578125,223.8800048828125,223.9250030517578,23298,223.65111618041993,223.85617889404296,224.33112182617188,224.51540201822917,224.40503005981446,223.77255146983893,223.80555648879766,223.7802201782145,58.859423541150484,0.025336310583156774,-0.032349649198754306,0.05768595978191108,0.10960104917664942,88.54187894844098,91.02839154639587,224.47226787105402
2024-11-12 13:19:00,223.91000366210938,224.0500030517578,223.90499877929688,224.02259826660156,47493,223.68125076293944,223.8582308959961,224.32154678344727,224.51214864095053,224.40549308776855,223.796365450483,223.83894753153675,223.79817411068763,63.33029481955936,0.04077342084912061,-0.017725035189179325,0.05849845603829994,0.11212985083981288,89.96333001808823,89.79680163977953,224.47097770432896
2024-11-12 13:20:00,224.02499389648438,224.0800018310547,223.97999572753906,223.97999572753906,50728,223.7102508544922,223.85993072509766,224.311746673584,224.50888193766275,224.40576805114745,223.81385404829786,223.86064725399862,223.81164237860256,60.2521706621571,0.04900487539606502,-0.004379053072130457,0.05338392846819547,0.11126386888808519,89.625001158656,89.37673670839509,224.46966687082107
2024-11-12 13:21:00,223.97500610351562,224.02000427246094,223.95050048828125,223.9600067138672,42890,223.73725128173828,223.8578308105469,224.30144577026368,224.50551534016927,224.40636810302735,223.82777334978064,223.87593332474762,223.8226323293629,58.80789263054154,0.053300995384717,0.007156956619239034,0.046144038765477964,0.10828100569462823,86.78650062158312,88.79161059944248,224.46847625402995
2024-11-12 13:22:00,223.9199981689453,223.92999267578125,223.77999877929688,223.83999633789062,55731,223.75325088500978,223.85623077392577,224.29019577026367,224.50124867757162,224.40701805114747,223.82893744388636,223.87040455753885,223.8239185522168,50.91657688014317,0.04648600532203773,0.015022766359798772,0.03146323896223895,0.11340435775717711,71.9822519328962,82.79791790437845,224.4665408100563
2024-11-12 13:23:00,223.85000610351562,223.94000244140625,223.8300018310547,223.9199981689453,29146,223.77375106811525,223.85333068847658,224.27939575195313,224.4975819905599,224.4073680114746,223.83760989389197,223.8780343439091,223.83103556086337,55.229498606378314,0.0469987830457228,0.02141796969698358,0.025580813348739222,0.11316123294249038,63.94020581780223,74.2363194574272,224.46560969146554
2024-11-12 13:24:00,223.92999267578125,223.92999267578125,223.82000732421875,223.8800048828125,60534,223.79750137329103,223.8505307006836,224.26819580078126,224.49360331217449,224.40571800231933,223.8416475118844,223.87833750374037,223.83466291804478,52.73486692121392,0.0436745856955838,0.025869292896703623,0.017805292798880178,0.11293438427249108,53.67391450279492,63.19879075116447,224.4636178815999
2024-11-12 13:25:00,223.8699951171875,223.92999267578125,223.86000061035156,223.9239959716797,29858,223.81770095825195,223.84810455322267,224.25743576049805,224.4892965698242,224.4045880126953,223.84949022234107,223.88536188342334,223.841280181277,55.13536717504476,0.044081702146343105,0.029511774746631518,0.014569927399711587,0.10986707578371942,57.00044503782821,58.204855119475134,224.4626870096227
2024-11-12 13:26:00,223.9199981689453,224.07000732421875,223.88999938964844,224.05999755859375,46106,223.84620056152343,223.8471044921875,224.24803573608398,224.4842965698242,224.40378799438477,223.86953854007942,223.91222891037265,223.85748146848564,61.624400336904664,0.054747441887002424,0.0345589081747057,0.020188533712296723,0.11487713712561894,68.66679382033186,59.780384453651685,224.46151730165622
2024-11-12 13:27:00,224.0800018310547,224.22999572753906,224.0800018310547,224.22000122070312,55060,223.88419570922852,223.85100463867187,224.24173568725587,224.48016326904298,224.40311302185057,223.90291593823406,223.95957849657734,223.8843347834647,67.56766098434362,0.07524371311262712,0.042695869162289984,0.032547843950337135,0.11881435368416848,84.59248585822921,70.08657490546311,224.4606474145988
2024-11-12 13:28:00,224.22999572753906,224.25990295410156,224.17999267578125,224.2550048828125,31306,223.91694564819335,223.8534048461914,224.23578567504882,224.4762633260091,224.40223808288573,223.93644821867008,224.00502870984428,223.91179182786084,68.70936168707426,0.09323688198344371,0.05280407172652073,0.04043281025692298,0.1160354911581788,97.25246483075428,83.50391483643847,224.4602504563224
2024-11-12 13:29:00,224.2550048828125,224.47000122070312,224.2550048828125,224.47000122070312,123316,223.9555305480957,223.85740478515626,224.2306106567383,224.47356333414714,224.40308807373046,223.98726279029228,224.0765629422841,223.9531406717751,74.61926587291754,0.12342227050902466,0.06692771148302151,0.056494559026003144,0.12310412306763927,98.91944938158399,93.58813335685585,224.4598305877846
2024-11-12 13:30:00,224.4499969482422,224.55999755859375,224.44000244140625,224.50010681152344,67697,223.9925407409668,223.86100677490234,224.2263296508789,224.47196400960286,224.40428863525392,224.03610507802856,224.14172353755168,223.9936566821268,75.32213485713955,0.1480668554248723,0.08315554027139167,0.06491131515348063,0.1228820512190579,97.10035060101366,97.75742160445066,224.45997970786655
2024-11-12 13:31:00,224.5,224.52000427246094,224.36000061035156,224.36000061035156,46802,224.0237907409668,223.861806640625,224.2186296081543,224.47016398111978,224.40488861083983,224.06695227158312,224.17530462567476,224.02079326940273,66.14212346923293,0.1545113562720246,0.09742670347151826,0.057084652800506355,0.12553359485408058,88.89367085305894,94.97115694521888,224.45986040811488
2024-11-12 13:32:00,224.39999389648438,224.44000244140625,224.37210083007812,224.38999938964844,37957,224.05929107666014,223.8646627807617,224.21167953491212,224.4687639363607,224.4059635925293,224.09771866377983,224.208334589363,224.0481418709024,67.06761964869796,0.1601927184605927,0.10997990646933314,0.05021281199125954,0.12228132601126679,81.62878046871943,89.20760064093069,224.4597379490618
2024-11-12 13:33:00,224.38760375976562,224.47000122070312,224.35000610351562,224.39999389648438,25032,224.08628540039064,223.86866271972656,224.20297943115236,224.46829722086588,224.40743858337402,224.12650678118027,224.23782063661244,224.0742049839085,67.38746638458102,0.16361565270395317,0.12070705571625716,0.042908596987696015,0.12211802538099774,77.35044407058177,82.62429846412006,224.45966559986545
2024-11-12 13:34:00,224.38999938964844,224.38999938964844,224.28500366210938,224.3300018310547,38155,224.10963516235353,223.8726626586914,224.19237243652344,224.4664971923828,224.40931358337403,224.1458872621207,224.25200235883432,224.0931528985119,62.78839346989352,0.15884946032241487,0.1283355366374887,0.03051392368492617,0.1216088974519979,76.06844294899382,78.34922249609836,224.4594070925571
2024-11-12 13:35:00,224.3300018310547,224.58999633789062,224.3300018310547,224.5399932861328,65386,224.1406394958496,223.88180053710937,224.1835223388672,224.46503051757813,224.41256355285645,224.1834211691695,224.29630865534176,224.12625218648384,69.5114331424207,0.17005646885792203,0.1366797230815754,0.03337674577634664,0.13149358383656504,81.27558837565618,78.23149179841062,224.45950360833177
2024-11-12 13:36:00,224.5399932861328,224.5800018310547,224.47000122070312,224.47000122070312,63657,224.16733474731444,223.89140045166016,224.17432235717774,224.46349721272787,224.414938583374,224.21071450741078,224.32303058847427,224.15171507790748,65.27806171360935,0.17131551056678518,0.14360688057861737,0.02770862998816781,0.12995837144477915,82.9186944798597,80.08757526816991,224.4596656424589
2024-11-12 13:37:00,224.47000122070312,224.5,224.44000244140625,224.44000244140625,19021,224.19433517456054,223.90042053222658,224.16902236938478,224.46196390787762,224.41781356811524,224.2325514535056,224.3410262581561,224.1730696974259,63.49323105792217,0.16795656073020382,0.14847681660893466,0.019479744121269155,0.1249611705268485,86.25425218869042,83.48284501473546,224.45966598700957
2024-11-12 13:38:00,224.47000122070312,224.49000549316406,224.4199981689453,224.42059326171875,26202,224.2191146850586,223.91083251953125,224.16362823486327,224.46090118408202,224.4213190460205,224.25046019714495,224.35326733562727,224.1914047762624,62.30623425050612,0.16186255936486305,0.15115396516012033,0.01070859420474271,0.12103589579055576,80.57665159199648,83.24986608684888,224.45964322794325
2024-11-12 13:39:00,224.4199981689453,224.4199981689453,224.3300018310547,224.3800048828125,32212,224.23698501586915,223.92123260498047,224.15777221679687,224.45943450927734,224.4241690826416,224.26279778625616,224.357380804425,224.20537515452537,59.789005624070064,0.15200564989962118,0.1513243021080205,0.0006813477916006727,0.1188612911386634,75.7716828330296,80.86752887123885,224.45949958024215
2024-11-12 13:40:00,224.3800048828125,224.4398956298828,224.36000061035156,224.36000061035156,66050,224.25598526000977,223.92963256835938,224.1520722961426,224.45796783447267,224.42716911315918,224.27205519807475,224.35778385149064,224.21682889199397,58.53383186109566,0.1409549594966677,0.14925043358574996,-0.008295474089082266,0.11607798602384817,67.23245534458947,74.5269299232052,224.45924182908942
2024-11-12 13:41:00,224.3614044189453,224.43429565429688,224.3594970703125,224.37010192871094,16556,224.27649002075196,223.9372344970703,224.1458233642578,224.4564018758138,224.42866958618163,224.2813929819449,224.35967894029375,224.22818245026932,59.001875655446696,0.13149649002443198,0.14569964487348636,-0.014203154849054378,0.11312945730674295,57.09036633749173,66.69816817170361,224.45917868761282
2024-11-12 13:42:00,224.3699951171875,224.44000244140625,224.35000610351562,224.41000366210938,53604,224.30499038696288,223.94693450927736,224.13992446899414,224.4540018717448,224.43025756835937,224.293641618151,224.36742120518846,224.2416506881834,60.88027021004197,0.12577051700506559,0.1417138192998022,-0.015943302294736617,0.11147709163416311,49.17982720923272,57.83421629710466,224.45900944915766
2024-11-12 13:43:00,224.39999389648438,224.47000122070312,224.39999389648438,224.4199981689453,38278,224.3299903869629,223.95593444824217,224.13462448120117,224.45100189208983,224.43180755615234,224.30567557536952,224.37550996884337,224.2548616126843,61.35784181439833,0.1206483561590801,0.1375007266716578,-0.016852370512577708,0.10851496539020504,45.63290859441105,50.634367380378514,224.45895031988152
2024-11-12 13:44:00,224.42999267578125,224.5,224.39999389648438,224.44000244140625,43624,224.35799026489258,223.9654345703125,224.1286245727539,224.4478019205729,224.43420753479003,224.31846861023016,224.38543188769918,224.26857574814517,62.3486048575686,0.11685613955401664,0.13337180924812958,-0.016515669694112944,0.10790718954202076,47.117173921005595,47.309969908216466,224.45892185109656
2024-11-12 13:45:00,224.44500732421875,224.4499969482422,224.41000366210938,224.41000366210938,36793,224.38229064941407,223.97623474121093,224.12284957885743,224.44480326334636,224.43670753479003,224.32718623421866,224.38921216068536,224.2790518899203,59.86958405855806,0.11016027076504997,0.12872950155151366,-0.018569230786463692,0.10305619644136305,45.35554666133012,46.035209725582284,224.4588524314401
2024-11-12 13:46:00,224.4199981689453,224.45469665527344,224.3699951171875,224.38999938964844,34694,224.3987907409668,223.99103485107423,224.11694961547852,224.4420032755534,224.43905754089354,224.33316843949768,224.3893332728335,224.2872702232335,58.20756230485134,0.10206304960001944,0.12339621116121482,-0.021333161561195385,0.10174514941597552,42.07691281435527,44.84987779889701,224.45875336746857
2024-11-12 13:47:00,224.38999938964844,224.50999450683594,224.38999938964844,224.4199981689453,36801,224.4087905883789,224.00829467773437,224.11124954223632,224.43920328776042,224.44135749816894,224.3414379375403,224.3940509491584,224.29710192291586,60.00083720357539,0.09694902624255519,0.1181067741774829,-0.02115774793492771,0.103048718542513,39.890601027283026,42.441020167656156,224.45871691039767
2024-11-12 13:48:00,224.4199981689453,224.4199981689453,224.3699951171875,224.39500427246094,26884,224.41579055786133,224.0279946899414,224.1054995727539,224.4342293294271,224.4441180419922,224.346539493247,224.39419761428186,224.30435394880809,57.77642682567601,0.08984366547377931,0.1124541524367422,-0.02261048696296289,0.09925974234360584,34.56289318321708,38.84346900828515,224.45862656218964
2024-11-12 13:49:00,224.38999938964844,224.39999389648438,224.3300018310547,224.3300018310547,35666,224.4087905883789,224.04619659423827,224.09889953613282,224.430029296875,224.44691802978517,224.34496447780015,224.38432133993922,224.30625379193745,52.341608261712544,0.07806754800176918,0.1055768315497476,-0.027509283547978422,0.09716919399261169,23.0876747188051,32.51372297643508,224.45842886185366
2024-11-12 13:50:00,224.3300018310547,224.52220153808594,224.2899932861328,224.47000122070312,48417,224.40728530883788,224.06759674072265,224.0936145019531,224.42586263020834,224.45006805419922,224.356872739029,224.39750286005673,224.3183832311053,60.87739075286599,0.07911962895144597,0.10028539103008728,-0.021165762078641306,0.10681484098979123,34.173836425905144,30.608134775975795,224.4583499711507
2024-11-12 13:51:00,224.47999572753906,224.52000427246094,224.4499969482422,224.52000427246094,26195,224.41528549194337,224.08959686279297,224.09041458129883,224.42092997233073,224.4527180480957,224.37240907554633,224.41634923119585,224.33331812305755,63.39885970486008,0.08303110813830017,0.09683453445172988,-0.013803426313429706,0.10418573264900259,58.85793139702982,38.70648084724671,224.4584026060616
2024-11-12 13:52:00,224.52499389648438,224.5399932861328,224.4600067138672,224.4600067138672,28789,224.4187858581543,224.1083969116211,224.0875146484375,224.41589670817058,224.4556681060791,224.38075170776736,224.42306576699144,224.34270246311752,58.52483462855606,0.08036330387392354,0.09354028833616862,-0.013176984462245078,0.10245722119304707,81.52638842827982,58.186052083738275,224.458445213662
2024-11-12 13:53:00,224.468505859375,224.468505859375,224.41000366210938,224.42999267578125,33609,224.42028579711913,224.126796875,224.08531463623046,224.409963277181,224.45866806030273,224.3854413237687,224.4241314452668,224.34916840479633,56.19729410235304,0.07496304047046465,0.08982483876302783,-0.014861798292563178,0.09931757662680266,74.35295969625128,71.57909317385366,224.45840607948918
2024-11-12 13:54:00,224.43499755859375,224.43499755859375,224.3800048828125,224.39999389648438,46495,224.4237854003906,224.14669677734375,224.08151458740235,224.40442993164064,224.46156799316407,224.38682728307495,224.42041797622335,224.3529332560325,53.89037635652317,0.06748472019086194,0.08535681504859466,-0.017872094857732723,0.09615151228069176,56.00179036458332,70.62704616303816,224.45827660603453
2024-11-12 13:55:00,224.39999389648438,224.39999389648438,224.3249969482422,224.39500427246094,66445,224.41653594970703,224.16419677734376,224.07786361694335,224.399763285319,224.46389305114747,224.38760604396884,224.4165081756445,224.35604962761977,53.497011866727206,0.06045854802474082,0.0803771616438239,-0.019918613619083078,0.0946404719922272,47.33479817708332,59.22984941263933,224.45798333344175
2024-11-12 13:56:00,224.39999389648438,224.4199981689453,224.26300048828125,224.31500244140625,62199,224.40878601074218,224.1806967163086,224.0730126953125,224.39413065592447,224.46539306640625,224.38069141515336,224.40089190883862,224.35300909530767,47.50907394520403,0.04788281353094703,0.07387829202124853,-0.025995478490301496,0.09909455832592973,34.92613169192505,46.08757341119726,224.45757963087974
2024-11-12 13:57:00,224.3101043701172,224.31500244140625,224.22999572753906,224.24000549316406,87621,224.39878616333007,224.19629486083986,224.0685627746582,224.38626403808593,224.46574310302734,224.3672927559163,224.376140152581,224.34463845811186,42.68562429074355,0.031501694469142194,0.06540297251082727,-0.03390127804168508,0.09808828372173388,21.335711006079126,34.53221362502919,224.4566945707479
2024-11-12 13:58:00,224.22999572753906,224.32000732421875,224.22000122070312,224.22000122070312,42425,224.3887565612793,224.2086947631836,224.06466278076172,224.37756408691405,224.46598762512207,224.35326499065792,224.35211877844594,224.33540607015564,41.476023263457655,0.01671270829029936,0.0556649196667217,-0.03895221137642234,0.09822527084986897,7.3342461623291255,21.198696286777793,224.45625071868295
2024-11-12 13:59:00,224.22000122070312,224.22999572753906,224.13999938964844,224.14979553222656,37322,224.37724609375,224.217724609375,224.06016174316406,224.36852935791015,224.46578659057616,224.33388694699778,224.32099212518142,224.32165714142016,37.46362084165902,-0.0006650162387416003,0.04439893248562904,-0.04506394872437064,0.0976374899242087,1.892685032502323,10.187547400303549,224.45570840103107
2024-11-12 14:00:00,224.13999938964844,224.24000549316406,224.13999938964844,224.22999572753906,34929,224.37074584960936,224.22712646484376,224.05916168212892,224.36192932128907,224.46608657836913,224.32399254514456,224.30699267939028,224.31486740705859,44.11470891092741,-0.007874727668308878,0.03394420045484146,-0.041818928123150335,0.09780667660930989,8.31616693369954,5.84769937617702,224.4552565699354
2024-11-12 14:01:00,224.24659729003906,224.38999938964844,224.22999572753906,224.3800048828125,48682,224.37124099731446,224.24002655029298,224.0609617614746,224.3563959757487,224.46668663024903,224.3293270534939,224.31822532607063,224.31969240526257,53.974832659584,-0.0014670791919400017,0.026861944525485168,-0.02832902371742517,0.10224931843074313,28.316929884794376,12.841927283665436,224.45495309946224
2024-11-12 14:02:00,224.3800048828125,224.41000366210938,224.3000030517578,224.35000610351562,54607,224.36824111938478,224.25342681884766,224.06366180419923,224.3514959716797,224.46686164855956,224.3312964868293,224.32311467644678,224.32193786439242,51.998999207386774,0.0011768120543536043,0.02172491803125886,-0.020548105976905255,0.1028029821393731,45.00139874367385,27.211498520722614,224.45467018252302
2024-11-12 14:03:00,224.35980224609375,224.35980224609375,224.23890686035156,224.23890686035156,38082,224.35918655395508,224.2610028076172,224.0661508178711,224.34522206624348,224.46620620727538,224.3224974747838,224.31015962781674,224.31578741964864,45.37436649225707,-0.005627791831898321,0.016254376058627423,-0.021882167890525744,0.10409529668243128,45.74400447597975,39.68744436814935,224.45433015178676
2024-11-12 14:04:00,224.24000549316406,224.24000549316406,224.2100067138672,224.23500061035156,62744,224.34893646240235,224.26844268798828,224.06800079345703,224.33962209065754,224.46560623168946,224.31416444007596,224.2985967020529,224.30980321155255,45.15653480998793,-0.011206509499658068,0.010762198946970326,-0.021968708446628394,0.0988026882977487,33.660130718954235,41.4685113128693,224.45361088475457
2024-11-12 14:05:00,224.24000549316406,224.32000732421875,224.22000122070312,224.3199005126953,38874,224.34443130493165,224.27644256591796,224.0703497314453,224.33422139485677,224.46515670776367,224.31471073270637,224.3018742113825,224.31055115978535,50.69664936662996,-0.008676948402836615,0.0068743694770089375,-0.015551317879845553,0.09888864652759703,31.151293202105734,36.85180946567993,224.45328227703226
2024-11-12 14:06:00,224.31500244140625,224.36000061035156,224.27000427246094,224.35000610351562,52203,224.342431640625,224.28472076416017,224.07204986572265,224.33002146402995,224.46455673217773,224.31807219659296,224.30927911786452,224.31347374820982,52.52793719436554,-0.004194630345295991,0.004660569512547952,-0.008855199857843943,0.0982534816249562,44.21812000545858,36.34318130883954,224.45294854936353
2024-11-12 14:07:00,224.34849548339844,224.4300994873047,224.34849548339844,224.36000061035156,47576,224.3394317626953,224.2939208984375,224.0747998046875,224.32575480143228,224.46340675354003,224.32206537885568,224.317082424401,224.31692018244254,53.1500769496246,0.00016224195846348266,0.0037609040017310582,-0.0035986620432675756,0.09706423321647721,61.160280105342586,45.50989777096899,224.45277261010057
2024-11-12 14:08:00,224.35000610351562,224.41000366210938,224.3000030517578,224.33999633789062,37461,224.3366813659668,224.30222076416015,224.07919982910155,224.32148813883464,224.4621067047119,224.32377308923998,224.32060764186093,224.31862952729054,51.68991265694758,0.0019781145703916536,0.0034043461154631776,-0.001426231545071524,0.09798826015469761,69.14851410888024,58.17563807322716,224.45257905091574
2024-11-12 14:09:00,224.3350067138672,224.47999572753906,224.3350067138672,224.46910095214844,39720,224.3436363220215,224.3111508178711,224.0846908569336,224.31808146158855,224.46189918518067,224.3376138380884,224.34345276652056,224.3297755587615,59.43539943409669,0.013677207759059229,0.005458918444182389,0.00821828931487684,0.10134545683449601,80.10447890525664,70.13775770649318,224.45253013390817
2024-11-12 14:10:00,224.47000122070312,224.52000427246094,224.36000061035156,224.5,62992,224.34513626098632,224.32155090332031,224.09074081420897,224.31501475016276,224.46204917907716,224.35307918684188,224.36753695628664,224.342384776631,61.04515662070626,0.025152179655634654,0.009397570686472843,0.01575460896916181,0.10553532863984454,86.82402474996911,78.69233925470202,224.45255367449334
2024-11-12 14:11:00,224.52999877929688,224.5399932861328,224.47999572753906,224.52999877929688,39275,224.34563598632812,224.3329507446289,224.09539077758788,224.31194742838542,224.46237419128417,224.3699286718376,224.3925310829036,224.35628211016183,62.59705107875535,0.036248972741759644,0.014767851097530205,0.02148112164422944,0.10228263077940922,96.34424678773257,87.75758348098613,224.45267936624745
2024-11-12 14:12:00,224.53160095214844,224.58999633789062,224.5,224.5460968017578,54035,224.34994049072264,224.34707275390625,224.101651763916,224.3091547648112,224.46270469665527,224.38670658897288,224.41615657811195,224.37034245768746,63.43878526455221,0.045814120424495286,0.020977104962923224,0.024837015461572062,0.10140503843021036,94.1605339825367,92.44293517341282,224.45292870334018
2024-11-12 14:13:00,224.53500366210938,224.60000610351562,224.51060485839844,224.5500030517578,73620,224.35594100952147,224.3596728515625,224.10650177001952,224.30615478515625,224.46310470581054,224.40225863304764,224.43674834328826,224.3836506498408,63.65253982052754,0.053097693447455185,0.027401222659829617,0.025696470787625568,0.10054762462213732,92.29191551374407,94.26556542800448,224.4532961102295
2024-11-12 14:14:00,224.5500030517578,224.6699981689453,224.5399932861328,224.6199951171875,54005,224.36694107055663,224.37447265625,224.1125016784668,224.30362141927083,224.46382064819335,224.42299544106095,224.46494015465737,224.40115764742202,67.3373844509718,0.06378250723534507,0.03467747957493271,0.029105027660412355,0.10265171449287752,89.50132693519873,91.98459214382653,224.453714761912
2024-11-12 14:15:00,224.6199951171875,224.6898956298828,224.60000610351562,224.6699981689453,41934,224.38069076538085,224.38939270019532,224.118748626709,224.3014214070638,224.464320602417,224.44651951038327,224.4964875414709,224.42107176012743,69.70064133693988,0.07541578134348015,0.0428251399286422,0.032590641414837945,0.10174012962675681,91.37107850914322,91.05477365269536,224.45412794840425
2024-11-12 14:16:00,224.6649932861328,224.6699981689453,224.57000732421875,224.60499572753906,34628,224.3951904296875,224.40029266357422,224.12369857788087,224.2987880452474,224.4632955932617,224.46161248344575,224.51318110855834,224.43469575771348,63.289846797031394,0.07848535084485775,0.04995718211188531,0.02852816873297244,0.10161518070531438,89.09724386364735,89.98988310266311,224.45440249671586
2024-11-12 14:17:00,224.61000061035156,224.67059326171875,224.5216064453125,224.5500030517578,70426,224.4106903076172,224.4068927001953,224.12894866943358,224.29678802490236,224.46184562683106,224.4700306328088,224.51884602289672,224.4432370387538,58.3963360144737,0.07560898414291728,0.05508754251809171,0.020521441624825568,0.10499886896966694,83.00370959194488,87.82401065491183,224.4548394655276
2024-11-12 14:18:00,224.5500030517578,224.57000732421875,224.4600067138672,224.4799041748047,32022,224.42368545532227,224.41139068603516,224.1323977661133,224.29432067871093,224.46004516601562,224.47097097014174,224.5128549693441,224.44595312290573,52.79291750598671,0.0669018464383555,0.05745040330214447,0.009451443136211032,0.10535613621123092,69.48943992845314,80.53013112801516,224.4549155705733
2024-11-12 14:19:00,224.4656982421875,224.56500244140625,224.4656982421875,224.49000549316406,26248,224.44069595336913,224.41179077148436,224.1345977783203,224.29100402832032,224.45812019348145,224.47278378185814,224.5093396653164,224.44921626144338,53.48555655517288,0.060123403873006964,0.057985003416316974,0.00213840045668999,0.1049238549974823,59.51822994855579,70.67045982298463,224.45498239734243
2024-11-12 14:20:00,224.51499938964844,224.52000427246094,224.4199981689453,224.4550018310547,24182,224.45194625854492,224.410888671875,224.13594772338868,224.28784932454428,224.4566951751709,224.471090262734,224.50097999850692,224.44964482215534,50.70900944874872,0.05133517635158569,0.05665503800337072,-0.005319861651785031,0.10457258703449251,49.15331663567017,59.386995504226384,224.45499424868353
2024-11-12 14:21:00,224.4550018310547,224.52000427246094,224.45030212402344,224.49000549316406,24659,224.4574462890625,224.41348876953126,224.13764770507814,224.2835826619466,224.45599517822265,224.47289171325116,224.49929161306954,224.4526345014893,53.318740627058155,0.046657111580231,0.05465545271874278,-0.007998341138511778,0.10208184142042163,46.96034010125308,51.87729556182637,224.45503253169574
2024-11-12 14:22:00,224.49000549316406,224.50999450683594,224.42999267578125,224.50999450683594,24007,224.4654457092285,224.415888671875,224.14027572631835,224.27974924723307,224.45554512023926,224.47642531264017,224.50093821211055,224.45688339077424,54.79077468733578,0.04405482133631722,0.052535326442257675,-0.008480505105940457,0.10050469782286922,45.93132974680091,47.348328827908084,224.455065679905
2024-11-12 14:23:00,224.51499938964844,224.6199951171875,224.5,224.57009887695312,31858,224.48200531005858,224.41929077148438,224.14397674560547,224.27508321126302,224.4560456085205,224.4853466044795,224.51157831439406,224.4652697230838,58.97944514676756,0.046308591310264546,0.051289979415859055,-0.004981388105594509,0.10189687063462857,53.90872134849936,48.93346373218447,224.45523378673258
2024-11-12 14:24:00,224.59500122070312,224.75990295410156,224.59500122070312,224.74000549316406,59286,224.50725555419922,224.42749084472655,224.15007675170898,224.27074523925782,224.45674560546874,224.50959983197328,224.54672095728176,224.4856205208675,68.0041288842098,0.061100436414250225,0.053252070815537296,0.00784836559871293,0.10817595681418636,69.04677760926752,56.29560956818929,224.4559339063492
2024-11-12 14:25:00,224.73989868164062,224.7458038330078,224.67010498046875,224.6708984375,25887,224.52480545043946,224.4301089477539,224.15595474243165,224.26571787516275,224.45630012512208,224.5249616039282,224.56582518500764,224.49934481098845,62.02680668330779,0.06648037401919282,0.055897731456268404,0.010582642562924419,0.10585616365167753,77.21581192570409,66.72377029449035,224.4562349549287
2024-11-12 14:26:00,224.6865997314453,224.6865997314453,224.5500946044922,224.6199951171875,42968,224.53830490112304,224.4331088256836,224.16225463867187,224.26058451334634,224.45590011596678,224.53401241471482,224.57415902072762,224.5082818707069,57.98395660920652,0.06587715002072514,0.05789361516915975,0.007983534851565388,0.10804537531606666,75.60004788412043,73.9542124730307,224.45657338531257
2024-11-12 14:27:00,224.63009643554688,224.68499755859375,224.59320068359375,224.67010498046875,30644,224.5538101196289,224.43771087646485,224.1690657043457,224.25858520507813,224.4559006500244,224.5469736114533,224.58891993761085,224.5202687677263,60.69956627804566,0.06865116988456066,0.06004512611223993,0.008606043772320729,0.10688476815063334,68.74513676901897,73.85366552628119,224.45685913471522
2024-11-12 14:28:00,224.6750030517578,224.68499755859375,224.6300048828125,224.63999938964844,25504,224.5688102722168,224.44209899902344,224.17646575927733,224.25645182291666,224.45620063781737,224.55583320937666,224.5967783148474,224.5291377026835,58.26313232562802,0.06764061216389905,0.061564223322571755,0.0060763888413272946,0.10317819012424884,65.71496977314897,70.02005147542948,224.4570990597754
2024-11-12 14:29:00,224.64390563964844,224.67999267578125,224.59129333496094,224.61990356445312,35367,224.57635040283202,224.44689697265625,224.18406478881835,224.25414713541667,224.45630012512208,224.56193514795535,224.60033604555596,224.53586109985162,56.62913128966792,0.06447494570434742,0.06214636779892689,0.0023285779054205286,0.10214398660253912,65.70599150056862,66.72203268091222,224.45739452716063
2024-11-12 14:30:00,224.6300048828125,224.64999389648438,224.51499938964844,224.52999877929688,30982,224.57785034179688,224.45029693603516,224.18996475219726,224.2514805094401,224.45605010986327,224.5588935890355,224.58951492766994,224.53542685388462,49.888226267944646,0.05408807378532288,0.06053470899620609,-0.006446635210883213,0.10449045233349616,51.96624169509786,61.12906765627184,224.45755500094012
2024-11-12 14:31:00,224.53359985351562,224.61500549316406,224.52999877929688,224.55999755859375,25839,224.57935028076173,224.45409484863282,224.19566467285156,224.24858052571614,224.45582511901856,224.55899872899343,224.5849737939659,224.53724690608527,51.94380061015959,0.04772688788062851,0.057973144773090575,-0.010246256892462065,0.10309875672875984,44.1207278386305,53.93098701143236,224.45769261538703
2024-11-12 14:32:00,224.5500030517578,224.56509399414062,224.4801025390625,224.52000427246094,31206,224.5780456542969,224.45629486083985,224.2016146850586,224.24538126627604,224.45457511901856,224.55528497122842,224.57497848296515,224.53596967396496,49.054828397091505,0.03900880900019388,0.05418027761851124,-0.015171468618317363,0.10180537803942881,34.32393607469921,43.47030186947588,224.4577885501834
2024-11-12 14:33:00,224.5200958251953,224.53990173339844,224.49000549316406,224.50999450683594,22602,224.57604522705077,224.45809478759764,224.20701461791992,224.24244791666666,224.4527751159668,224.5509715936672,224.56498094817607,224.53404558751095,48.330307851985154,0.0309353606651257,0.04953129422783414,-0.018595933562708437,0.09809758248192497,32.36218351589153,36.93561580974044,224.45784871506288
2024-11-12 14:34:00,224.54080200195312,224.54080200195312,224.50999450683594,224.52000427246094,8865,224.57104568481446,224.45969482421876,224.21256469726563,224.2389813232422,224.45077514648438,224.54802232498088,224.55806145960452,224.53300549009984,49.13928469767775,0.025055969504677478,0.04463622928320281,-0.01958025977852533,0.09329114767015802,27.727461496833822,31.47119369580822,224.45787665395727
2024-11-12 14:35:00,224.5198974609375,224.52999877929688,224.49569702148438,224.52499389648438,25961,224.5637954711914,224.46199462890624,224.2191146850586,224.2358979288737,224.44910110473631,224.54582914131456,224.55297414220144,224.5324120387209,49.56319733326614,0.020562103480529004,0.039821404122668054,-0.01925930064213905,0.08907761982318246,27.518887710638538,29.202844241121326,224.45795000468087
2024-11-12 14:36:00,224.52499389648438,224.54989624023438,224.50999450683594,224.52999877929688,26596,224.5600456237793,224.4647946166992,224.2279147338867,224.23289794921874,224.44770111083983,224.54432148778906,224.54943947098536,224.53223327876358,50.01324613228414,0.017206192221777883,0.03529836174249002,-0.01809216952071214,0.08556505650712927,24.637511456465123,26.627953554645856,224.45804157613054
2024-11-12 14:37:00,224.52139282226562,224.58250427246094,224.51499938964844,224.55999755859375,22781,224.5605453491211,224.46759460449218,224.23794464111327,224.23003122965494,224.44630111694335,224.5458144469133,224.55106379215587,224.53428989208433,52.73557620314059,0.016773900071541448,0.03159346940830031,-0.014819569336758862,0.08427504410037005,25.06105470211968,25.73915128974114,224.458144348036
2024-11-12 14:38:00,224.55999755859375,224.61000061035156,224.46499633789062,224.4687957763672,46292,224.55998992919922,224.4690704345703,224.24853256225586,224.22668986002603,224.4429396057129,224.53847933543273,224.53840717434224,224.52943847610527,44.75534957189388,0.008968698236969885,0.027068515174034226,-0.01809981693706434,0.08861284612612488,15.913375494764649,21.870647217783176,224.4582688839641
2024-11-12 14:39:00,224.466796875,224.52000427246094,224.4600067138672,224.47999572753906,22580,224.55948944091796,224.4720703125,224.25913345336915,224.22328979492187,224.44053955078124,224.53290946801428,224.52942079791097,224.52577605028554,45.83926051843824,0.0036447476254295452,0.02238376166431329,-0.018739014038883745,0.08656889701666955,12.909626076298172,17.961352091060864,224.4582994103562
2024-11-12 14:40:00,224.4822998046875,224.5034942626953,224.47000122070312,224.49000549316406,19383,224.56123962402344,224.47247039794922,224.27003356933594,224.2198998006185,224.43751457214356,224.5288233751714,224.52335690487297,224.52312637938763,46.843080055779836,0.00023052548533541994,0.017953114428517717,-0.017722588943182297,0.08277776451492083,7.83597414001876,12.219658570360556,224.4583266360698
2024-11-12 14:41:00,224.49000549316406,224.5500030517578,224.47000122070312,224.52499389648438,30279,224.56298904418946,224.47257019042968,224.28108352661133,224.21779978434245,224.43384002685548,224.5284586629155,224.52360874973627,224.5232647139874,50.30985927167213,0.00034403574886709976,0.014431298692587594,-0.014087262943720494,0.08257948355347562,17.01308324570446,12.586227820673827,224.45840812962103
2024-11-12 14:42:00,224.52999877929688,224.6300048828125,224.50999450683594,224.60000610351562,42590,224.56748962402344,224.47537017822265,224.2918835449219,224.21679982503255,224.43076507568358,224.53527270487743,224.53536218877923,224.52894926135986,56.81285375517327,0.006412927419376047,0.012827624437945285,-0.006414697018569239,0.08525311872655328,35.28594932139591,20.045002235706406,224.45865357145817
2024-11-12 14:43:00,224.58999633789062,224.6300048828125,224.5850067138672,224.58999633789062,34502,224.5684844970703,224.47857025146484,224.30268356323242,224.2163998413086,224.42711502075196,224.54048447945013,224.54376744248867,224.5334712670288,55.76409768693704,0.010296175459870938,0.012321334642330418,-0.00202515918245948,0.08237776517075038,53.6482406143755,35.315757727158655,224.45888705076692
2024-11-12 14:44:00,224.58999633789062,224.61000061035156,224.5500030517578,224.55099487304688,36634,224.55903396606445,224.4815902709961,224.31414352416994,224.21487314860025,224.42372001647948,224.54148546931648,224.54487935488226,224.53476931191904,51.755212044932804,0.010110042963219712,0.011879076306508278,-0.0017690333432885657,0.08077917898667894,61.86112577628081,50.265105237350774,224.45907989921605
2024-11-12 14:45:00,224.57000732421875,224.6199951171875,224.5500030517578,224.58999633789062,47963,224.55498886108398,224.4854901123047,224.3248434448242,224.21373911539715,224.42119499206544,224.54610555203783,224.55182042919122,224.53886020273174,55.22193394785536,0.012960226459483692,0.012095306337103361,0.0008649201223803315,0.08000867087546527,66.13617953361228,60.548515308089556,224.45936829643094
2024-11-12 14:46:00,224.58999633789062,224.64500427246094,224.57000732421875,224.64500427246094,34107,224.55623931884764,224.49209014892577,224.3363934326172,224.21270517985025,224.4186205291748,224.5555244777924,224.56615640507889,224.5467227264154,59.62824667043529,0.019433678663489218,0.013562980802380534,0.005870697861108684,0.07965069068737402,76.66277712952157,68.22002747980491,224.45962609284763
2024-11-12 14:47:00,224.66000366210938,224.66000366210938,224.60000610351562,224.63279724121094,38355,224.55437393188475,224.49994598388673,224.34812042236328,224.21235717773436,224.41468452453614,224.56288378859415,224.57640884140687,224.55309861640026,58.25819665382785,0.023310225006611063,0.01551242964322664,0.007797795363384423,0.07824689553782946,87.6206300999042,76.80652892101271,224.4599347016738
2024-11-12 14:48:00,224.6300048828125,224.7100067138672,224.6199951171875,224.7050018310547,36681,224.55762405395507,224.50964599609375,224.35917037963867,224.21299051920573,224.410584564209,224.57641884025708,224.59619237827576,224.56435070637468,63.58754144476473,0.03184167190107701,0.018778278094796715,0.013063393806280292,0.07908723133367647,94.7982096180317,86.36053894915251,224.46031032334866
2024-11-12 14:49:00,224.7008056640625,224.7299041748047,224.66000366210938,224.69970703125,30466,224.5616142272949,224.5206442260742,224.3691844177246,224.21365590413413,224.40655807495116,224.5881605727326,224.61211770950257,224.57437710080987,62.95281413898797,0.037740608692701016,0.022570744214377575,0.015169864478323442,0.07843103714522191,91.0687508512595,91.16253018973184,224.46064728769386
2024-11-12 14:50:00,224.68499755859375,224.6999969482422,224.5399932861328,224.55250549316406,34300,224.56273956298827,224.52709442138672,224.37711044311524,224.21513926188152,224.40322059631347,224.58476485086894,224.60294659929664,224.572756981725,48.467876547944655,0.030189617571636518,0.024094518885829364,0.006095098685807154,0.08425765321409,73.69383109311396,86.52026385413508,224.46086671128396
2024-11-12 14:51:00,224.55059814453125,224.7100067138672,224.5500030517578,224.64999389648438,33794,224.5672393798828,224.53249420166014,224.38626037597658,224.21813924153645,224.40042053222658,224.59097714092755,224.61018464501785,224.57847823467014,55.73248074594128,0.03170641034770938,0.025616897178205367,0.006089513169504013,0.08966808242089608,64.49193426805367,76.41817207080908,224.46114398976138
2024-11-12 14:52:00,224.64999389648438,224.67999267578125,224.61000061035156,224.6300048828125,24524,224.5727394104004,224.53809417724608,224.39576049804688,224.22180592854818,224.3981455230713,224.5946940687261,224.6132339123709,224.58229502342144,54.049990212460884,0.03093888894946417,0.026681295532457128,0.004257593417007044,0.08826265263580976,55.8834614804764,64.68974228054805,224.4613484700024
2024-11-12 14:53:00,224.64999389648438,224.72000122070312,224.6300048828125,224.6300048828125,31987,224.57873992919923,224.54591613769531,224.40345947265624,224.22607259114582,224.39539558410644,224.598057003401,224.6158140616696,224.58582908708004,54.04999021246088,0.02998497458955285,0.027342031343876274,0.0026429432456765746,0.08838648729686802,64.98047010826855,61.785288618932896,224.46164426054497
2024-11-12 14:54:00,224.64999389648438,224.69000244140625,224.5803985595703,224.5803985595703,24102,224.58175964355468,224.5528240966797,224.41063339233398,224.22960856119792,224.39292259216307,224.5963752468457,224.6103655228851,224.58542682578303,49.729130546039286,0.024938697102072638,0.026861364495515547,-0.0019226673934429096,0.08990201547823014,55.67514110852064,58.84635756575523,224.461818287872
2024-11-12 14:55:00,224.58999633789062,224.6199951171875,224.55499267578125,224.55990600585938,22719,224.58350524902343,224.55762420654298,224.41703338623046,224.23277455647786,224.39007209777833,224.5929019857994,224.60260252026578,224.58353639467757,48.021271883511396,0.019066125588210525,0.025302316714054543,-0.006236191125844018,0.08812347447308871,42.24519404320131,54.30026841999686,224.46194120279128
2024-11-12 14:56:00,224.55999755859375,224.55999755859375,224.5200958251953,224.5500030517578,29587,224.5845054626465,224.5616241455078,224.42317245483397,224.2352412923177,224.38792213439942,224.58881637303352,224.5945102943415,224.58105244335016,47.17806421916105,0.013457850991329678,0.022933423569509573,-0.009475572578179894,0.08467906439632793,26.47575966537146,41.46536493903117,224.46205294667612
2024-11-12 14:57:00,224.57000732421875,224.64999389648438,224.53500366210938,224.5850067138672,37077,224.58575592041015,224.56612426757812,224.43002258300783,224.23857462565104,224.38584716796876,224.588453548351,224.59304820503775,224.58134535227737,50.487465602858606,0.011702852760379301,0.02068730940768352,-0.008984456647304219,0.08684414796623309,22.62969713790695,30.450216948826604,224.4622726124469
2024-11-12 14:58:00,224.5800018310547,224.60470581054688,224.57000732421875,224.5850067138672,30824,224.59156646728516,224.57102447509766,224.4366226196289,224.24314137776693,224.38387222290038,224.58812527840016,224.59181105254996,224.58161656424699,50.4874656028586,0.01019448830297165,0.018588745186741147,-0.008394256883769498,0.08311945784922538,25.37696969696968,24.827475500082727,224.46244977246866
2024-11-12 14:59:00,224.5850067138672,224.60000610351562,224.52999877929688,224.52999877929688,29001,224.59406661987305,224.57224243164063,224.44169662475585,224.2472080485026,224.38162170410158,224.5825894213427,224.5823014720495,224.57779302462106,45.31328160394361,0.004508447428435147,0.01577268563507995,-0.011264238206644801,0.08218287687562001,22.198787878787865,23.401818237888193,224.46257148223174
2024-11-12 15:00:00,224.52999877929688,224.5399932861328,224.4600067138672,224.47999572753906,38537,224.59356613159179,224.5718423461914,224.44669662475587,224.25110799153646,224.37922164916992,224.5728185933614,224.56656212674017,224.57054878039276,41.18168193451642,-0.0039866536525892116,0.011820817777546117,-0.015807471430135327,0.08202599797490609,14.35477762701642,20.643511734258016,224.46262612332694
2024-11-12 15:01:00,224.47999572753906,224.4949951171875,224.44039916992188,224.49000549316406,39293,224.5918167114258,224.57104248046875,224.45199661254884,224.25394134521486,224.37672119140626,224.56493163143784,224.55478418311307,224.5645826109684,42.315552643816,-0.009798427855315595,0.007496968650973775,-0.01729539650628937,0.08006670863852888,9.753675646370876,15.435747050725082,224.46264873518976
2024-11-12 15:02:00,224.48489379882812,224.52999877929688,224.47000122070312,224.52000427246094,52643,224.58781661987305,224.57052062988282,224.45879669189452,224.25794138590496,224.3744962310791,224.5606528353448,224.54943342762812,224.5612805118197,45.69433654594156,-0.011847084191572321,0.003628158082464556,-0.015475242274036877,0.0786331979210447,17.345998772216376,13.81815068186792,224.46275509973927
2024-11-12 15:03:00,224.52000427246094,224.60560607910156,224.52000427246094,224.58009338378906,37320,224.58732147216796,224.57112243652344,224.46539764404298,224.26137532552085,224.37239669799806,224.56250431614902,224.55415034396057,224.56267405789148,51.78619705505167,-0.00852371393091289,0.0011977836797890666,-0.009721497610701957,0.07913095568672902,31.531214662560846,19.54362969371606,224.46293604581965
2024-11-12 15:04:00,224.5749969482422,224.58999633789062,224.52999877929688,224.55999755859375,26322,224.5877716064453,224.56992248535155,224.47219757080077,224.26497528076172,224.37019668579103,224.56226557733422,224.5550499154426,224.56247579868423,49.775194872200444,-0.007425883241637621,-0.0005269497044962709,-0.00689893353714135,0.07776428446580197,40.07775716499268,29.651656866589992,224.46305297199297
2024-11-12 15:05:00,224.5500030517578,224.6053924560547,224.52999877929688,224.53379821777344,31076,224.58496170043946,224.56719848632812,224.47829559326172,224.26823191324868,224.3678656768799,224.5595544002332,224.55178042349348,224.56035153343157,47.20168842927352,-0.008571109938088739,-0.0021357817512147647,-0.006435328186873974,0.07759495534380273,42.04686021974822,37.88527734910061,224.46318553972245
2024-11-12 15:06:00,224.5399932861328,224.58999633789062,224.53500366210938,224.58999633789062,28827,224.58221130371095,224.56689849853515,224.4835955810547,224.27143188476563,224.36581565856935,224.56245363239105,224.55765979493918,224.562547444873,52.834819990348684,-0.004887649933806415,-0.0026861553877330947,-0.0022014945460733203,0.07606660997047307,43.227461253001515,41.784026212580834,224.46332826652585
2024-11-12 15:07:00,224.59500122070312,224.61000061035156,224.54100036621094,224.5800018310547,37631,224.57957153320314,224.5674984741211,224.4871955871582,224.27513193766276,224.36446563720702,224.56412488940666,224.56109703126464,224.56384036236793,51.776810846471214,-0.0027433311032893926,-0.0026975905308443543,-4.574057244503826e-05,0.07556186955405536,47.61256688229688,44.29562945168223,224.463523167198
2024-11-12 15:08:00,224.58999633789062,224.6510009765625,224.5850067138672,224.60499572753906,35691,224.57457122802734,224.57000030517577,224.49069549560548,224.2782652791341,224.36324058532716,224.56801735018118,224.5678506768453,224.56688890793617,54.2443885272612,0.0009617689091214743,-0.001965718642851189,0.002927487551972663,0.07523596069360944,62.529587303637605,51.123205146312024,224.46376693390735
2024-11-12 15:09:00,224.60499572753906,224.6300048828125,224.56500244140625,224.60220336914062,24037,224.56969604492187,224.5722442626953,224.49201751708983,224.28047993977864,224.36131408691406,224.57127316151065,224.57313570642918,224.56950479395132,53.91247416600234,0.003630912477859738,-0.0008463924187090036,0.004477304896568742,0.07450499503022663,70.30486836174063,60.14900751589173,224.46391471534486
2024-11-12 15:10:00,224.61000061035156,224.61000061035156,224.5850067138672,224.58999633789062,36344,224.5715705871582,224.57494415283202,224.4929164123535,224.28227986653647,224.35962303161622,224.5730563211659,224.57572964973093,224.57102268609498,52.40291461816367,0.004706963635953798,0.0002642787922235567,0.004442684843730242,0.07096848799123724,75.33932280345842,69.39125948961225,224.46413084050647
2024-11-12 15:11:00,224.59230041503906,224.6699981689453,224.47000122070312,224.51339721679688,63460,224.56474075317382,224.57541198730468,224.49445037841798,224.28356913248697,224.35653999328613,224.56737450170218,224.56614004466414,224.56675413281363,44.06506892239314,-0.0006140881494900441,8.860540388083653e-05,-0.0007026935533708806,0.08018480658059085,59.8854472123494,68.50987945918284,224.46438058290536
2024-11-12 15:12:00,224.50999450683594,224.5800018310547,224.50999450683594,224.55999755859375,16803,224.56124038696288,224.57641204833985,224.49615036010744,224.28565450032553,224.35391494750976,224.56667193569183,224.56519504680713,224.56625364583437,49.34546767424191,-0.0010585990272318213,-0.00014083548234169506,-0.0009177635448901262,0.07945784355474508,51.63900475349996,62.28792492310262,224.4644456085951
2024-11-12 15:13:00,224.5500030517578,224.56500244140625,224.5399932861328,224.5500030517578,29594,224.55724029541017,224.57601013183594,224.49765045166015,224.28798787434897,224.35031494140625,224.5650844229362,224.56285781679955,224.56504989812498,48.29248763075705,-0.002192081325432582,-0.0005510846509598725,-0.0016409966744727097,0.0755686515346517,43.873640371281084,51.79936411237684,224.46456212273807
2024-11-12 15:14:00,224.5500030517578,224.5500030517578,224.47000122070312,224.51499938964844,43092,224.55397033691406,224.57151000976563,224.4995004272461,224.29055450439452,224.34593643188475,224.56031441976594,224.55549498185323,224.56134245305265,44.69523535189985,-0.005847471199416532,-0.0016103619606512045,-0.004237109238765327,0.07588530721465427,44.10624487716265,46.539630000647925,224.46465357246518
2024-11-12 15:15:00,224.5,224.60000610351562,224.5,224.5500030517578,102519,224.553475189209,224.56909210205077,224.49960052490235,224.29366719563802,224.34156143188477,224.55933238471755,224.55465006953088,224.56050249740116,48.80225548072955,-0.005852427870280508,-0.0024587751425770655,-0.0033936527277034422,0.07760822123615219,40.07671430075203,42.68553318306528,224.4650459604507
2024-11-12 15:16:00,224.5500030517578,224.72500610351562,224.50999450683594,224.63999938964844,79790,224.5579750061035,224.5694921875,224.5013005065918,224.29800048828125,224.33781143188477,224.56701495661574,224.56778073416436,224.56639115608615,57.534010940398844,0.0013895780782036127,-0.0016891044984209298,0.0030786825766245425,0.08742274805354758,46.38590818141417,43.522955786442985,224.4656162598879
2024-11-12 15:17:00,224.6199951171875,224.6199951171875,224.522705078125,224.5500030517578,30414,224.55622482299805,224.5670901489258,224.50240051269532,224.30174051920574,224.33571144104005,224.5653947752007,224.5650457061018,224.5651772224322,48.60651080411689,-0.0001315163303843292,-0.00137758686481361,0.0012460705344292807,0.08955643115853971,46.01295478054478,44.158525754237026,224.46575010418158
2024-11-12 15:18:00,224.5500030517578,224.5500030517578,224.4600067138672,224.5050048828125,58586,224.5522247314453,224.56439025878908,224.50324462890626,224.30577392578124,224.33343643188476,224.559643356878,224.555808656365,224.56072001209,44.85846961614398,-0.0049113557249995665,-0.0020843406368508013,-0.002827015088148765,0.0895878530679744,38.33927288685123,43.579378616270084,224.46585246220874
2024-11-12 15:19:00,224.50999450683594,224.60000610351562,224.50999450683594,224.60000610351562,40766,224.55572509765625,224.56399230957032,224.5054446411133,224.31070729573568,224.33160842895506,224.56348742798636,224.56260826361893,224.56363009293634,53.083774430572916,-0.0010218293174091286,-0.001871838372962467,0.0008500090555533383,0.08997452218477087,33.727742201831724,39.35998995640927,224.46604108957249
2024-11-12 15:20:00,224.63999938964844,224.67999267578125,224.58999633789062,224.6750030517578,41652,224.5654754638672,224.56689239501952,224.50859466552734,224.3156072998047,224.33033348083495,224.57410796358363,224.57989976948647,224.57187994173793,58.363879144932284,0.00801982774854082,0.00010649485133819043,0.00791333289720263,0.08997608044947475,50.31381355444231,40.79360954770845,224.46637778955576
2024-11-12 15:21:00,224.6750030517578,224.77000427246094,224.6750030517578,224.77000427246094,53385,224.57947540283203,224.57109252929686,224.51259368896484,224.32080729166665,224.32920852661132,224.5927647549053,224.60914661609792,224.5865558180878,63.905433280947165,0.02259079801012831,0.004603355483096214,0.017987442527032098,0.0903350190390212,77.98698681407267,54.009514190115596,224.4670200952395
2024-11-12 15:22:00,224.77499389648438,224.82000732421875,224.72999572753906,224.7899932861328,40610,224.5929748535156,224.5764923095703,224.51639358520507,224.32657389322915,224.32815902709962,224.61154842454602,224.63696918071867,224.60162526016518,64.96211941974997,0.035343920553486896,0.01075146849717435,0.024592452056312546,0.09031191744192596,90.93122057960427,73.07734031603978,224.4675813843608
2024-11-12 15:23:00,224.77999877929688,224.7899932861328,224.6999969482422,224.71380615234375,35470,224.59966049194335,224.58056854248048,224.51933166503906,224.33153259277344,224.32697807312013,224.62128725576483,224.64879025327636,224.60993495588212,57.993332336509965,0.03885529739423532,0.016372234276586545,0.022483063117648777,0.09028937604540449,87.38750194266659,85.43523644544787,224.46799898379564
2024-11-12 15:24:00,224.70309448242188,224.77000427246094,224.66000366210938,224.6999969482422,60572,224.60666046142578,224.5841683959961,224.52193161010743,224.33643259684246,224.32527809143068,224.62878341695315,224.656668206348,224.61660621457546,56.80388090060148,0.040061991772546435,0.02111018577577852,0.018951805996767913,0.09169732135298722,76.275448932593,84.86472381828798,224.4686435875297
2024-11-12 15:25:00,224.7100067138672,224.74000549316406,224.63999938964844,224.64999389648438,38363,224.61247024536132,224.5866683959961,224.52433151245117,224.3416325887044,224.3235905456543,224.6308034626228,224.65564138944592,224.61907937619836,52.59716186698761,0.036562013247561254,0.02420055127013507,0.012361461977426182,0.09229080579317565,63.31256446121023,75.65850511215665,224.46899392935708
2024-11-12 15:26:00,224.6457061767578,224.64999389648438,224.5800018310547,224.6002960205078,55042,224.61298522949218,224.5880743408203,224.52643447875977,224.3479679361979,224.32169204711914,224.6278979919452,224.6471267173016,224.61768801651758,48.73415945904148,0.029438700784027105,0.02524818117291348,0.004190519611113625,0.09069803862435509,52.80238488817303,64.13013276065878,224.46933406492414
2024-11-12 15:27:00,224.61000061035156,224.6199951171875,224.52999877929688,224.52999877929688,46512,224.6104850769043,224.58747436523439,224.52753448486328,224.35445454915364,224.31939201354982,224.61857425740726,224.62910703453167,224.6111925174642,43.83046011015992,0.017914517067481484,0.023781448351827085,-0.0058669312843456015,0.09064791714337439,37.06184037638281,51.058929908588716,224.46951836873984
2024-11-12 15:28:00,224.5399932861328,224.6199951171875,224.5399932861328,224.58999633789062,30592,224.60973510742187,224.58989837646484,224.52948440551756,224.3623211669922,224.31749198913573,224.61585255078663,224.6230900042792,224.60962243008836,48.585517916231915,0.013467574190826781,0.021718673519627026,-0.008251099328800245,0.090601375768178,31.50652029556788,40.45691518670794,224.4696703340322
2024-11-12 15:29:00,224.593994140625,224.65829467773438,224.57000732421875,224.60000610351562,49675,224.60962524414063,224.5922985839844,224.5321844482422,224.37018849690756,224.3155419921875,224.61434336533225,224.61953863493096,224.60891010960148,49.35581723803346,0.010628525329479999,0.01950064388159762,-0.00887211855211762,0.09043608846442425,31.479676175136678,33.34934561569582,224.46997271500234
2024-11-12 15:30:00,224.58999633789062,224.60000610351562,224.5399932861328,224.5500030517578,61737,224.60762557983398,224.59349853515624,224.53298446655273,224.37785522460936,224.31329948425292,224.6082157164204,224.60884085290434,224.60454662383526,45.67448515164836,0.004294229069074618,0.01645936091909302,-0.012165131850018402,0.08826299767288057,33.33192048488957,32.106038985198076,224.47022307378307
2024-11-12 15:31:00,224.5449981689453,224.58999633789062,224.52000427246094,224.52000427246094,50997,224.6079559326172,224.5933987426758,224.53298446655273,224.38518859863282,224.31169952392577,224.5998146265195,224.59517368668227,224.59828422743718,43.57461720265953,-0.003110540754903468,0.012545380584293723,-0.01565592133919719,0.08695793108408108,26.851184673420068,30.554260444482136,224.470384666387
2024-11-12 15:32:00,224.52999877929688,224.5500946044922,224.49000549316406,224.5,83956,224.6049560546875,224.59139862060547,224.53338439941408,224.39172190348307,224.31044952392577,224.59030847161287,224.58053158103885,224.59100391429368,42.181945373911695,-0.010472333254824662,0.007941837816470046,-0.018414171071294706,0.08503872967294136,14.897840745493797,25.026981967934507,224.47054049606325
2024-11-12 15:33:00,224.50999450683594,224.5800018310547,224.44500732421875,224.44500732421875,92838,224.59970626831054,224.58849884033202,224.53353454589845,224.39795532226563,224.30942459106444,224.57647026709913,224.55968169537422,224.5801893520659,38.53570502152266,-0.020507656691677312,0.002251938914840575,-0.022759595606517885,0.08860699947029825,6.564860624271401,16.104628681061783,224.47061821985625
2024-11-12 15:34:00,224.4499969482422,224.4499969482422,224.4300994873047,224.44500732421875,46075,224.59620666503906,224.58637908935546,224.5339846801758,224.4048887125651,224.30774963378906,224.56394998682478,224.54203948442722,224.57017586852166,38.53570502152266,-0.02813638409443797,-0.0038257256870151343,-0.024310658407422837,0.0836991752893841,2.284015817070788,7.915572395612024,224.47056102826866
2024-11-12 15:35:00,224.4499969482422,224.8000030517578,224.3800048828125,224.3800048828125,728827,224.58770675659179,224.5821792602539,224.5338346862793,224.41062204996746,224.30584915161134,224.5464314054903,224.51711108417882,224.5560891288395,34.453067970637434,-0.038978044660666455,-0.0108561894817454,-0.028121855178921056,0.1077205319790933,1.2744752736143061,3.3744505716521935,224.4720609434962
2024-11-12 15:36:00,224.38499450683594,224.42999267578125,224.25999450683594,224.27999877929688,134862,224.56970672607423,224.57487915039061,224.5334846496582,224.415888671875,224.30324867248535,224.52105686966235,224.48063226804314,224.53563799183632,29.308463043999076,-0.05500572379318669,-0.019686096344033656,-0.035319627449153033,0.11216893461953754,2.509287367426117,2.0225928193704323,224.47123071217064
2024-11-12 15:37:00,224.27000427246094,224.3000030517578,224.17999267578125,224.24899291992188,127114,224.5546562194824,224.56720306396485,224.53357452392578,224.4211479695638,224.301068649292,224.49514601730613,224.44499544525524,224.51440502354635,27.91662412114389,-0.06940957829110062,-0.02963079273344705,-0.039778785557653566,0.11272903757361077,4.944440556719616,2.9094010659200418,224.47003617425196
2024-11-12 15:38:00,224.25,224.25,224.1300048828125,224.19000244140625,118672,224.5389060974121,224.55690307617186,224.5332745361328,224.42508127848308,224.29896865844728,224.4660847243633,224.40576575235542,224.49037520264707,25.441165009405008,-0.08460945029165146,-0.04062652424508793,-0.04398292604656352,0.11324804326031716,7.929401878240642,5.127709934128821,224.46867451956018
2024-11-12 15:39:00,224.19500732421875,224.1999969482422,224.125,224.13499450683594,82417,224.51565551757812,224.5456088256836,224.5331265258789,224.42799255371094,224.29664413452147,224.43455232269403,224.3641086376601,224.46405070666106,23.360935770936628,-0.09994206900094582,-0.052489633196259516,-0.047452435804686305,0.11051582218759363,7.188143446144889,6.687328627035078,224.46761320120453
2024-11-12 15:40:00,224.1300048828125,224.22999572753906,224.07000732421875,224.10000610351562,105029,224.486905670166,224.53655883789062,224.53182662963866,224.43025990804037,224.2954941558838,224.4026907780104,224.32347747856096,224.4370844397614,22.12191012927257,-0.11360696120044622,-0.06471309879709686,-0.048893862403349364,0.11404957798278785,4.848330274166052,6.65529186618389,224.4661856192608
2024-11-12 15:41:00,224.1300048828125,224.1699981689453,224.08999633789062,224.1300048828125,82300,224.45490570068358,224.52615905761718,224.52932662963866,224.43289326985678,224.29514419555665,224.37672069275345,224.29371246383042,224.41433780591333,25.75775461608431,-0.12062534208291709,-0.07589554745426091,-0.04472979462865617,0.11161759605935212,4.602999534502988,5.546491084938005,224.4650643398001
2024-11-12 15:42:00,224.13999938964844,224.14999389648438,224.0,224.02999877929688,57962,224.4169059753418,224.51415893554687,224.5261265563965,224.4352266438802,224.29489418029786,224.34369955813852,224.25314112774834,224.3858682483862,22.060254957441426,-0.13272712063786685,-0.0872618620909821,-0.04546525854688474,0.1143587603754252,5.359390241997353,4.936906683555493,224.46411507871215
2024-11-12 15:43:00,224.02999877929688,224.0977020263672,223.94039916992188,224.08689880371094,88619,224.38556060791015,224.50329681396485,224.52460647583007,224.43673858642578,224.2953786468506,224.31924234343114,224.22756538558872,224.36372236359546,28.361378452633033,-0.13615697800673843,-0.09704088527413338,-0.03911609273260505,0.1174261958089886,9.67047196594959,6.544287247483339,224.46260686483168
2024-11-12 15:44:00,224.09710693359375,224.11000061035156,224.0301055908203,224.09500122070312,59358,224.3553108215332,224.4935888671875,224.52320648193358,224.43828521728517,224.2956036376953,224.29788604602848,224.20717089868322,224.3438170937516,29.238665757690594,-0.13664619506837994,-0.10496194723298269,-0.03168424783539725,0.11474539750343585,12.925930286786816,9.318597498244616,224.46169021310587
2024-11-12 15:45:00,224.09500122070312,224.11000061035156,224.0399932861328,224.0399932861328,53410,224.32481079101564,224.48319061279298,224.52040740966797,224.43908579508462,224.29537857055664,224.2733248308003,224.18145126598316,224.32131162652058,26.835926474526428,-0.13986036053742623,-0.1119416298938714,-0.027918730643554837,0.11154982084024402,15.538001834265245,12.71146802900058,224.46083692948858
2024-11-12 15:46:00,224.0500030517578,224.07000732421875,223.9600067138672,223.98989868164062,50783,224.29429092407227,224.47198852539063,224.51680633544922,224.43944447835287,224.29442810058595,224.24633186421366,224.15198163762275,224.29676251949246,24.834435278681113,-0.14478088186970695,-0.11850948028903852,-0.02627140158066843,0.11143916294819536,11.776574657554498,13.413502259535548,224.4599137734405
2024-11-12 15:47:00,223.98500061035156,224.0500030517578,223.9687957763672,223.99000549316406,75418,224.2672912597656,224.46008850097655,224.51310638427734,224.44004455566406,224.29395309448242,224.2219198288756,224.12706223078297,224.2740397768015,24.84730572140928,-0.14697754601851898,-0.1242030934349346,-0.022774452583584376,0.10927974240836892,7.705097482322997,11.673224658047609,224.45853855217263
2024-11-12 15:48:00,224.0,224.16000366210938,224.0,224.16000366210938,64664,224.24579162597655,224.45158843994142,224.51130645751954,224.44161122639974,224.29525314331056,224.21602305108834,224.13213014329472,224.26559265719465,41.899043984444006,-0.13346251389992858,-0.1260549775279334,-0.007407536371995177,0.11361677287529347,12.3588059524866,10.613492697454728,224.45763297326954
2024-11-12 15:49:00,224.1699981689453,224.25999450683594,224.14999389648438,224.20750427246094,74670,224.22616653442384,224.44513854980468,224.50869049072264,224.44284393310548,224.29669067382812,224.21521173883812,224.14372616316643,224.26128981388104,45.61237629698748,-0.11756365071460095,-0.12435671216526692,0.006793061450665966,0.11335847555216984,28.624837579129444,16.22958033797971,224.4568868700839
2024-11-12 15:50:00,224.19000244140625,224.39999389648438,224.13999938964844,224.33999633789062,151225,224.21566619873047,224.4423385620117,224.50709045410156,224.44524393717447,224.29891563415526,224.22709598636695,224.17392157466247,224.26711992677062,54.37203189197832,-0.09319835210814631,-0.11812504015384281,0.024926688045696505,0.1238324777867247,55.68307622793844,32.222239919851525,224.45591123418632
2024-11-12 15:51:00,224.33839416503906,224.4188995361328,224.27499389648438,224.39999389648438,134838,224.20966567993165,224.4405383300781,224.50579040527344,224.4481771850586,224.30059059143068,224.24356245399719,224.20870193186585,224.2769624430457,57.694864254539105,-0.06826051117985799,-0.10815213435904586,0.039891623179187874,0.12526627506256133,79.18367889233124,54.497197566466404,224.45542829847068
2024-11-12 15:52:00,224.40499877929688,224.4600067138672,224.2949981689453,224.3000030517578,100128,224.19966583251954,224.43613830566406,224.50332946777343,224.45124389648439,224.30249061584473,224.24893774902202,224.22274825800307,224.27866915480217,51.02561576864019,-0.05592089679910828,-0.09770588684705836,0.04178499004795008,0.1281050086239409,84.06711897941253,72.97795803322744,224.4550222576602
2024-11-12 15:53:00,224.3000030517578,224.42999267578125,224.2899932861328,224.3350067138672,147472,224.19416580200195,224.43123657226562,224.50117950439454,224.45401062011717,224.30384063720703,224.25713479329298,224.24001878967448,224.2828423073255,53.07074759747648,-0.04282351765101566,-0.08672941300784984,0.043905895356834174,0.12895460726854782,80.3997293946511,81.21684242213165,224.45442995144842
2024-11-12 15:54:00,224.32000732421875,224.47500610351562,224.23500061035156,224.47000122070312,179989,224.19541549682617,224.42943664550782,224.4996795654297,224.45794392903645,224.30609062194824,224.27740778637965,224.27540070214042,224.29670593053865,60.00698251796505,-0.021305228398233567,-0.07364457608592659,0.05233934768769302,0.13688681340394174,81.40467570033395,81.95717469146588,224.45400561547925
2024-11-12 15:55:00,224.47000122070312,224.5800018310547,224.3300018310547,224.51119995117188,194908,224.20197525024415,224.42898468017577,224.49809158325195,224.46185862223308,224.30842010498046,224.29967370683605,224.3116775096837,224.3125943765115,61.85973044561902,-0.0009168668277936831,-0.05909903423430001,0.05818216740650633,0.14496632673223164,88.08341011125476,83.29593840207997,224.45415289565236
2024-11-12 15:56:00,224.50999450683594,224.64999389648438,224.4600067138672,224.63999938964844,184482,224.21997528076173,224.42998474121094,224.49844161987303,224.46572530110677,224.31107009887694,224.3320856766277,224.36218856813983,224.33684659970683,67.00589157298263,0.025341968432996964,-0.04221083370084062,0.06755280213383758,0.14818210215258565,95.63278898944934,88.37362493367938,224.4550592627542
2024-11-12 15:57:00,224.64999389648438,224.72999572753906,224.4199981689453,224.5500030517578,265856,224.23502578735352,224.429384765625,224.49844161987303,224.4679253133138,224.3136951446533,224.35283971235438,224.39108310408108,224.3526359665254,60.82982794948702,0.03844713755566431,-0.026079239449539632,0.06452637700520394,0.15974034904124024,88.15284706343293,90.6230153880457,224.45617643397574
2024-11-12 15:58:00,224.55999755859375,224.72000122070312,224.52999877929688,224.72000122070312,239125,224.26152572631835,224.4316848754883,224.50084259033204,224.47102528889974,224.31662017822265,224.38780747505427,224.4416858912537,224.3798482075756,67.01461100583363,0.061837683678106714,-0.008495854824010364,0.07033353850211707,0.16190192706731235,91.30583562705988,91.6971572266474,224.45796543527788
2024-11-12 15:59:00,224.72999572753906,224.8000030517578,223.97999572753906,224.24000549316406,1638141,224.26677627563475,224.42444091796875,224.49834259033204,224.46949198404948,224.31647018432616,224.37373109582666,224.41065813770143,224.36948948798957,45.27657277588374,0.041168649711863736,0.0014370460831644562,0.03973160362869928,0.20890945543527223,69.55310706846514,83.00392991965266,224.45116988772423
2024-11-13 09:30:00,223.9499969482422,225.20989990234375,223.8300018310547,224.72999572753906,4187596,224.29827575683595,224.42724090576172,224.50109252929687,224.4710245768229,224.31852012634278,224.40766106075165,224.45978699767645,224.3961936538821,59.66144284494907,0.0635933437943379,0.013868305625399145,0.04972503816893875,0.2925514994248287,65.75236443441594,75.53710237664701,224.5899658203125
2024-11-13 09:31:00,224.77999877929688,225.139892578125,224.33999633789062,224.39999389648438,196653,224.31177520751953,224.42497283935546,224.50019241333007,224.47129119873046,224.3189200592041,224.40693085463096,224.4505880590315,224.3964751533341,50.10812152173901,0.05411290569739435,0.021917225639798185,0.03219568005759617,0.32879040948265353,46.62064118678406,60.64203756322174,224.59161026381474
2024-11-13 09:32:00,224.39999389648438,224.6999969482422,224.2696990966797,224.3000030517578,160209,224.32527542114258,224.41977294921875,224.4980924987793,224.47069122314454,224.31918411254884,224.39674725435734,224.42742113483555,224.38932907173586,47.61996184575928,0.038092063099696816,0.02515219313177791,0.012939869967918904,0.33604094105978544,46.86305515317047,53.07868692479019,224.5856743418862
2024-11-13 09:33:00,224.32000732421875,224.3300018310547,223.9199981689453,224.04539489746094,134607,224.32320022583008,224.4096807861328,224.49284545898436,224.4683272298177,224.31841110229493,224.3632851251291,224.36864786754717,224.36385246623402,41.91287672402319,0.0047954013131459305,0.021080834768051518,-0.016285433454905587,0.34132399256332757,30.325581738229758,41.26975935939479,224.5716583381581
2024-11-13 09:34:00,224.00999450683594,224.0500030517578,223.5749969482422,223.63999938964844,160180,224.30045013427736,224.39218078613283,224.48184539794923,224.46372721354166,224.3159610748291,224.29440076936902,224.2565481017166,224.31023371982027,34.767978399898524,-0.05368561810368533,0.006127544193704149,-0.05981316229738948,0.35087271477420595,17.881947286616082,31.690194726005462,224.54462677327663
2024-11-13 09:35:00,223.63499450683594,224.1300048828125,223.60000610351562,223.99000549316406,163765,224.2979507446289,224.38098083496095,224.47503646850586,224.4600606282552,224.31549560546875,224.26541074306377,224.21554154655468,224.2865131104383,43.69269960095388,-0.07097156388363146,-0.009292277421762973,-0.06167928646186849,0.3636674336686823,14.989852980503136,21.065794001783022,224.52374441700087
2024-11-13 09:36:00,223.97999572753906,223.97999572753906,223.67999267578125,223.72000122070312,78024,224.28445587158203,224.36258087158203,224.46603652954101,224.4550606282552,224.31414558410646,224.21346697902942,224.13930457334675,224.2445492667542,39.23337403168732,-0.10524469340745668,-0.028482760618901717,-0.07676193278855496,0.35983496107683444,12.743167358875027,15.204989208664777,224.5125282227675
2024-11-13 09:37:00,223.6999969482422,223.80160522460938,223.4499969482422,223.45010375976562,172889,224.2574607849121,224.34058288574218,224.453836517334,224.44846130371093,224.31145111083984,224.1407657200519,224.03327367894963,224.18570145142172,35.34957020220459,-0.1524277724720946,-0.0532717629895403,-0.0991560094825543,0.3592473407404311,11.419883588748677,13.050967976042308,224.48142180071972
2024-11-13 09:38:00,223.4499969482422,223.92999267578125,223.44000244140625,223.8300018310547,124176,224.24096069335937,224.32708282470702,224.44573654174803,224.4445240275065,224.31110115051268,224.11116915919501,224.00200108696578,224.15935333139453,43.78499323850838,-0.1573522444287505,-0.07408785927738235,-0.08326438515136816,0.368586118857186,10.303499602199839,11.488850183274542,224.46414901346822
2024-11-13 09:39:00,223.86000061035156,223.97999572753906,223.6699981689453,223.69000244140625,73321,224.21508560180663,224.30888275146484,224.43643753051757,224.43992401123046,224.31025115966796,224.07105804321512,223.95400129534124,224.1245865988028,41.62934088463801,-0.1705853034615643,-0.09338734811421874,-0.07719795534734557,0.36440122169551203,12.055440534137803,11.259607908362135,224.45494726799276
2024-11-13 09:40:00,223.7100067138672,223.83999633789062,223.58999633789062,223.61000061035156,91424,224.1785858154297,224.2875827026367,224.42723754882812,224.43492401123046,224.3086011505127,224.02714781151383,223.9010781130351,224.08646911817678,40.405151406732756,-0.18539100514166762,-0.11178807951970851,-0.07360292562195911,0.3562297058601183,15.255075062647977,12.538005066328568,224.44216520455535
2024-11-13 09:41:00,223.60000610351562,223.6300048828125,223.36500549316406,223.375,135272,224.12733612060546,224.2596826171875,224.41538757324219,224.4282899983724,224.3055261230469,223.96503849613154,223.820143018722,224.03376770201555,36.96633312455086,-0.21362468329354556,-0.13215540027447592,-0.08146928301906964,0.3497132547021411,8.09060784171949,11.800374479501786,224.41868736606847
2024-11-13 09:42:00,223.3800048828125,223.52999877929688,223.3699951171875,223.4600067138672,74986,224.08533630371093,224.2330828857422,224.40478759765625,224.42195668538412,224.30320114135742,223.91694023115397,223.7647374333597,223.99126688807863,38.98911355994824,-0.2265294547189285,-0.15103021116336646,-0.07549924355556203,0.3361625695169435,5.098707935574117,9.48146361331389,224.40610493275813
2024-11-13 09:43:00,223.47000122070312,223.58999633789062,223.45010375976562,223.45030212402344,77839,224.04110107421874,224.2078128051758,224.39419067382812,224.41549204508465,224.30060264587402,223.87249850666535,223.71636277038488,223.9511954240745,38.835892626267665,-0.23483265368963657,-0.16779069966862048,-0.06704195402101609,0.322143284417519,3.4381797579957962,5.5424985117631635,224.3939663552941
2024-11-13 09:44:00,223.4521026611328,223.49000549316406,223.33999633789062,223.3415985107422,71285,223.98468093872071,224.18064483642578,224.38240661621094,224.40816935221355,224.29748565673827,223.82193660229171,223.65870673043986,223.906040097161,37.078192528791796,-0.24733336672113637,-0.18369923307912367,-0.0636341336420127,0.309847989478656,3.2872717721078453,3.9413864885592815,224.38184724720696
2024-11-13 09:45:00,223.35000610351562,223.36000061035156,222.97000122070312,223.0399932861328,195437,223.91112060546874,224.14844482421876,224.3675566101074,224.39903594970704,224.293335647583,223.7474658102766,223.56352004670032,223.84188848152928,32.661231166936545,-0.27836843482896256,-0.20263307342909148,-0.07573536139987108,0.3155730894907833,2.9193990261884473,3.2149501854307245,224.3415103998148
2024-11-13 09:46:00,223.0449981689453,223.1822052001953,223.0399932861328,223.1300048828125,26376,223.83562088012695,224.11903900146484,224.35355667114257,224.39063598632814,224.29073570251464,223.68866000766099,223.49682540610218,223.7891563631058,35.14434805069618,-0.2923309570036281,-0.22057265014399882,-0.07175830685962928,0.303190148388763,5.29992624322776,3.8355323471747127,224.33623820832747
2024-11-13 09:47:00,223.17999267578125,223.17999267578125,223.11000061035156,223.16000366210938,173788,223.76612091064453,224.0916390991211,224.33955673217773,224.38223602294923,224.2887506866455,223.63831178427512,223.44500667625712,223.7425524593283,35.991496394443274,-0.29754578307117185,-0.23596727672943343,-0.06157850634173842,0.2865331424631148,10.730077698891698,6.316467656102663,224.30350403786912
2024-11-13 09:48:00,223.10000610351562,223.13999938964844,223.00999450683594,223.11000061035156,82388,223.68562088012695,224.06203918457032,224.32596878051757,224.37366933186848,224.28725067138672,223.58799643437763,223.3934672815024,223.69569676681152,35.16693357300211,-0.30222948530911253,-0.24921971844536928,-0.05300976686374326,0.27678142909242354,13.404437925191544,9.81148062243703,224.28779093914193
2024-11-13 09:49:00,223.1125030517578,223.12449645996094,222.83999633789062,222.89999389648438,105599,223.61862030029297,224.0280389404297,224.31016876220704,224.36413594563803,224.28465110778808,223.5224723831497,223.31754829919194,223.63675581345396,31.86506345981026,-0.3192075142620183,-0.26321727760869906,-0.05599023665331926,0.27733276430512993,11.237096818168256,11.790537480750528,224.26608827258835
2024-11-13 09:50:00,222.9199981689453,222.97500610351562,222.75999450683594,222.85499572753906,111405,223.52487030029297,223.99413879394533,224.29381866455077,224.35336924235025,224.28192611694337,223.45890317785344,223.2463863650915,223.57884765894175,31.18932626636519,-0.33246129385025824,-0.2770660808570109,-0.055395212993247345,0.27288125233188404,8.372932955174837,11.004822566178241,224.24240040501869
2024-11-13 09:53:00,223.08999633789062,223.125,222.97900390625,223.05999755859375,285401,223.45787048339844,223.96493865966798,224.27916870117187,224.3436358642578,224.2801261138916,223.42091216649538,223.21771116409184,223.54041431817524,37.673888327484335,-0.3227031540833991,-0.28619349550228856,-0.03650965858111055,0.27267575376967357,12.546771180023953,10.718933651122377,224.19314877449085
2024-11-13 09:54:00,223.05999755859375,223.3000030517578,223.0050048828125,223.24000549316406,98935,223.40487060546874,223.93973876953126,224.26556869506837,224.33550252278647,224.27872611999513,223.40368295951146,223.22114106087218,223.51816181261884,42.77353785988757,-0.29702075174665765,-0.2883589467511624,-0.008661804995495237,0.2742702119965049,23.907496810666117,14.942400315288332,224.17881521420043
2024-11-13 09:55:00,223.22999572753906,223.35000610351562,223.1300048828125,223.33999633789062,94814,223.36960067749024,223.91763854980468,224.25306869506835,224.32823588053387,224.2778761291504,223.39761756697615,223.23942648810578,223.50496437004637,45.4438807960528,-0.26553788194058825,-0.28379473378904757,0.01825685184845932,0.2703938554755492,39.21309837173761,25.22245545414259,224.16668298542987
2024-11-13 09:56:00,223.34039306640625,223.4499969482422,223.2449951171875,223.24989318847656,90218,223.35009536743163,223.89373626708985,224.24005767822266,224.32056854248046,224.27710060119628,223.38354857854762,223.2410367497013,223.4860702084486,43.475196348096205,-0.24503345874731508,-0.2760424787807011,0.031009020033386014,0.2657229965883448,49.7861424542857,37.635579212229835,224.15596092396592
2024-11-13 09:57:00,223.2449951171875,223.4199981689453,223.24000549316406,223.35000610351562,117055,223.3180953979492,223.8731362915039,224.2276577758789,224.31360188802083,224.27625061035155,223.380354057116,223.25780126567273,223.475991385861,46.26084507374674,-0.2181901201882681,-0.2644720070622145,0.04628188687394641,0.2595994022449809,60.36629387847199,49.78851156816513,224.1427941444551
2024-11-13 09:58:00,223.35000610351562,223.60000610351562,223.35000610351562,223.60000610351562,103709,223.31209564208984,223.85953643798828,224.21720779418945,224.30883524576822,224.2768006134033,223.40127329963025,223.31044816380242,223.4851776612428,52.549562667232934,-0.17472949744038146,-0.24652350513784793,0.07179400769746647,0.2589137306560537,75.79836648004402,61.983600937600606,224.13400419774698
2024-11-13 09:59:00,223.6199951171875,223.6699981689453,223.39999389648438,223.5399932861328,123031,223.31659011840821,223.8453564453125,224.20627975463867,224.30416849772135,224.277200088501,223.4144847269162,223.3457627980071,223.48923807790132,51.00649341322487,-0.1434752798942327,-0.2259138600891249,0.0824385801948922,0.2597059122135454,85.59979478396495,73.92148504749368,224.12421885866252
2024-11-13 10:00:00,223.5500030517578,223.57000732421875,223.4250030517578,223.4600067138672,88791,223.29809036254883,223.83075653076173,224.1938298034668,224.29910186767577,224.27650009155275,223.41882015424486,223.36333878506247,223.48707279167658,48.94363105448954,-0.12373400661411438,-0.20547788939412281,0.08174388278000844,0.25151293794550195,87.54597180768413,82.9813776905644,224.11675010175023
2024-11-13 10:01:00,223.4600067138672,223.89990234375,223.41000366210938,223.83999633789062,167372,223.30559005737305,223.82485656738282,224.1852326965332,224.29703653971353,224.27720855712892,223.45893217173492,223.4366707162668,223.51321527658132,57.696666881837054,-0.07654456031451673,-0.1796912235782016,0.10314666326368488,0.2685404910665822,85.79419258719463,86.31331972628125,224.10812744997855
2024-11-13 10:02:00,223.83999633789062,223.83999633789062,223.72999572753906,223.77000427246094,75567,223.3135902404785,223.81825653076172,224.17740768432617,224.29396993001302,224.2772590637207,223.48855808608977,223.48795280183515,223.5322366836835,55.799097304273225,-0.044283881848343754,-0.15260975523223005,0.1083258733838863,0.25721621387265226,86.75776073504393,86.69930837664093,224.10496558500424
2024-11-13 10:03:00,223.77850341796875,223.9550018310547,223.77000427246094,223.8699951171875,81173,223.33833999633788,223.81305633544923,224.1696076965332,224.29056986490886,224.2779340362549,223.52488542238478,223.5467285426586,223.55725582690602,57.92790874318915,-0.010527284247416446,-0.12419326103526734,0.1136659767878509,0.2520577384955878,92.07856149106665,88.2101716044351,224.10250717370107
2024-11-13 10:04:00,223.88999938964844,224.02000427246094,223.83999633789062,223.94000244140625,165969,223.36233978271486,223.8112564086914,224.16270767211915,224.28783650716147,224.279234085083,223.5644203765773,223.607232219389,223.5856074279801,59.40217769487041,0.021624791408896726,-0.09502965054643454,0.11665444195533127,0.24691132392949672,91.71390655796831,90.18340959469299,224.09903621775388
2024-11-13 10:05:00,223.9532012939453,224.02000427246094,223.86000061035156,223.9600067138672,98251,223.38782501220703,223.80871856689453,224.15600769042967,224.28597717285157,224.27973358154296,223.602095265843,223.6615052185395,223.6133407084162,59.83528082268961,0.04816451012331413,-0.06639081841248481,0.11455532853579894,0.24070363379948806,93.92517816761158,92.57254873888222,224.09720781203458
2024-11-13 10:06:00,223.97500610351562,224.0,223.86000061035156,223.98500061035156,81418,223.4199951171875,223.8065185546875,224.1500537109375,224.2843105061849,224.28034355163575,223.6385624415105,223.71127374035675,223.64087107152253,60.4036617502832,0.07040266883421964,-0.03903212096314393,0.10943478979736357,0.23351047350298448,95.17550702105802,93.604863915546,224.09574195860026
2024-11-13 10:07:00,223.97999572753906,224.0,223.85000610351562,223.85000610351562,81551,223.46049575805665,223.80271881103516,224.14295471191406,224.28117787679037,224.27999404907226,223.65869993313004,223.73261718084274,223.65636255537387,55.80985746828082,0.07625462546886297,-0.01597477167674255,0.09222939714560552,0.22754500371594097,91.70907512634885,93.60325343833951,224.09383037602018
2024-11-13 10:08:00,223.85000610351562,224.0,223.82009887695312,223.83999633789062,94539,223.49599533081056,223.79972076416016,224.13585464477538,224.2777778116862,224.27951354980468,223.67596625739293,223.7491370511578,223.66996505778252,55.47297132688786,0.07917199337526881,0.003054581333659722,0.07611741204160909,0.22414186938243627,86.55442499228015,91.14633571322902,224.09151160523638
2024-11-13 10:09:00,223.85000610351562,223.94000244140625,223.6999969482422,223.94000244140625,153947,223.53499526977538,223.798720703125,224.12940460205078,224.27497782389324,224.2797135925293,223.70111256063228,223.77850095734988,223.68996782693984,58.188505100552895,0.08853313041004185,0.02015029114893615,0.0683828392611057,0.22527498536683818,84.25637210000275,87.50662407287727,224.0873668687648
2024-11-13 10:10:00,223.9499969482422,224.16000366210938,223.92999267578125,224.02999877929688,191207,223.58099517822265,223.79612060546876,224.12385452270507,224.2729111735026,224.280238571167,223.73243505764796,223.81719292995712,223.71515530489222,60.52181125687584,0.10203762506489511,0.03652775793212794,0.06550986713276717,0.22561327114978727,85.128906932404,85.31323467489567,224.08633649151653
2024-11-13 10:11:00,224.04080200195312,224.10000610351562,223.81500244140625,223.94000244140625,110401,223.63299560546875,223.79077056884765,224.11795455932617,224.26938385009765,224.27982559204102,223.75220337991064,223.8360867009493,223.7318106483377,57.09076496821866,0.10427605261159556,0.05007741686802147,0.05419863574357409,0.22985544193261498,82.81720629922836,84.06749511054507,224.08466611733002
2024-11-13 10:12:00,223.9600067138672,224.05999755859375,223.8300018310547,223.8350067138672,69321,223.68199615478517,223.78067077636717,224.11150466918946,224.26495056152345,224.27910064697267,223.76008941171602,223.8359205490905,223.7394548013399,53.29472840613904,0.09646574775061367,0.05935508304453991,0.037110664706073763,0.22986546233307556,71.98202436067143,79.9760458641013,224.0833033999223
2024-11-13 10:13:00,223.83999633789062,223.88999938964844,223.7100067138672,223.71009826660156,53939,223.71450119018556,223.76687286376952,224.10370559692382,224.25948455810547,224.27785110473633,223.75532835027656,223.81656327486144,223.73728024321113,49.11113596144408,0.0792830316503057,0.06334067276569308,0.015942358884612623,0.2263031204365166,56.69656022066436,70.49859696018808,224.08143086915726
2024-11-13 10:14:00,223.7100067138672,223.8000030517578,223.60000610351562,223.60000610351562,90634,223.7325012207031,223.75287292480468,224.09450561523437,224.25317728678385,224.27665115356444,223.74053575534694,223.78324678696208,223.72711178841888,45.70561212154145,0.056134998543200254,0.061899537921194514,-0.00576453937799426,0.22442410813692168,40.8613553040202,56.5133132951187,224.0773065140675
2024-11-13 10:15:00,223.59010314941406,223.61000061035156,223.47999572753906,223.58999633789062,101999,223.74500122070313,223.73797271728515,224.0846046447754,224.24677724202473,224.27500114440917,223.72619866797015,223.75351594864338,223.71695508837976,45.3973736368877,0.03656086026362004,0.05683180238967962,-0.02027094212605958,0.21767987775660586,27.174214792838274,41.57737677250764,224.07158143194005
2024-11-13 10:16:00,223.5800018310547,223.60000610351562,223.4499969482422,223.4499969482422,65846,223.7550064086914,223.71757263183594,224.07350463867186,224.23897725423177,224.27285110473633,223.69989374228177,223.70682071781243,223.6971804113325,41.21118013287364,0.00964030647992331,0.047393503207728366,-0.037753196727805055,0.21284625472209384,13.836676815407719,27.290748970755427,224.06752679865033
2024-11-13 10:17:00,223.4600067138672,223.68649291992188,223.360107421875,223.64500427246094,108560,223.76975631713867,223.70024871826172,224.06461669921876,224.23214396158855,224.27145614624024,223.69466617372743,223.69731049545067,223.69331551215686,48.354939623927216,0.003994983293807763,0.03871379922494425,-0.03471881593113649,0.22095620067386393,17.264365798066876,19.425085802104316,224.06170442070018
2024-11-13 10:18:00,223.63999938964844,223.6999969482422,223.57000732421875,223.58999633789062,75653,223.7692558288574,223.67924865722657,224.05461669921874,224.22537729899088,224.26910614013673,223.68469761793344,223.6808006250568,223.685662239989,46.633509947379586,-0.004861614932195835,0.029998716393516235,-0.03486033132571207,0.21445858805597634,21.452189284397118,17.517743965957266,224.05817448053764
2024-11-13 10:19:00,223.57000732421875,223.64999389648438,223.44000244140625,223.4698944091797,75939,223.76575088500977,223.657646484375,224.043515625,224.21817657470703,224.2653556060791,223.66424016948068,223.64835351492187,223.66967943770683,43.031505018467506,-0.021325922784967588,0.01973378855781947,-0.04105971134278706,0.214139507128987,26.02724047155772,21.581265184673935,224.05389139193363
2024-11-13 10:20:00,223.47999572753906,223.52999877929688,223.33999633789062,223.35000610351562,57321,223.7602508544922,223.63024658203125,224.03096572875975,224.21064392089843,224.26083061218262,223.63431311557923,223.60245391316707,223.64599993147044,39.73235524346379,-0.04354601830337401,0.007077827185580773,-0.05062384548895479,0.21241543100593435,14.561895944779247,20.680441900244723,224.0500267674159
2024-11-13 10:21:00,223.35000610351562,223.4499969482422,223.35000610351562,223.41000366210938,50501,223.73875122070314,223.61364654541015,224.01904373168946,224.2034439086914,224.25553062438965,223.61295031048687,223.5728461822351,223.62851872633257,42.123781976501675,-0.055672544097461696,-0.005472247071027721,-0.05020029702643397,0.20438510341455066,7.827749363565499,16.138961926634185,224.04664256004455
2024-11-13 10:22:00,223.41000366210938,223.47000122070312,223.3000030517578,223.3800048828125,83704,223.7192512512207,223.58664672851563,224.00694381713868,224.1962772623698,224.2499301147461,223.59076503166074,223.54317829001624,223.61011029347924,41.242584150563246,-0.06693200346299477,-0.017764198349421133,-0.04916780511357364,0.2019288938096051,6.353542140611822,9.58106248298555,224.04093869055347
2024-11-13 10:23:00,223.3800048828125,223.41000366210938,223.36000061035156,223.38059997558594,32166,223.6947814941406,223.56625885009765,223.99561584472656,224.18888122558593,224.24503311157227,223.57074931203456,223.51816624164235,223.59310952919085,41.2688311995241,-0.07494328754850699,-0.029200016189238304,-0.045743271359268686,0.19107704794876282,9.070554292552819,7.750615265576741,224.03877345112878
2024-11-13 10:24:00,223.39999389648438,223.48500061035156,223.3800048828125,223.38819885253906,49094,223.66719131469728,223.5480227661133,223.98389785766602,224.18140258789063,224.24002410888673,223.55336355398737,223.4981712587034,223.57793096054996,41.62740307945563,-0.07975970184656944,-0.039311953320704536,-0.040447748525864906,0.18492838220521282,9.89956453767803,8.441220323614251,224.03566713310744
2024-11-13 10:25:00,223.3800048828125,223.38999938964844,223.16000366210938,223.19679260253906,54516,223.62903060913087,223.53105072021484,223.97036575317384,224.17224721272785,224.234008102417,223.5194044157542,223.45180531160116,223.54969848958618,35.71283193297169,-0.09789317798501429,-0.05102819825356649,-0.0468649797314478,0.18814747830048784,8.161283163187738,9.04380066447289,224.03132157106205
2024-11-13 10:26:00,223.24000549316406,223.2799072265625,223.23480224609375,223.26400756835938,50316,223.59298095703124,223.52353088378905,223.95785583496092,224.1624072265625,224.22867813110352,223.4950809064785,223.42291335110244,223.52853619912494,38.991008480024796,-0.10562284802250588,-0.061947128207354374,-0.043675719815151504,0.1806451315664128,9.786438213830648,9.282428638232165,224.0274071524585
2024-11-13 10:27:00,223.25999450683594,223.27999877929688,223.1800994873047,223.1800994873047,52554,223.5594856262207,223.50733276367188,223.9441567993164,224.15246856689453,224.22187866210936,223.465082676081,223.38555737205664,223.50272607232344,36.489519042859015,-0.11716870026680226,-0.07299144261924395,-0.04417725764755831,0.17487757159682532,7.158285759997337,8.368669045671934,224.0231174749163
2024-11-13 10:28:00,223.17999267578125,223.33999633789062,223.1699981689453,223.3000030517578,59678,223.53248596191406,223.49893280029298,223.9307568359375,224.14366861979167,224.21602867126464,223.44936080709783,223.37239516893374,223.48770955228153,42.19643907298099,-0.11531438334779409,-0.08145603076495399,-0.033858352582840104,0.17452904283600296,14.437768250201957,10.460830741343342,224.01863748997621
2024-11-13 10:29:00,223.3000030517578,223.3157958984375,223.2100067138672,223.2100067138672,31297,223.4959861755371,223.494130859375,223.9173568725586,224.13393463134764,224.20987869262694,223.4265651791711,223.34741232969273,223.46713897165824,39.33912176071299,-0.11972664196551364,-0.08911015300506593,-0.030616488960447705,0.16961905295988222,12.775350150092565,11.457134720097313,224.01623237898883
2024-11-13 10:30:00,223.24000549316406,223.3000030517578,223.22500610351562,223.27130126953125,62922,223.45805130004882,223.48295684814454,223.9050198364258,224.12480997721354,224.204132232666,223.41177814015776,223.33570293582173,223.45263247520438,42.209385025766124,-0.11692953938265305,-0.09467403028058335,-0.022255509102069693,0.163931716169221,18.59899968916893,15.270706029821179,224.01156725004228
2024-11-13 10:31:00,223.26499938964844,223.39999389648438,223.24000549316406,223.39999389648438,60267,223.43105087280273,223.4771566772461,223.89301971435546,224.11667724609376,224.1992321777344,223.41065583123648,223.34559385284675,223.44873332122512,47.79465833604731,-0.10313946837837307,-0.0963671179001413,-0.00677235047823177,0.16365005096572757,24.771350796386802,18.715233545216126,224.00763355957994
2024-11-13 10:32:00,223.39500427246094,223.5800018310547,223.39500427246094,223.57000732421875,88225,223.4178009033203,223.47635681152343,223.88196975708007,224.1102773030599,224.19528221130372,223.42583216390148,223.38011900228858,223.45771658070612,54.105176978650064,-0.07759757841753867,-0.09261321000362077,0.015015631586082101,0.16517487293915778,49.57666575483737,30.982338746797726,224.00340366991486
2024-11-13 10:33:00,223.60000610351562,223.80999755859375,223.60000610351562,223.7899932861328,68676,223.4217956542969,223.4846566772461,223.8721696472168,224.10514394124348,224.19238166809083,223.46051417554256,223.44317658441847,223.48232966999697,60.72130095174334,-0.03915308557850494,-0.08192118511859761,0.04276809954009267,0.17051882732743223,75.01382122952347,49.78727926024924,224.0016105564769
2024-11-13 10:34:00,223.80999755859375,223.9199981689453,223.8007049560547,223.8300018310547,69463,223.43329544067382,223.49205657958984,223.862569732666,224.10054392496744,224.18948165893553,223.49570347606752,223.50268816082402,223.50808316340866,61.79986829707635,-0.005395002584634767,-0.06661594861180505,0.06122094602717028,0.1676249741477942,89.58552204347522,71.39200300927871,224.00060077632304
2024-11-13 10:35:00,223.83999633789062,223.8699951171875,223.72999572753906,223.8000030517578,60981,223.44379577636718,223.49905059814452,223.85343170166016,224.09581064860026,224.18638168334962,223.524684388038,223.54842891327536,223.52970685884193,60.4593004472234,0.018722054433425228,-0.04954834800275899,0.06827040243618422,0.1656517181121259,89.76391213229063,84.78775180176312,223.99943285609217
2024-11-13 10:36:00,223.77999877929688,224.0500030517578,223.77999877929688,223.96499633789062,137024,223.46954574584962,223.5115185546875,223.84608169555665,224.09211059570313,224.18400665283204,223.56661885945252,223.61251620937003,223.56195052395665,64.96121879839039,0.050565685413374695,-0.029525541319532257,0.08009122673290694,0.17310547199418386,87.60600765308838,88.98514727628476,223.9985577703831
2024-11-13 10:37:00,223.96499633789062,224.02000427246094,223.94000244140625,223.97999572753906,60395,223.4862953186035,223.53031860351564,223.8393817138672,224.08847727457683,224.18185661315917,223.60598808498457,223.66905151985756,223.59291683533314,65.34747911994526,0.07613468452441907,-0.00839349615074199,0.08452818067516106,0.166455211927077,88.93124502544374,88.76705493694094,223.998452748484
2024-11-13 10:38:00,223.97000122070312,224.01499938964844,223.89329528808594,223.89329528808594,60268,223.50146026611327,223.5455844116211,223.83231170654298,224.08423258463543,224.17937309265136,223.63335067575613,223.70355056112345,223.6151670910926,61.151162772167304,0.08838347003086255,0.010961897085578917,0.07742157294528364,0.16325870404389292,88.32501814482714,88.28742360778647,223.99809002594301
2024-11-13 10:39:00,223.9149932861328,224.0399932861328,223.89599609375,223.97999572753906,47454,223.52696533203124,223.56198425292968,223.8268116760254,224.0803659057617,224.17717308044433,223.66636449021163,223.74608058672584,223.64219143453306,63.66398281755027,0.10388915219277806,0.02954734810701875,0.0743418040857593,0.16207579647267736,88.85701451291823,88.70442589439638,223.99797514706918
2024-11-13 10:40:00,223.9499969482422,223.96209716796875,223.83999633789062,223.84500122070312,54809,223.5517150878906,223.57668426513672,223.8193617248535,224.07620727539063,224.17442306518555,223.68337751216322,223.76129914579928,223.65721438165676,57.43471096503099,0.10408476414252732,0.044454831314120466,0.059629932828406854,0.16049891027094595,83.71383568577983,86.96528944784177,223.99739028193088
2024-11-13 10:41:00,223.86000061035156,224.0500030517578,223.84500122070312,224.0301055908203,41260,223.58272018432618,223.59928649902344,223.81366271972655,224.0732080078125,224.17292358398439,223.7163992339401,223.80265398349485,223.68483595270592,62.80841156706615,0.11781803078892494,0.059127471209081364,0.05869055957984358,0.16367769032692753,88.8293568224904,87.13340234039617,223.99730547435723
2024-11-13 10:42:00,224.02999877929688,224.0449981689453,223.9499969482422,223.99000549316406,85202,223.61322021484375,223.62198669433593,223.8080627441406,224.06987467447917,224.1705236053467,223.7424569729138,223.83147729267475,223.70744110385095,61.01143441086983,0.12403618882379419,0.07210921473202393,0.05192697409177026,0.15877222821094167,89.10026881324167,87.21448710717065,223.9972875543025
2024-11-13 10:43:00,223.99000549316406,224.05999755859375,223.97000122070312,223.98500061035156,74334,223.64344024658203,223.6404867553711,223.80271270751953,224.0662747192383,224.16784858703613,223.7655563669555,223.85509626462502,223.72800106729545,60.77771098050128,0.12709519732956664,0.08310641125153248,0.043988786078034164,0.15385966461663333,93.87152581277157,90.6003838161679,223.99733950606847
2024-11-13 10:44:00,223.99000549316406,223.9949951171875,223.88999938964844,223.9499053955078,73332,223.67152557373046,223.65468475341797,223.7972117614746,224.06194071451822,224.16529808044433,223.7831134172938,223.86968228476084,223.7444384249408,59.06892084394309,0.1252438598200456,0.0915339009652351,0.0337099588548105,0.15036938339680683,90.14987884594309,91.04055782398547,223.99699376137332
2024-11-13 10:45:00,223.9499969482422,223.96499633789062,223.88999938964844,223.9499969482422,41551,223.7091857910156,223.666884765625,223.79226165771485,224.05767405192057,224.16289810180663,223.79900708690795,223.8820383868349,223.75966498222238,59.07215358842987,0.12237340461251733,0.09770180169469156,0.024671602917825775,0.14498563802861975,87.01687400196617,90.34609288689364,223.99676272481804
2024-11-13 10:46:00,223.9600067138672,224.0,223.9199981689453,223.92999267578125,61570,223.74248504638672,223.6804867553711,223.78711151123048,224.05353403727213,224.16054809570312,223.81148190489589,223.8894159697497,223.77228184841192,57.994349100037105,0.11713412133778434,0.10158826562331012,0.015545855714474213,0.14034393753048174,80.58997610704948,85.91890965165294,223.99650589832626
2024-11-13 10:47:00,223.93870544433594,223.96890258789062,223.91000366210938,223.95399475097656,43473,223.78117980957032,223.6925665283203,223.7828514099121,224.0492940266927,224.1583430480957,223.82505455690358,223.89935116686152,223.7857420634167,58.96185934750055,0.11360910344481567,0.10399243318761124,0.009616670257204432,0.13452643669125092,74.35801570037879,80.65495526979818,223.9963042483553
2024-11-13 10:48:00,223.9499969482422,223.97279357910156,223.92999267578125,223.94000244140625,44568,223.81317977905275,223.69936645507812,223.77945144653322,224.04459401448568,224.1564680480957,223.83600197447527,223.90560520909918,223.7971687580826,58.12141429504645,0.10843645101658694,0.10488123675340638,0.0035552142631805617,0.12797461287904105,67.75123476929161,74.23307552557331,223.9961121299498
2024-11-13 10:49:00,223.94659423828125,223.96499633789062,223.9199981689453,223.93499755859375,42549,223.84942932128905,223.70726654052734,223.77631149291992,224.03994201660157,224.15494300842286,223.8454301253437,223.91012710902143,223.8073782988612,57.804029977714706,0.10274881016022164,0.10445475143476944,-0.0017059412745478036,0.12204772402663189,62.29103619466482,68.13342888811177,223.99590161659242
2024-11-13 10:50:00,223.94500732421875,223.9635009765625,223.88999938964844,223.92999267578125,45811,223.88236389160156,223.71666625976562,223.77371139526366,224.03477528889974,224.15349296569823,223.85348370157584,223.9131833500614,223.81646084529973,57.4660853191469,0.096722504761658,0.10290830210014716,-0.00618579733848916,0.11858014280430552,53.30073086644854,61.11433394346835,223.99562777978412
2024-11-13 10:51:00,223.94000244140625,223.9600067138672,223.89999389648438,223.91000366210938,44632,223.90786437988282,223.71806640625,223.7714614868164,224.02951059977212,224.15229400634766,223.85886655496,223.91269416729955,223.82338994284117,56.05648665628367,0.08930422445837394,0.10018748657179252,-0.010883262113418585,0.11439676241705603,42.695160668701895,52.76230924327177,223.9953455477004
2024-11-13 10:52:00,223.9149932861328,223.9600067138672,223.89500427246094,223.9145965576172,46062,223.92509384155272,223.72095825195314,223.76960739135743,224.02525787353517,224.15071701049806,223.86417417426068,223.91298684273303,223.83014598838014,56.32159932226688,0.08284085435289512,0.09671816012801304,-0.01387730577511792,0.11086859663056989,35.545845470939085,43.84724566869653,223.99505604371507
2024-11-13 10:53:00,223.91000366210938,223.9600067138672,223.89999389648438,223.9499969482422,52073,223.9330940246582,223.72255828857422,223.7678073120117,224.02059122721354,224.1485669708252,223.87234777178276,223.91868070511907,223.8390238372588,58.40458980090599,0.07965686786027959,0.09330590167446635,-0.013649033814186765,0.1072360409700158,38.57677902621721,38.939261721952754,223.9947923473825
2024-11-13 10:54:00,223.9499969482422,223.97999572753906,223.89500427246094,223.9550018310547,80751,223.9393440246582,223.7228582763672,223.76705734252928,224.01609120686848,224.1465919494629,223.8802195869515,223.92426857064763,223.8476147997622,58.704433226003644,0.07665377088542868,0.08997547551665883,-0.013321704631230141,0.10564714197773789,45.024316232210175,39.715646909788845,223.99443447767047
2024-11-13 10:55:00,223.9600067138672,224.3000030517578,223.9499969482422,224.2899932861328,172103,223.96384353637694,223.7294580078125,223.76908828735353,224.01382446289062,224.14684738159178,223.91924565354023,223.98053391149148,223.8803835765304,72.82480833633304,0.10015033496108572,0.0920104474055442,0.008139887555541514,0.12310135351615843,66.2408538724729,49.947316376966775,223.99714473987248
2024-11-13 10:56:00,224.2899932861328,224.3000030517578,224.08999633789062,224.09840393066406,63979,223.97051391601562,223.73172607421876,223.7691223144531,224.0106111653646,224.14616439819335,223.93630834659965,223.99866776059494,223.89653323239213,60.155799560038226,0.10213452820281077,0.09403526356499751,0.008099264637813255,0.12930887925551768,66.51749448778118,59.26088819748811,223.9980393312911
2024-11-13 10:57:00,224.08999633789062,224.22999572753906,224.0800018310547,224.09100341796875,68682,223.9760643005371,223.7365460205078,223.7696324157715,224.00748514811198,224.14501991271973,223.95104121053956,224.01287324634478,223.91093843132373,59.723599941420375,0.10193481502105328,0.09561517385620867,0.006319641164844611,0.13078638048615035,65.80449075797046,66.1876130394082,223.99882106692448
2024-11-13 10:58:00,224.10499572753906,224.11000061035156,224.0,224.02000427246094,67583,223.98239974975587,223.74014617919923,223.76993347167968,224.00395182291666,224.14336990356446,223.95760912119874,224.01397032728573,223.9190173825191,55.59662969176703,0.0949529447666464,0.09548272803829622,-0.0005297832716498196,0.1293016826193941,43.85436050117849,58.725448582310065,223.99907210845157
2024-11-13 10:59:00,224.02999877929688,224.11000061035156,223.9824981689453,224.0500030517578,60655,223.98590011596679,223.74234619140626,223.77053344726562,224.00038513183594,224.1418199157715,223.96640854315675,224.01951382335835,223.9287200246849,56.95023270671819,0.09079379867344528,0.09454494216532604,-0.003751143491880757,0.12917316538988383,39.91936484307156,49.85940536740686,223.99931599481593
2024-11-13 11:00:00,224.0500030517578,224.39999389648438,224.0399932861328,224.36000061035156,150230,224.01165008544922,223.74894622802734,223.77253341674805,223.99888509114584,224.1419199371338,224.0038935019372,224.07189640597267,223.9606667347343,67.85522085775156,0.11122967123836247,0.09788188797993333,0.013347783258429141,0.14566084003000374,54.29708479426663,46.02360337950558,224.0026095708609
2024-11-13 11:01:00,224.3699951171875,224.4499969482422,224.30999755859375,224.3300018310547,50353,224.02664489746093,223.7567462158203,223.77375839233397,223.99755177815754,224.14122444152832,224.0349514380436,224.11160493290836,223.98802489001727,66.10999551736485,0.12358004289109203,0.10302151896216508,0.02055852392892696,0.14525645071703475,69.91841222708729,54.711620621475184,224.00409292692726
2024-11-13 11:02:00,224.3249969482422,224.4499969482422,224.3231964111328,224.42999267578125,58366,224.04864425659179,223.7686459350586,223.7746583557129,223.99721842447917,224.14087440490724,224.07257441306626,224.16058766258112,224.02076324451832,68.97437236987759,0.13982441806280121,0.11038209878229231,0.029442319280508902,0.1439381711736305,89.05269824172973,71.08939842102791,224.0059761346012
2024-11-13 11:03:00,224.4250030517578,224.47000122070312,224.3800048828125,224.38499450683594,59615,224.06864395141602,223.78214385986328,223.7745083618164,223.99651835123697,224.14014938354492,224.102328707711,224.1951117924665,224.04774333802334,66.26024121810111,0.1473684544431535,0.11777936991446455,0.02958908452868894,0.14008518308198728,86.78123876421735,81.91744974434481,224.007932423326
2024-11-13 11:04:00,224.38999938964844,224.41000366210938,224.3000030517578,224.3000030517578,64835,224.0861488342285,223.79614379882813,223.7745083618164,223.9950516764323,224.1389189147949,224.12115483571546,224.21124890928053,224.06642924274442,61.349791487653555,0.14481966653610812,0.12318742923879326,0.021632237297314852,0.1379362850298141,84.06881778248349,86.63425159614354,224.00964744429
2024-11-13 11:05:00,224.32000732421875,224.34500122070312,224.2100067138672,224.23500061035156,58967,224.10039901733398,223.80904388427734,223.77350830078126,223.9927510579427,224.1373439025879,224.1319972904427,224.21490301713763,224.07891601071532,57.82048729848402,0.13598700642231165,0.12574734467549695,0.010239661746814704,0.13772615801596577,71.63625738446167,80.82877131038752,224.01084546718067
2024-11-13 11:06:00,224.22000122070312,224.28990173339844,224.1905975341797,224.25,62306,224.11639938354492,223.8250439453125,223.77130828857423,223.9906844075521,224.13549392700196,224.14323564373387,224.2203025529626,224.09158889881047,58.41497323889544,0.12871365415213631,0.12634060657082483,0.002373047581311488,0.13498173238759323,63.767923643729695,73.15766627022496,224.01200060596943
2024-11-13 11:07:00,224.2449951171875,224.27000427246094,224.15499877929688,224.2550048828125,40046,224.1314498901367,223.83724395751952,223.76874633789063,223.98882578531902,224.13341896057128,224.15388033316992,224.22564137293952,224.10369378651433,58.62452342379707,0.12194758642519332,0.12546200254169854,-0.0035144161165052146,0.13355485815734106,61.15932029473944,65.52116710764362,224.0126834749825
2024-11-13 11:08:00,224.25999450683594,224.25999450683594,224.1999969482422,224.25,66030,224.1469497680664,223.8504440307617,223.76484634399415,223.98655914306642,224.1316439819336,224.16303458715373,224.22938885402576,224.11453128380955,58.308102890677404,0.11485757021620202,0.12334111607659924,-0.00848354586039722,0.12830076533137028,60.68008990499954,61.86911128115625,224.0138521365964
2024-11-13 11:09:00,224.25999450683594,224.3166046142578,224.1999969482422,224.2899932861328,56720,224.16469955444336,223.86684600830077,223.7622462463379,223.98462575276693,224.13034393310548,224.17512589181842,224.23871261281147,224.12752846916683,60.15863816588862,0.11118414364463547,0.12090972159020649,-0.009725577945571023,0.1274655439516742,61.12569375503133,60.98836798492346,224.01499000917755
2024-11-13 11:10:00,224.2805938720703,224.30979919433594,224.24000549316406,224.25,40885,224.1806999206543,223.88484588623047,223.75754623413087,223.98225911458334,224.12919441223144,224.1822567592643,224.2404491339174,224.13660043441374,57.41422254558124,0.10384869950365783,0.11749751717289676,-0.013648817669238936,0.12334612661025998,58.54659138234596,60.11745834745897,224.01579667823884
2024-11-13 11:11:00,224.25,224.36000061035156,224.19500732421875,224.19500732421875,95070,224.19495010375977,223.90054595947265,223.7570962524414,223.97954447428384,224.12771942138673,224.18347109878377,224.23345808627144,224.1409268706956,53.78106893190176,0.092531215575832,0.11250425685348381,-0.019973041277651815,0.12632092371901374,53.84623410226714,57.83950641321483,224.01752976842724
2024-11-13 11:12:00,224.1999969482422,224.28680419921875,224.1938018798828,224.2100067138672,43005,224.20972061157227,223.91714599609375,223.75189636230468,223.9770112101237,224.12649444580077,224.1859983002203,224.22985018282463,224.1460438961157,54.6244800196728,0.08380628670892065,0.10676466282457119,-0.022958376115650533,0.12394102340593689,48.37710100472626,53.58997549644648,224.01823927801243
2024-11-13 11:13:00,224.2100067138672,224.22779846191406,224.19500732421875,224.19500732421875,32609,224.2219711303711,223.9334341430664,223.74984649658202,223.97488861083986,224.12501945495606,224.18685630250584,224.2244897430391,224.14967081671594,53.57169551505029,0.0748189263231609,0.10037551552428914,-0.025556589201128244,0.11743031728374945,42.10286238105473,48.10873249601607,224.0187128922887
2024-11-13 11:14:00,224.197998046875,224.2100067138672,224.08999633789062,224.14999389648438,44441,224.2317207336426,223.9486700439453,223.7483464050293,223.97215525309244,224.1232194519043,224.18334559717047,224.21302884356913,224.14969474855064,50.43047511274696,0.06333409501849019,0.09296723142312935,-0.02963313640463916,0.11761460719037897,32.83528892131745,41.10508410236617,224.01916281540912
2024-11-13 11:15:00,224.14999389648438,224.2100067138672,224.14999389648438,224.14999389648438,27954,224.22472076416017,223.96773406982422,223.74939239501953,223.96948852539063,224.12111892700196,224.1801692447242,224.20333115940224,224.14971690765685,50.430475112746954,0.05361425174538681,0.08509663548758084,-0.03148238374219403,0.11350019363269566,22.542122589607136,32.493424630659796,224.01948726534783
2024-11-13 11:16:00,224.13999938964844,224.17999267578125,224.13999938964844,224.14500427246094,9834,224.22705078125,223.98535400390625,223.75444244384767,223.96702189127603,224.11814392089843,224.17682019974674,224.19435779218048,224.14936782356827,50.05317257072669,0.044989968612213715,0.07707530211250742,-0.0320853335002937,0.10824970023984687,15.350947638933485,23.576119716619377,224.01958973104036
2024-11-13 11:17:00,224.19500732421875,224.247802734375,224.19000244140625,224.21499633789062,60254,224.2332504272461,224.00605194091796,223.75669235229492,223.9647885131836,224.11586441040038,224.18045602242714,224.19753295305895,224.15422919499957,55.125024508358564,0.04330375805938047,0.07032099330188203,-0.02701723524250156,0.10786032607371943,23.108606844931348,20.333892357824013,224.0205028752344
2024-11-13 11:18:00,224.13499450683594,224.13999938964844,224.11000061035156,224.1199951171875,31024,224.2382499694824,224.02245178222657,223.76069229125977,223.96132181803387,224.11336441040038,224.17469784097574,224.1856040552326,224.15169333738385,48.00030579450408,0.03391071784875521,0.06303893821125667,-0.029128220362501456,0.10765571189267249,21.549225129779057,20.002926537881322,224.02074645845033
2024-11-13 11:19:00,224.21249389648438,224.2198944091797,224.1999969482422,224.2100067138672,158637,224.2462501525879,224.04245178222655,223.76829132080078,223.95905517578126,224.1110639190674,224.17806059077492,224.18935831040716,224.15601284675296,54.058929765226274,0.0333454636542001,0.05710024329984536,-0.023754779645645256,0.1071016818997807,31.539891067142417,25.399241013950967,224.02301097942572
2024-11-13 11:20:00,224.1999969482422,224.35000610351562,224.19500732421875,224.27000427246094,106410,224.24175033569335,224.06242584228517,223.77269134521484,223.95748850504557,224.10921394348145,224.18681713188786,224.20176538149235,224.16445665606466,57.60470096648005,0.03730872542769248,0.05314193972541479,-0.01583321429772231,0.11052290314243031,40.74220589620418,31.27710736437524,224.02499124993656
2024-11-13 11:22:00,224.22999572753906,224.281494140625,224.22999572753906,224.281494140625,133680,224.23932495117188,224.08005584716796,223.77860626220703,223.95536509195964,224.1075218963623,224.19583398986282,224.21403134443582,224.17312609936542,58.26895622017607,0.04090524507040527,0.05069460079441289,-0.009789355724007617,0.10630686813839513,60.68004144296881,44.32071280210516,224.02736200045686
2024-11-13 11:23:00,224.2899932861328,224.30999755859375,224.27999877929688,224.27999877929688,17568,224.23182525634766,224.09425567626954,223.78530624389649,223.95273173014323,224.1062718963623,224.20384968409462,224.2241801805683,224.18104259417515,58.141277756026575,0.04313758639315779,0.04918319791416187,-0.0060456115210040795,0.10085629036400084,69.32090044268625,56.9143825939531,224.02770344661826
2024-11-13 11:24:00,224.22999572753906,224.2550048828125,224.22999572753906,224.2449951171875,85608,224.22482528686524,224.10335571289062,223.79400619506836,223.94923166910806,224.10469688415526,224.20776829677013,224.22738247850972,224.185779818102,55.09782285272666,0.04160266040773308,0.04766709041287611,-0.0060644300051430275,0.09722391617784452,66.23339926532917,65.4114470503281,224.02906089342721
2024-11-13 11:25:00,224.2801055908203,224.3000030517578,224.27000427246094,224.27999877929688,34226,224.22382507324218,224.11235565185547,223.80220611572267,223.94583170572918,224.10349685668945,224.21464739034408,224.23547729401545,224.1927590004127,57.493991112394376,0.04271829360274637,0.04667733105085017,-0.003959037448103796,0.09420848892016366,66.04878967693321,67.2010297949829,224.02969925922577
2024-11-13 11:27:00,224.2550048828125,224.33999633789062,224.24000549316406,224.33999633789062,130297,224.22907485961915,224.1231555175781,223.81110305786132,223.94333964029948,224.10264686584472,224.22658538534853,224.2515571469193,224.2036654698555,61.30555587422431,0.04789167706380226,0.04692020025344058,0.0009714768103616794,0.09462151433490645,74.64214757004554,68.974778837436,224.03232131398764
2024-11-13 11:28:00,224.3300018310547,224.42999267578125,224.3300018310547,224.36000061035156,38253,224.2345748901367,224.13105560302733,223.8212870788574,223.94107299804688,224.10184684753418,224.23929159725358,224.2682407566781,224.215245850633,62.512570418769684,0.052994906045086054,0.04813514141176968,0.004859764633316374,0.09500503793431046,81.97809082532798,74.2230093574356,224.0332664783961
2024-11-13 11:29:00,224.38499450683594,224.41000366210938,224.38499450683594,224.39500427246094,141241,224.24157485961913,224.1393557739258,223.8348371887207,223.93937306722006,224.10119689941405,224.25412137584476,224.2877428360293,224.22856128928692,64.59379377540549,0.059181546742394175,0.050344422477894585,0.00883712426449959,0.09179061035027489,88.424431237717,81.68155654436352,224.03694776197696
2024-11-13 11:30:00,224.46490478515625,224.4824981689453,224.44000244140625,224.44000244140625,52696,224.25107498168944,224.1502899169922,223.84793716430664,223.93830444335939,224.10074691772462,224.27182433446967,224.31116739070268,224.2442235968513,67.1208756524806,0.0669437938513795,0.05366429675259157,0.013279497098787924,0.09148370221699632,85.90491173205815,85.43581126503439,224.0385186916816
2024-11-13 11:31:00,224.4600067138672,224.47999572753906,224.44000244140625,224.4499969482422,78586,224.25907516479492,224.15968994140624,223.86083709716797,223.93777109781902,224.10019691467286,224.28879315482897,224.3325257841703,224.2594660673247,67.6727745936459,0.07305971684559154,0.05754338077119157,0.015516336074399971,0.08780581535384036,89.8585471393601,88.06263003637844,224.04085352434083
2024-11-13 11:32:00,224.4499969482422,224.4597930908203,224.39199829101562,224.4385986328125,33620,224.26850509643555,224.17156188964844,223.87412307739257,223.93676177978514,224.10004592895507,224.30306034320833,224.34884468396137,224.27273514624972,66.3058173326507,0.07610953771165896,0.061256612159285045,0.014852925552373913,0.08637645710032946,89.36042383527224,88.37462756889686,224.04178121233568
2024-11-13 11:33:00,224.43499755859375,224.44000244140625,224.35000610351562,224.35499572753906,14474,224.27650451660156,224.17805969238282,223.88867309570313,223.93512837727866,224.09942092895508,224.30800657028743,224.34979099835795,224.2788285226415,57.1821975757125,0.07096247571644199,0.06319778487071644,0.00776469084572555,0.08663502001392201,81.75350920312412,86.99082672591885,224.04212956864805
2024-11-13 11:34:00,224.2100067138672,224.2100067138672,224.1811065673828,224.2100067138672,110323,224.27650451660156,224.18245971679687,223.9022232055664,223.93286173502605,224.0980209350586,224.29867325062835,224.32828572382093,224.27373061088042,45.491418957212815,0.054555112940505524,0.06146925048467426,-0.006914137544168739,0.09286745859551687,54.52488236844832,75.21293846894825,224.0433561993259
2024-11-13 11:35:00,224.22999572753906,224.23500061035156,224.19000244140625,224.1999969482422,35171,224.27675399780273,224.1867596435547,223.9136231994629,223.93072835286458,224.09639595031737,224.28927550754398,224.3085489891165,224.2682688580924,44.81028304495814,0.04028013102410455,0.05723142659256032,-0.016951295568455774,0.0894482236205023,27.209184814193108,54.49585879525521,224.04376288392737
2024-11-13 11:36:00,224.2100067138672,224.22000122070312,224.1999969482422,224.22000122070312,2998,224.28025436401367,224.1921615600586,223.9234231567383,223.92886169433595,224.09449592590332,224.28267795641628,224.29492625551444,224.26469347754502,46.53322951030906,0.030232777969416702,0.0518316968679316,-0.021598918898514896,0.0844879413948191,9.587214796813806,30.440427326485104,224.04379850764903
2024-11-13 11:38:00,224.0601043701172,224.0800018310547,224.0301055908203,224.06500244140625,116032,224.27600479125977,224.19446166992188,223.93067321777343,223.92632832845052,224.0918709564209,224.26194695498674,224.25955336103627,224.24990154894215,36.91655383398642,0.009651812094119805,0.04339571991316924,-0.033743907819049436,0.09201706200110435,8.962194806170338,15.252864805725773,224.04391603029455
2024-11-13 11:39:00,224.00999450683594,224.0500030517578,223.97000122070312,224.0500030517578,35952,224.2712547302246,224.1968618774414,223.93867431640626,223.92369496663412,224.08936599731445,224.2417618213459,224.2273148519165,224.2350942528544,36.13823295491723,-0.007779400937891978,0.033160695742957,-0.04094009668084898,0.09223021619410583,12.076357007918718,10.208588870300977,224.04386472868606
2024-11-13 11:40:00,224.031005859375,224.05279541015625,223.97000122070312,223.99000549316406,16291,224.26000518798827,224.19758209228516,223.94507431030274,223.92109497070314,224.08636604309083,224.21778502818572,224.19080571980075,224.21693952991438,33.12941463208158,-0.02613381011363458,0.021301794571638683,-0.04743560468527326,0.09155621428403579,9.075781555198168,10.038111123095765,224.04382005201617
2024-11-13 11:43:00,223.8699951171875,223.89999389648438,223.8000030517578,223.87120056152344,209621,224.24756546020507,224.1962060546875,223.9477862548828,223.9183696492513,224.08249702453614,224.1847769837417,224.1416356954504,224.1913292359595,28.134248422646266,-0.04969354050911079,0.0071027275554887866,-0.05679626806459957,0.09858808764990823,9.981815481307603,10.377984681474851,224.04114758470132
2024-11-13 11:44:00,223.8699951171875,223.8699951171875,223.7899932861328,223.80499267578125,23219,224.2273147583008,224.19360595703125,223.95043624877928,223.9154096476237,224.07835800170898,224.14860704965022,224.08984446165516,224.16271171298334,25.799661131434473,-0.07286725132817651,-0.008891268221244272,-0.06397598310693224,0.09734660105995943,5.500400562151039,8.185999199552294,224.0408002308537
2024-11-13 11:45:00,223.80499267578125,223.97000122070312,223.77499389648438,223.95010375976562,49861,224.21131973266603,224.19400817871093,223.9553372192383,223.91381032307942,224.07458351135253,224.1297019744231,224.0683458921337,224.14696297570794,37.95242739690545,-0.0786170835742439,-0.0228364312918442,-0.05578065228239971,0.10432236699987306,12.449422338897058,9.310546127451923,224.04031781630323
2024-11-13 11:46:00,223.97000122070312,224.11500549316406,223.93499755859375,224.11500549316406,40250,224.20299530029297,224.19810821533204,223.95808731079103,223.91367706298828,224.07166000366212,224.1283023095413,224.0755242922922,224.14459575477875,48.31252588035868,-0.06907146248656204,-0.03208343753078777,-0.036988024955774274,0.10972847896919018,24.99140293905599,14.313741946701384,224.0403578569363
2024-11-13 11:47:00,224.1199951171875,224.22230529785156,224.1199951171875,224.22000122070312,51847,224.1999954223633,224.20421630859374,223.96258728027342,223.9144770304362,224.0699974822998,224.13703553917577,224.0977515120477,224.1501813448472,53.62233662180951,-0.052429832799504084,-0.036152716584531036,-0.016277116214973048,0.10955500223478373,45.30989652513076,27.583573934361294,224.0408726147963
2024-11-13 11:48:00,224.22000122070312,224.27499389648438,224.214599609375,224.214599609375,65840,224.19847564697267,224.2095083618164,223.96603332519533,223.91504099527995,224.06782051086427,224.14442259348044,224.11572814240571,224.15495306814555,53.31886991216125,-0.039224925739830496,-0.03676715841559093,-0.0024577673242395653,0.10604352258296884,58.458054442623514,42.91978463560344,224.041730414744
2024-11-13 11:49:00,224.22000122070312,224.27000427246094,224.2100067138672,224.2550048828125,55489,224.19722595214844,224.21550842285157,223.96918334960938,223.91654103597006,224.06594551086425,224.15495424008347,224.13715533323753,224.16236431367645,55.35424697369142,-0.025208980438918616,-0.03445552282025647,0.009246542381337854,0.10275452515516752,66.49915101536969,56.755700661041345,224.04248565572618
2024-11-13 11:50:00,224.25,224.4199981689453,224.24000549316406,224.41000366210938,55972,224.2007263183594,224.21790863037108,223.9736833190918,223.91869506835937,224.06484550476074,224.17924466122878,224.17913199921782,224.18070796911593,62.16868256547502,-0.0015759698981128167,-0.027879612235827737,0.02630364233771492,0.10827153591417342,78.27549501199353,67.74423348999561,224.04365872730773
2024-11-13 11:51:00,224.4149932861328,224.42990112304688,224.4001007080078,224.41000366210938,12660,224.20322647094727,224.224140625,223.97793334960937,223.92079508463542,224.06399353027345,224.20122170893168,224.21465071658577,224.19769283526358,62.16868256547502,0.016957881322184676,-0.018912113524225258,0.03586999484640993,0.1026664558516655,89.19781313692772,77.99081972143034,224.0439706588164
2024-11-13 11:53:00,224.4600067138672,224.49000549316406,224.42999267578125,224.49000549316406,120465,224.2079765319824,224.2321206665039,223.98433334350585,223.92379516601562,224.06364402770996,224.22872492647764,224.2570129899055,224.21934562473768,65.33585191515945,0.03766736516780611,-0.007596217785818985,0.04526358295362509,0.1010475540804528,98.47075456534618,88.64802090475582,224.04736403773998
2024-11-13 11:54:00,224.49000549316406,224.5500030517578,224.47500610351562,224.54879760742188,70387,224.2134162902832,224.24269653320312,223.99142135620116,223.92752115885418,224.06363800048828,224.25920803894851,224.30190293106187,224.24374947530688,67.48983751356828,0.05815345575499009,0.00555371692234283,0.052599738832647264,0.09918679652057671,98.93541666945724,95.53466145724373,224.04957479919847
2024-11-13 11:55:00,224.52499389648438,224.53750610351562,224.4001007080078,224.4001007080078,41980,224.21092147827147,224.24969848632813,223.9960223388672,223.9302551269531,224.062713470459,224.27262638838272,224.31701028136126,224.25533104809955,57.72060095858081,0.06167923326171376,0.01677882019021702,0.04490041307149674,0.10272323244153998,93.50081707389103,96.96899610289817,224.05066677458754
2024-11-13 11:56:00,224.47999572753906,224.49000549316406,224.4600067138672,224.46499633789062,24656,224.21224136352538,224.2517984008789,224.00037231445313,223.93228841145833,224.0621134185791,224.2909473359549,224.33977736698117,224.2708618103063,60.4137757833354,0.06891555667488092,0.027206167487149803,0.041709389187731115,0.10180762906401927,89.84465751806421,94.09363042047084,224.05134695059348
2024-11-13 11:57:00,224.47000122070312,224.58999633789062,224.4499969482422,224.56500244140625,68214,224.22274169921874,224.25649841308595,224.00662231445312,223.93467173258463,224.06228843688965,224.31704782218839,224.37442737843116,224.29265000520257,64.1984878792176,0.08177737322859002,0.03812040863543785,0.04365696459315217,0.10453561196290631,88.87426178103546,90.73991212433026,224.05349915269687
2024-11-13 11:58:00,224.56500244140625,224.5800018310547,224.55999755859375,224.57000732421875,51540,224.24074172973633,224.2592987060547,224.01397232055663,223.93620513916017,224.06273849487306,224.34113920333414,224.40451660086003,224.31319499179637,64.38201918465285,0.09132160906366948,0.04876064872108418,0.0425609603425853,0.09849765914133712,94.50405412898806,91.07432447602928,224.05522991126097
2024-11-13 11:59:00,224.560302734375,224.60000610351562,224.52000427246094,224.5500030517578,83272,224.25824203491212,224.26259887695312,224.02237136840822,223.9372052001953,224.063038482666,224.3610309984221,224.42689913176739,224.33073632957127,62.99204096552614,0.09616280219611895,0.05824107941609114,0.037921722780027804,0.09717652856371932,96.13991825436926,93.1727447214643,224.05793009466686
2024-11-13 12:00:00,224.55499267578125,224.5924072265625,224.55499267578125,224.5699005126953,15745,224.2757369995117,224.26799682617187,224.0320703125,223.93900451660156,224.0632879638672,224.3809233331148,224.44889934421786,224.34845219498786,63.828546738761915,0.10044714923000697,0.06668229337887431,0.03376485585113266,0.09326421758093134,95.65312766601737,95.43236668312493,224.0584534096444
2024-11-13 12:01:00,224.69000244140625,224.875,224.69000244140625,224.875,168115,224.3162368774414,224.28079681396486,224.0449203491211,223.94260447184246,224.06476249694825,224.42797825377053,224.51445329126125,224.38745573609987,73.66000593619292,0.12699755516138111,0.07874534573537567,0.048252209426005443,0.10839530827548535,96.47067178843679,96.08790590294116,224.0665635051955
2024-11-13 12:02:00,224.90499877929688,224.9499969482422,224.90499877929688,224.94000244140625,81511,224.36073684692383,224.29459686279296,224.05982040405274,223.9457378133138,224.0666625213623,224.4767424621168,224.57992239128356,224.4283851216781,75.2062133696349,0.15153726960545555,0.09330373050939164,0.05823353909606391,0.10600971113024979,98.04075826694134,96.72151924046518,224.07104650368439
2024-11-13 12:03:00,224.97999572753906,225.0,224.9499969482422,224.9700927734375,62849,224.4097412109375,224.30889862060548,224.0730712890625,223.94879709879558,224.06884399414062,224.52372820605208,224.63994860392262,224.46851161440102,75.91115010725943,0.17143698952159525,0.10893038231183236,0.0625066072097629,0.10272312880621409,98.28787202978042,97.59976736171954,224.07463746188162
2024-11-13 12:04:00,224.97000122070312,224.99000549316406,224.83999633789062,224.86000061035156,42159,224.4591812133789,224.3210986328125,224.0857713317871,223.95026377360026,224.07019401550292,224.55575414931872,224.67380275875783,224.49751079928626,68.26378606550544,0.17629195947156973,0.12240269774377985,0.05388926172778988,0.1061007021253015,92.14750354074609,96.15871127915597,224.07682609568565
2024-11-13 12:05:00,224.8800048828125,224.9250030517578,224.85000610351562,224.8800048828125,51252,224.51293182373047,224.33289886474608,224.09987243652344,223.95246378580728,224.0716940307617,224.58663517155622,224.70552616245854,224.52584369436227,68.8773139483334,0.1796824680962743,0.13385865181427875,0.045823816281995555,0.1038790054193648,85.93019797320773,92.12185784791143,224.07943350887135
2024-11-13 12:06:00,224.88999938964844,224.97000122070312,224.88999938964844,224.9600067138672,40279,224.56342697143555,224.34709899902344,224.11597244262694,223.9540638224284,224.07346908569335,224.62219436606205,224.74467701652142,224.5580039180293,71.2694454375511,0.18667309849212188,0.1444215411498474,0.04225155734227448,0.1028873863101691,84.969894769264,87.68253209440597,224.08160999682872
2024-11-13 12:07:00,224.97999572753906,225.0,224.9550018310547,224.99989318847656,108573,224.60767135620117,224.3631967163086,224.13187133789063,223.95912974039715,224.07545753479005,224.65816568248246,224.78394104297607,224.59073645658094,72.40812014819862,0.19320458639512594,0.15417815019890313,0.03902643619622281,0.09875244221267936,91.1043282886091,87.33480701036031,224.08772675825594
2024-11-13 12:08:00,225.0,225.09500122070312,224.99000549316406,225.0500030517578,78886,224.6491714477539,224.37999664306642,224.14857131958007,223.9612631225586,224.07775756835937,224.69548352717533,224.82487365971173,224.6247562043718,73.81233846640126,0.20011745533992098,0.1633660112271067,0.03675144411281428,0.09919839116456389,95.61334826471,90.56252377419439,224.09241324297747
2024-11-13 12:09:00,225.05670166015625,225.17999267578125,225.0500030517578,225.07000732421875,62935,224.6919418334961,224.3974966430664,224.1654653930664,223.9657298787435,224.0805406188965,224.7311524602271,224.86258653117434,224.6577377688049,74.37304368617227,0.20484876236943705,0.1716625614555728,0.03318620091386426,0.10139776494019774,92.81337892181723,93.17701849171213,224.09633329713608
2024-11-13 12:10:00,225.07000732421875,225.1699981689453,225.07000732421875,225.14999389648438,46407,224.7366912841797,224.4174966430664,224.18308334350587,223.971396484375,224.08349060058595,224.77104212082304,224.90680304891436,224.69420118567007,76.53632465251285,0.21260186324428787,0.17985042181331581,0.032751441430972056,0.10129727063922382,91.4494986005775,93.29207526236826,224.09929019794458
2024-11-13 12:11:00,225.13499450683594,225.1999969482422,225.13499450683594,225.1699981689453,42077,224.7746910095215,224.43789672851562,224.20281539916994,223.97889383951824,224.0865905761719,224.80903793492993,224.9472946058422,224.7294454066534,77.05792627083753,0.21784919918877677,0.18745017728840802,0.03039902190036875,0.09870478283686857,92.13744890795085,92.13344214344856,224.1020557793525
2024-11-13 12:12:00,225.17999267578125,225.36000061035156,225.1699981689453,225.35159301757812,89188,224.82177047729493,224.46202850341797,224.2236912536621,223.99030446370443,224.09077354431153,224.8607098475631,225.0094943614939,224.77553041487005,81.15368822496127,0.23396394662384523,0.19675293115549547,0.03721101546834976,0.10522604416325297,96.82600438466137,93.47098396439661,224.10855536548385
2024-11-13 12:13:00,225.35000610351562,225.35499572753906,225.22830200195312,225.22999572753906,43898,224.85876998901367,224.48232849121095,224.24419021606445,223.99857106526693,224.09417350769044,224.89587993137033,225.0434176485778,224.8091945121048,71.89771330269323,0.2342231364729912,0.20424697221899463,0.029976164253996573,0.10675944997915902,92.81264777423128,93.9253670222812,224.11166752825096
2024-11-13 12:14:00,225.22000122070312,225.22000122070312,225.15989685058594,225.19000244140625,34389,224.89083023071288,224.5037286376953,224.26309020996095,224.00837107340496,224.09692352294923,224.92389159899278,225.06596915516678,224.83740250686787,69.1059584524687,0.2285666482989086,0.20911090743497743,0.019455740863931176,0.10414083762015659,85.82554855065716,91.82140023651664,224.1139241449459
2024-11-13 12:15:00,225.1999969482422,225.30999755859375,225.1999969482422,225.30889892578125,61976,224.93627014160157,224.52570648193358,224.28407913208008,224.02076304117838,224.10071800231933,224.96055896344882,225.10334296603054,224.8723281675281,72.52193551673163,0.23101479850242868,0.21349168564846768,0.017523112853960993,0.10527328616068113,82.88346254236474,87.17388628908441,224.11827912452125
2024-11-13 12:16:00,225.30499267578125,225.50999450683594,225.30499267578125,225.5,85686,224.98802032470704,224.5503063964844,224.30636611938476,224.03189636230468,224.10569297790528,225.01193430026322,225.16436712510279,224.91882237734083,76.93612774826258,0.24554474776195434,0.21990229807116501,0.025642449690789326,0.11239675365311018,87.76939393874004,85.49280167725401,224.12510116043282
2024-11-13 12:17:00,225.50999450683594,225.52999877929688,225.46009826660156,225.48989868164062,54331,225.03426513671874,224.57447448730468,224.32726516723633,224.0438956705729,224.1101424407959,225.05745471753724,225.21444890303167,224.96112432580748,76.23895301187999,0.2533245772241912,0.22658675390177027,0.026737823322420945,0.10936130787041036,94.28984146731533,88.3142326494734,224.12957005397186
2024-11-13 12:18:00,225.47999572753906,225.5500030517578,225.47000122070312,225.49000549316406,63023,225.08026504516602,224.59867462158203,224.34646514892577,224.05642903645833,224.11421745300294,225.0986500295017,225.25684222459049,225.00030070857463,76.24140465251884,0.25654151601585795,0.23257770632458782,0.023963809691270127,0.10726420238357304,94.70852450860804,92.25591997155449,224.13475521991327
2024-11-13 12:19:00,225.4949951171875,225.4949951171875,225.3699951171875,225.40969848632812,59810,225.12324981689454,224.62196868896484,224.36266220092773,224.06999369303387,224.11741592407228,225.1282736920566,225.28035857255014,225.0306264698897,70.36304845159552,0.2497321026604311,0.2360085855917565,0.013723517068674612,0.10853104507046069,88.1197151684908,92.37269371480475,224.13935999880752
2024-11-13 12:20:00,225.4199981689453,225.4698028564453,225.38499450683594,225.38999938964844,46884,225.16425476074218,224.64416870117188,224.37826217651366,224.0828603108724,224.12041595458984,225.1531999489701,225.29722639056527,225.05724668616813,68.95852013883459,0.23997970439714322,0.23680280935283388,0.003176895044309347,0.1068365668232403,81.09313889522404,87.97379285744098,224.14291888522246
2024-11-13 12:21:00,225.38999938964844,225.41000366210938,225.22000122070312,225.23350524902344,70298,225.18218002319335,224.66203887939454,224.39259719848633,224.09474833170572,224.12301445007324,225.1608480727847,225.2874231380204,225.07030287600926,58.8999305703758,0.21712026201112167,0.23286629988449145,-0.015746037873369784,0.11277698643631244,65.11094089340749,78.10793165237413,224.14768855885958
2024-11-13 12:22:00,225.25,225.25999450683594,225.12319946289062,225.14999389648438,46344,225.19267959594725,224.67783874511719,224.40444717407226,224.10680430094402,224.12526443481445,225.15981434170845,225.26628017778407,225.076205914563,54.344428000753595,0.1900742632210779,0.22430789255180875,-0.03423362933073085,0.1144925619726696,45.52971372027937,63.91126450297032,224.15050972183874
2024-11-13 12:23:00,225.13999938964844,225.13999938964844,225.01499938964844,225.02499389648438,48987,225.1954246520996,224.69043853759766,224.4148971557617,224.12003763834636,224.12713943481447,225.14697429930615,225.22915921143027,225.07241243174235,48.320224485120995,0.1567467796879214,0.2107956699790313,-0.0540488902911099,0.11595698660576018,21.7828590350401,44.14117121624235,224.15313516426795
2024-11-13 12:24:00,225.02999877929688,225.0500030517578,224.9199981689453,224.95989990234375,64825,225.2004196166992,224.7008364868164,224.4255632019043,224.13223693847655,224.12893745422363,225.12915769007162,225.18773470234004,225.0640781703054,45.49211430077631,0.12365653203463012,0.19336784239015106,-0.06971131035552094,0.11696040776338447,9.399949221499329,25.57084065893962,224.1562689858131
2024-11-13 12:25:00,224.95599365234375,225.00999450683594,224.94000244140625,225.0,44181,225.2064193725586,224.71183654785156,224.4357632446289,224.14450358072918,224.13128746032714,225.11685695768384,225.15885244044156,225.05933163917166,47.5294933385008,0.09952080126990381,0.17459843416610163,-0.07507763289619782,0.11360552616812042,6.9667612135707735,12.716523156703424,224.15840851530288
2024-11-13 12:26:00,225.02999877929688,225.13999938964844,225.02000427246094,225.10719299316406,73240,225.21377868652343,224.7252084350586,224.4483851623535,224.15781819661458,224.1338734436035,225.1159365801105,225.1509048331681,225.06287692465258,52.62690710858529,0.088027908515528,0.1572843290359869,-0.06925642052045891,0.11549080213100021,16.24846605954917,10.87172549820645,224.16238247571786
2024-11-13 12:27:00,225.10499572753906,225.1199951171875,224.9199981689453,224.97999572753906,53989,225.21278381347656,224.7377084350586,224.4578840637207,224.17168487548827,224.13577339172363,225.10298983224658,225.1246111246098,225.05673757671826,46.81503506953876,0.0678735478915371,0.13940217280709696,-0.07152862491555986,0.12152695542465645,17.31172899308918,13.508985422069733,224.16503166335022
2024-11-13 12:28:00,225.0,225.02999877929688,224.9300994873047,224.97999572753906,28165,225.20928344726562,224.75310821533202,224.46778396606445,224.18585154215495,224.13792335510254,225.09127610798873,225.10236260198354,225.0510529952976,46.81503506953876,0.05130960668594753,0.12178365958286708,-0.07047405289691955,0.11998212232233726,16.253310082025433,16.60450171155462,224.16636358144922
2024-11-13 12:29:00,224.9499969482422,225.05999755859375,224.94000244140625,225.02000427246094,34244,225.20678329467773,224.7695083618164,224.47813400268555,224.19891825358073,224.14042335510254,225.08448831412895,225.0896920897493,225.0487530899023,48.87466279865514,0.040938999846986235,0.10561472763569092,-0.06467572778870469,0.11998305052699176,11.640186010463076,15.068408361859255,224.16802994376118
2024-11-13 12:30:00,225.02499389648438,225.02999877929688,224.94000244140625,224.9600067138672,38012,225.19728393554686,224.78430847167968,224.48823501586915,224.21038492838542,224.14272338867187,225.07263292362785,225.06974049345973,225.04217928427008,45.997904308084685,0.02756120918965621,0.09000402394648398,-0.062442814756827766,0.11784114248153701,10.582574436478703,12.825356842989095,224.1698060498953
2024-11-13 12:31:00,224.96839904785156,225.05999755859375,224.96839904785156,225.0500030517578,42115,225.1912841796875,224.80400848388672,224.49923507690428,224.22178497314454,224.14574836730958,225.07047769773544,225.06670396396711,225.04275882260248,50.68668352225133,0.023945141364634992,0.07679224743011419,-0.052847106065479196,0.11656612121332455,14.28663695666213,12.169799134534662,224.17188485738407
2024-11-13 12:32:00,225.07000732421875,225.1199951171875,225.0,225.08999633789062,43898,225.17820434570314,224.82480834960938,224.5108351135254,224.23405232747396,224.14897331237793,225.07233661584544,225.07028740610917,225.04625789780903,52.65402248280005,0.024029508300145608,0.06623969960412047,-0.04221019130397487,0.11681104949719424,18.850368358667094,14.573193250602666,224.17415166981712
2024-11-13 12:33:00,225.08999633789062,225.27499389648438,225.07000732421875,225.24000549316406,58958,225.17870483398437,224.84980834960936,224.52369522094727,224.24665232340496,224.1532733154297,225.08830508035197,225.0963978810407,225.06060957153903,59.2249260981505,0.03578830950166889,0.06014942158363017,-0.024361112081961275,0.12310930112351075,36.134803479109166,23.09060293147949,224.1776005286314
2024-11-13 12:34:00,225.22999572753906,225.22999572753906,225.13009643554688,225.15989685058594,25457,225.17719955444335,224.87558227539063,224.53589416503905,224.25705159505208,224.15767280578612,225.09512334418378,225.10616695327843,225.06796418480175,54.84725436856867,0.038202768476679694,0.05576009096224008,-0.017557322485560384,0.12216642658734479,45.575746819771076,33.520306219182466,224.17905092224305
2024-11-13 12:35:00,225.1719970703125,225.3939971923828,225.1320037841797,225.3939971923828,39077,225.18145446777345,224.90736236572266,224.55048416137694,224.26941162109375,224.16339782714843,225.12358752020273,225.15044852852526,225.0921147779559,63.36846245005162,0.05833375056934642,0.05627482288366135,0.0020589276856850733,0.13215406813132913,69.05406153286009,50.254870610580134,224.18156656854427
2024-11-13 12:36:00,225.39759826660156,225.4499969482422,225.35000610351562,225.38999938964844,68428,225.17595443725585,224.9361602783203,224.56508422851562,224.2822782389323,224.16939781188964,225.14896007919754,225.1873025071596,225.11418030474795,63.14928823346065,0.07312220241163914,0.05964429878925691,0.013477903622382228,0.12985669503098868,79.21268187448852,64.61416340903992,224.18629503533674
2024-11-13 12:37:00,225.38999938964844,225.5,225.38999938964844,225.47500610351562,55154,225.17520980834962,224.96336029052733,224.5807342529297,224.29317830403645,224.17609786987305,225.18001208151355,225.2315645989067,225.1409081416937,65.85372122554081,0.09065645721298665,0.06584673047400286,0.024809726738983795,0.12843840326817255,94.79013365321397,81.01895902018755,224.1902619456298
2024-11-13 12:38:00,225.4700927734375,225.64999389648438,225.44000244140625,225.61599731445312,123141,225.18150939941407,224.99128021240233,224.59774826049804,224.3054849243164,224.18367782592773,225.22153448465068,225.29070809360616,225.17609993226847,69.81104771284974,0.11460816133768503,0.07559901664673929,0.03900914469094574,0.13426362125459773,93.23776922381938,89.08019491717398,224.19981784548386
2024-11-13 12:39:00,225.6300048828125,225.67959594726562,225.52999877929688,225.6699981689453,90424,225.19452438354492,225.02038818359375,224.61494827270508,224.31748494466146,224.1913777923584,225.26424531172634,225.34906041288912,225.21268498683713,71.18832166084596,0.13637542605198405,0.08775429852778825,0.0486211275241958,0.13535887459132293,96.59003117957236,94.87264468553526,224.20704401172068
2024-11-13 12:40:00,225.66000366210938,225.69000244140625,225.5800018310547,225.66000366210938,51237,225.20802459716796,225.0484881591797,224.63199829101563,224.32895161946615,224.19952781677247,225.30193658319138,225.3968978358461,225.24581970352395,70.54682385081631,0.15107813232214085,0.10041906528665878,0.050659067035482064,0.13354757000276862,96.72781622851937,95.51853887730374,224.2111542726591
2024-11-13 12:41:00,225.68170166015625,225.77499389648438,225.60000610351562,225.61000061035156,76282,225.2268493652344,225.07248809814453,224.64519836425782,224.33995157877604,224.20714332580567,225.3312760143495,225.4296828780777,225.27279606699264,67.28024021478937,0.15688681108505875,0.11171261444633879,0.045174196638719966,0.13650758592891016,91.7707563503643,95.02953458615202,224.2173080268567
2024-11-13 12:42:00,225.6199951171875,225.7100067138672,225.57000732421875,225.7050018310547,34395,225.25459976196288,225.09838806152345,224.6612643432617,224.35141825358073,224.21519332885742,225.3668689492738,225.47203964007414,225.30481130877502,70.1118458570778,0.16722833129912829,0.1228157578168967,0.044412573482231585,0.13675700048030498,89.39781142192726,92.63212800027033,224.22006567307548
2024-11-13 12:43:00,225.7198944091797,225.77999877929688,225.68499755859375,225.75999450683594,31594,225.29134979248047,225.12378784179688,224.6779542541504,224.36415150960286,224.22379333496093,225.4043094785654,225.51634038880673,225.33852858270546,71.64174404355661,0.17781180610126057,0.13381496747376947,0.0439968386274911,0.133774444781935,89.90262887408234,90.35706554879131,224.22272952539424
2024-11-13 12:44:00,225.75999450683594,225.77499389648438,225.6999969482422,225.72999572753906,41239,225.32985458374023,225.1474118041992,224.69505416870118,224.37675150553386,224.23249382019043,225.43532721656288,225.54921044091938,225.36752614898944,69.55030183215911,0.1816842919299404,0.14338883236500366,0.03829545956493674,0.12957605217195306,94.35837040261129,91.21960356620697,224.22617739345247
2024-11-13 12:45:00,225.72500610351562,225.80999755859375,225.72500610351562,225.7949981689453,50560,225.3696044921875,225.17530975341796,224.71250411987305,224.38911814371744,224.24151878356935,225.46958159298023,225.58702393753873,225.39919074306025,71.4923161276378,0.18783319447848612,0.15227770478770014,0.03555548969078598,0.1263914380938225,96.53523273068743,93.59874400246036,224.23049932671873
2024-11-13 12:46:00,225.80990600585938,226.0399932861328,225.80499267578125,225.97999572753906,182931,225.41324462890626,225.20560974121094,224.72870407104492,224.4021181233724,224.2506187438965,225.51819246293823,225.64748113600032,225.44221333450312,76.15366926305619,0.20526780149720025,0.16287572412960016,0.04239207736760009,0.1348631294576566,95.26725491533925,95.38695268287934,224.24758461221512
2024-11-13 12:47:00,225.97999572753906,226.1300048828125,225.97000122070312,226.125,75215,225.4704948425293,225.23680969238282,224.74665405273439,224.41668477376302,224.26020622253418,225.57598365694412,225.72094557661566,225.49279012453994,79.04581591663329,0.2281554520757254,0.17593166971882523,0.05222378235690017,0.13665888178992222,97.15409299218793,96.31886021273823,224.25505609749783
2024-11-13 12:48:00,226.1300048828125,226.22000122070312,226.10000610351562,226.19000244140625,82952,225.53099517822267,225.26920959472656,224.76425415039063,224.43238474527996,224.26945625305177,225.6344616364167,225.79310817119884,225.54443548134486,80.20483711940153,0.24867268985397573,0.19047987374585534,0.05819281610812038,0.13546861288974923,96.85227127238149,96.42453972663624,224.26365205969617
2024-11-13 12:49:00,226.17999267578125,226.29800415039062,226.1199951171875,226.25180053710938,197988,225.59258499145508,225.3032455444336,224.78292221069336,224.44932942708334,224.27871528625488,225.69325581743504,225.86367622749276,225.596832892883,81.26576692947728,0.2668433346097743,0.20575256591863914,0.06109076869113514,0.13850721434070468,97.28946991406623,97.09861139287857,224.28442471920397
2024-11-13 12:50:00,226.25,226.3000030517578,226.20399475097656,226.2449951171875,79617,225.6568344116211,225.33674743652344,224.80237213134765,224.4669626871745,224.28844024658204,225.74580241741148,225.92234067206118,225.64484490949815,80.75249438037474,0.277495762563035,0.22010120524751833,0.05739455731551665,0.1354715776578865,95.44138006667815,96.52770708437531,224.2927664572073
2024-11-13 12:51:00,226.24000549316406,226.25999450683594,226.1999969482422,226.25,36296,225.7168342590332,225.36424743652344,224.82252212524415,224.48469604492186,224.2980152130127,225.79382123480084,225.97274979943637,225.6896712124983,80.8482957009424,0.28307858693807475,0.23269668158562962,0.05038190535244513,0.1300805762961625,94.42236107440938,95.71773701838463,224.29652074668175
2024-11-13 12:52:00,226.25999450683594,226.3800048828125,226.25,226.3800048828125,70622,225.7813346862793,225.39304748535156,224.84382217407227,224.50422943115234,224.30756523132325,225.84964824889718,226.03540442764807,225.74080703992897,83.18897383950737,0.29459738771910793,0.2450768228123253,0.04952056490678264,0.13007516961875804,96.04696404462142,95.30356839523635,224.30415855324887
2024-11-13 12:53:00,226.38999938964844,226.47000122070312,226.38009643554688,226.46499633789062,65463,225.84258422851562,225.42294555664063,224.86592208862305,224.52302937825522,224.31733421325683,225.90825282880132,226.10149549076232,225.79445069162983,84.52090031623445,0.30704479913248406,0.25747041807635707,0.04957438105612699,0.12721239592389139,97.87653130698658,96.11528547533915,224.31153920092223
2024-11-13 12:54:00,226.46029663085938,226.47000122070312,226.33009338378906,226.38499450683594,62891,225.90383911132812,225.4534454345703,224.8872720336914,224.5416626993815,224.32605918884278,225.95365679813796,226.1451107240044,225.83819467794137,78.23729095248588,0.30691604606303713,0.2673595436736931,0.03955650238934405,0.12811921313747504,96.66621455133203,96.86323663431337,224.31843844853518
2024-11-13 12:55:00,226.38499450683594,226.38999938964844,226.25999450683594,226.2899932861328,46874,225.94863891601562,225.4816452026367,224.9072720336914,224.5604633585612,224.33475914001465,225.98568884461366,226.16740034894724,225.8716612415111,71.44479197458023,0.29573910743613396,0.27303545642618127,0.022703651009952697,0.12825390382854826,89.99920879816439,94.8473182188277,224.32334981419626
2024-11-13 12:56:00,226.29010009765625,226.33999633789062,226.2899932861328,226.30909729003906,42139,225.99459381103514,225.50862701416017,224.9278630065918,224.58019063313802,224.34270462036133,226.0164896489399,226.189199878346,225.90406391177243,71.97176861879714,0.2851359665735629,0.2754555584556576,0.00968040811790527,0.12266455725206715,83.35216928988449,90.005864213127,224.32774379638167
2024-11-13 12:57:00,226.3000030517578,226.38999938964844,226.3000030517578,226.36000061035156,91382,226.03884353637696,225.53582916259765,224.94951293945311,224.59985727945963,224.35330459594726,226.04920497859817,226.21547691403916,225.93783700055607,73.38137560589851,0.27763991348308537,0.2758924294611432,0.0017474840219421917,0.12033111301196417,81.73868268945273,85.03002025916722,224.33738237879916
2024-11-13 12:58:00,226.3699951171875,226.5299072265625,226.3699951171875,226.50999450683594,102966,226.0835433959961,225.56502899169922,224.9725128173828,224.62072387695312,224.36220458984374,226.0930896955732,226.26078731293097,225.9802190380583,77.04486079223406,0.2805682748726781,0.2768275985434502,0.003740676329227921,0.1238722203833194,87.58104389285734,84.22396529073154,224.34877411271455
2024-11-13 12:59:00,226.5050048828125,226.61000061035156,226.5,226.52099609375,317723,226.12609329223633,225.59404876708984,224.99577270507814,224.64165985107422,224.37280960083007,226.13384268587575,226.30081943305697,226.02027659773916,77.2917257195669,0.2805428353178172,0.2775706458983236,0.0029721894194936205,0.12288139109533677,90.72799978450269,86.68257545560427,224.3843660430782
2024-11-13 13:00:00,226.52999877929688,226.5500030517578,226.5,226.5,48365,226.16809310913087,225.62104888916016,225.0192727661133,224.6624051920573,224.3838095855713,226.16871481103044,226.33146259720203,226.0558116645733,75.62030515828953,0.27565093262873575,0.27718670324440603,-0.0015357706156702844,0.11767579542837076,89.76070062680226,89.35658143472078,224.38961652259732
2024-11-13 13:01:00,226.5050048828125,226.5198974609375,226.4499969482422,226.47999572753906,50369,226.21159286499022,225.64724884033203,225.04257278442384,224.68429321289062,224.39598258972168,226.1983606126027,226.3543138480231,226.08723270627448,73.9788491480792,0.2670811417486334,0.2751655909452515,-0.008084449196618104,0.11426327523315231,82.08820249039111,87.52563430056539,224.39497178230596
2024-11-13 13:02:00,226.47000122070312,226.4777069091797,226.4149932861328,226.46499633789062,48615,226.24959259033204,225.6695169067383,225.06577270507813,224.70563313802083,224.4101075744629,226.22375449120153,226.37134192338735,226.1152151975053,72.70450233147484,0.2561267258820408,0.2713578179326094,-0.015231092050568606,0.11074464424551644,75.90952775455237,82.58614362391528,224.4000389577231
2024-11-13 13:03:00,226.47000122070312,226.5998992919922,226.47000122070312,226.58999633789062,39304,226.29109268188478,225.6967169189453,225.08952270507814,224.7283657836914,224.42310752868653,226.25863466707668,226.40498106408018,226.1503841708672,76.35928665648403,0.25459689321297674,0.26800563298868285,-0.013408739775706113,0.11247023780666258,80.0123825859551,79.33670427696622,224.4043175945036
2024-11-13 13:04:00,226.5959930419922,226.64999389648438,226.5850067138672,226.64500427246094,60427,226.33684310913085,225.72581695556642,225.11477279663086,224.75066579182942,224.43773254394532,226.29543177235138,226.44190771152336,226.18702269691119,77.76991274851608,0.25488501461217083,0.26538150931338045,-0.010496494701209613,0.10907859100741438,88.1399209860759,81.35394377552781,224.4110860737662
2024-11-13 13:05:00,226.63999938964844,226.63999938964844,226.42999267578125,226.42999267578125,58668,226.36859283447265,225.7482388305664,225.13697265625,224.77213236490886,224.45263198852538,226.30824709648755,226.44007462910147,226.2050204731238,62.15761265165653,0.23505415597767865,0.2593160386462401,-0.02426188266856144,0.11664523426971961,79.67033181686341,82.60754512963149,224.41724472966868
2024-11-13 13:06:00,226.4300994873047,226.44000244140625,226.31500244140625,226.35499572753906,86229,226.38734283447266,225.7653387451172,225.1578225708008,224.79269032796225,224.4652569580078,226.31269934706387,226.42698556732265,226.21612975122864,57.79905861582047,0.2108558160940106,0.2496239941357942,-0.03876817804178359,0.11724200325045395,56.083122732471736,74.63112517847037,224.42567009071857
2024-11-13 13:07:00,226.35000610351562,226.35499572753906,226.2899932861328,226.2899932861328,45122,226.3955924987793,225.78134063720702,225.17790756225585,224.8119569905599,224.47825691223144,226.31053686507042,226.40590983175497,226.2216011241845,54.24842390670964,0.1843087075704659,0.23656093682272855,-0.05225222925226264,0.11351060597586797,25.6833959283677,53.81228349256764,224.4299185921314
2024-11-13 13:08:00,226.2899932861328,226.3197021484375,226.21029663085938,226.22000122070312,41657,226.39709243774413,225.7959405517578,225.19730758666992,224.82962361653645,224.4913069152832,226.30191442274972,226.37730850697776,226.2214826128155,50.64104538003781,0.15582589416226256,0.22041392829063536,-0.0645880341283728,0.11321738537602921,11.41947979147758,31.061999484105694,224.43369591783426
2024-11-13 13:09:00,226.22999572753906,226.25999450683594,226.1750030517578,226.22999572753906,42811,226.39600219726563,225.81234649658202,225.21715759277345,224.84589029947918,224.5055818939209,226.29506502320584,226.3546450024487,226.2221132139061,51.14067627508255,0.13253178854259318,0.20283750034102693,-0.07030571179843376,0.11120124749760749,7.158914156689526,14.753929958844958,224.43750127625384
2024-11-13 13:10:00,226.23500061035156,226.44000244140625,226.19500732421875,226.44000244140625,62146,226.40575256347657,225.83334655761718,225.23875762939454,224.86329030354818,224.5204818725586,226.30886858684397,226.3677769161345,226.2382531566839,60.246431044164375,0.12952375945059202,0.18817475216293997,-0.058650992712347944,0.12075795247545697,23.191718749582865,13.923370899250012,224.44341749366475
2024-11-13 13:11:00,226.41000366210938,226.4199981689453,226.25,226.2899932861328,59367,226.4077522277832,225.8544763183594,225.25825759887695,224.879890238444,224.53468032836915,226.3070709391572,226.35581020382654,226.2420857588653,52.692293771220946,0.11372444496123535,0.17328469072259906,-0.059560245761363706,0.12570398739908503,30.525662030047002,20.29209831210649,224.44892274045048
2024-11-13 13:12:00,226.2899932861328,226.48489379882812,226.2899932861328,226.46499633789062,40330,226.4120018005371,225.8807763671875,225.27930755615233,224.89655690511069,224.55029731750489,226.3221114533223,226.37260807060562,226.25859765360792,59.13050676806423,0.11401041699770076,0.1614298359776194,-0.04741941897991864,0.1306465963488156,47.01725079507853,33.57821052490282,224.4528298170326
2024-11-13 13:13:00,226.4550018310547,226.58999633789062,226.4499969482422,226.55499267578125,47074,226.41650161743163,225.91137634277345,225.30090744018554,224.9137235514323,224.56787231445313,226.344290617366,226.40066724063263,226.28055284043558,61.99494041064366,0.12011440019705333,0.1531667488215062,-0.03305234862445286,0.13131465301307432,55.08689646310514,44.20993642941025,224.45764478589112
2024-11-13 13:14:00,226.5500030517578,226.5800018310547,226.5200958251953,226.55999755859375,62095,226.42525177001954,225.94337829589844,225.32210739135743,224.931501566569,224.58502227783202,226.36483413557818,226.42517959724205,226.30125244918804,62.1538007709823,0.12392714805400828,0.1473188286680066,-0.023391680613998322,0.12621403535923867,74.03492991529869,58.713025724494145,224.46402827372887
2024-11-13 13:15:00,226.55999755859375,226.55999755859375,226.4499969482422,226.47999572753906,42722,226.43475189208985,225.9729782104492,225.3424073791504,224.9481682332357,224.60162223815917,226.37580190624112,226.43361284805698,226.31449269202886,57.98169123727134,0.11912015602811721,0.14167909414002872,-0.02255893811191151,0.1250559335729761,75.08753895081755,68.06978844307382,224.4682790662947
2024-11-13 13:16:00,226.47999572753906,226.5,226.4499969482422,226.4600067138672,25916,226.44229736328126,226.00003448486328,225.36262145996093,224.9656016031901,224.61837226867675,226.38382141172931,226.437673442797,226.32527150846133,56.95301001180618,0.11240193433567924,0.13582366217915884,-0.023421727843479595,0.11969501344332156,68.42172893443411,72.51473260018348,224.47081524630605
2024-11-13 13:17:00,226.4499969482422,226.47000122070312,226.39100646972656,226.39100646972656,29489,226.44384765625,226.02825469970702,225.3829815673828,224.98134094238281,224.63582733154297,226.38450570296715,226.4304939084785,226.33014076485136,53.429199491947436,0.10035314362713166,0.12872955846875342,-0.02837641484162176,0.11678785183855307,56.56247657596881,66.69058148707352,224.47361746604767
2024-11-13 13:18:00,226.38999938964844,226.41000366210938,226.3000946044922,226.34500122070312,44708,226.43559799194335,226.0555548095703,225.40433151245117,224.99704091389975,224.6532773590088,226.38074337132295,226.4173411872823,226.3312415393589,51.15651945874902,0.08609964792339042,0.12020357635968082,-0.0341039284362904,0.11629650939416983,47.34541389298852,57.44320646779716,224.47770758254666
2024-11-13 13:19:00,226.3419952392578,226.51499938964844,226.22000122070312,226.4600067138672,107888,226.43254852294922,226.08435485839843,225.42693161010743,225.01354095458984,224.67027740478517,226.38829226108908,226.4239051144492,226.3407797004336,56.17505382623879,0.08312541401562612,0.11278794389086988,-0.02966252987524376,0.12906091364782288,50.23700216602177,51.38163087832638,224.48774855584475
2024-11-13 13:20:00,226.48800659179688,226.49000549316406,226.42999267578125,226.42999267578125,23589,226.42904815673828,226.1137545776367,225.4490315246582,225.03007486979166,224.68622734069825,226.392263729155,226.42484166234644,226.34738806897786,54.598384496957934,0.07745359336857405,0.10572107378641071,-0.028267480417836666,0.12412890677175072,55.56000105170352,51.047472370237955,224.48998896192043
2024-11-13 13:21:00,226.42999267578125,226.44000244140625,226.30999755859375,226.314697265625,27445,226.42078323364257,226.13904846191406,225.4715284729004,225.04583953857423,224.70110084533692,226.38487644691403,226.40789637054314,226.34496652798876,48.91846458408445,0.06292984255438228,0.09716282754000503,-0.03423298498562276,0.12454861934608996,54.59425671949111,53.46375331240549,224.49246300832363
2024-11-13 13:22:00,226.32000732421875,226.39999389648438,226.32000732421875,226.33999633789062,27403,226.41453323364257,226.16404846191406,225.4944284057617,225.06190622965494,224.716551361084,226.38060215081657,226.39745021167352,226.34459836575925,50.14408605894418,0.05285184591426173,0.08830063121485637,-0.03544878530059464,0.12174490588275319,44.95471314238089,51.702990304525194,224.49492465571248
2024-11-13 13:23:00,226.33999633789062,226.5,226.33999633789062,226.5,24823,226.41003341674804,226.18924835205078,225.5195283508301,225.07887959798177,224.7323013305664,226.39197337454834,226.41322710218526,226.35610959792524,57.14706751313393,0.05711750426002027,0.08206400582388916,-0.024946501563868892,0.12447767418465476,50.21178191921481,49.92025059369562,224.497260630304
2024-11-13 13:24:00,226.49009704589844,226.4949951171875,226.42999267578125,226.45120239257812,26252,226.4003433227539,226.2150744628906,225.54532836914063,225.09562093098958,224.74655731201173,226.39761423340832,226.41906945455338,226.36315350864027,54.626918136645536,0.055915945913113774,0.07683439384173409,-0.020918447928620312,0.12058693490137584,59.820390889771126,51.66229531712229,224.49974025686674
2024-11-13 13:25:00,226.4550018310547,226.49989318847656,226.4499969482422,226.47000122070312,21271,226.40234375,226.23659454345704,225.57197845458984,225.11252095540365,224.76120735168456,226.4045082321983,226.4269051108841,226.37106815397826,55.44213589252558,0.05583695690583568,0.07263490645455441,-0.01679794954871873,0.11553759956801866,69.09052345759284,59.70756542219294,224.50175971692678
2024-11-13 13:26:00,226.47000122070312,226.53500366210938,226.41000366210938,226.44000244140625,43376,226.40659408569337,226.2575946044922,225.59687744140626,225.12925435384113,224.77610733032228,226.40788863307526,226.42892008481058,226.37617439749144,53.78153215507757,0.05274568731914542,0.0686570626274726,-0.01591137530832719,0.11621348531316021,63.172220389310446,64.02771157889148,224.50584082522818
2024-11-13 13:27:00,226.4499969482422,226.5,226.4499969482422,226.48379516601562,27763,226.4162841796875,226.2777703857422,225.62056533813475,225.1464129638672,224.78932632446288,226.41511782668863,226.43736240499598,226.38414630627102,55.8599915140134,0.05321609872495969,0.06556886984697002,-0.012352771122010331,0.11219806197605947,66.768335002951,66.34369294995145,224.5084656910548
2024-11-13 13:28:00,226.49000549316406,226.52000427246094,226.47999572753906,226.5198974609375,31913,226.43127899169923,226.29584838867189,225.64356430053712,225.163781636556,224.80307579040527,226.42509683947424,226.45006010591007,226.39420194735743,57.55461791037211,0.055858158552638315,0.06362672758810368,-0.00776856903546537,0.1070416679007606,73.64742411664658,67.86265983630268,224.51151814720365
2024-11-13 13:29:00,226.51010131835938,226.52999877929688,226.35009765625,226.36380004882812,60585,226.43796920776367,226.30972442626953,225.66505630493165,225.17987365722655,224.81554481506348,226.41925904988886,226.43678932789746,226.39194995487378,48.82612284284892,0.044839373023677354,0.05986925667521842,-0.015029883651541065,0.11224591469691164,69.04392203276335,69.81989371745367,224.51702143597745
2024-11-13 13:30:00,226.36000061035156,226.42999267578125,226.19000244140625,226.39010620117188,85825,226.43547439575195,226.3243264770508,225.68640731811524,225.19610768636068,224.8277953338623,226.4164825881063,226.42960730840122,226.3918133805255,50.19688471650349,0.03779392787572533,0.055454190915319806,-0.017660263039594476,0.12137050895963225,63.952226325374966,68.88119082492831,224.5244452238347
2024-11-13 13:31:00,226.39500427246094,226.41000366210938,226.13999938964844,226.3699951171875,63257,226.4394744873047,226.3395263671875,225.70600723266602,225.2099743652344,224.8398452758789,226.41205520992358,226.42043620206064,226.39019721287085,49.113756965351634,0.030238989189797394,0.05041115057021533,-0.020172161380417934,0.13198720635258265,53.95902968386087,62.31839268066642,224.52978819860942
2024-11-13 13:32:00,226.368896484375,226.375,226.0,226.2100067138672,90535,226.4267250061035,226.34962646484374,225.72400726318358,225.2240517171224,224.85097030639648,226.39281249601345,226.38806243464626,226.3768497685002,41.45114017448319,0.011212666146064976,0.04257145368538526,-0.03135878753932028,0.1493452630416839,51.82678130693214,56.57934577205601,224.5369026290793
2024-11-13 13:33:00,226.19000244140625,226.2100067138672,225.92999267578125,225.94000244140625,79930,226.39597549438477,226.35322662353516,225.73850723266602,225.23637837727864,224.86142028808592,226.349687728908,226.31913012799396,226.34449070723397,32.29395491881299,-0.025360579240015113,0.02898504710030518,-0.054345626340320294,0.15867874697341633,33.044645342438166,46.27681877774375,224.5425007980292
2024-11-13 13:34:00,225.9499969482422,226.0,225.94000244140625,225.97869873046875,56987,226.3669105529785,226.35820068359374,225.7528062438965,225.24943634033204,224.87211380004882,226.31435544334238,226.26675606683622,226.31739500525137,34.52637177480666,-0.05063893841514755,0.013060249997214637,-0.06369918841236219,0.15163009066058303,16.319413572771783,33.73028007404738,224.5463227895519
2024-11-13 13:35:00,225.97999572753906,226.08990478515625,225.94000244140625,226.0850067138672,50153,226.34716110229493,226.3640008544922,225.7696553039551,225.26300303141275,224.88283882141113,226.29251270720187,226.2387946279179,226.30018105774144,40.345675489954644,-0.06138642982352849,-0.0018290859669339871,-0.0595573438565945,0.15150668016696997,11.775535939470357,20.37986495156012,224.5498230224375
2024-11-13 13:36:00,226.08999633789062,226.08999633789062,225.88999938964844,225.90499877929688,58916,226.3194107055664,226.36250091552733,225.78405532836913,225.27330301920574,224.89221382141113,226.25560661882997,226.18744142043775,226.27090829637518,34.71866097683252,-0.0834668759374324,-0.01815664396103367,-0.06531023197639874,0.15497027074377126,11.99920083696233,13.364716783068175,224.553703279808
2024-11-13 13:37:00,225.89999389648438,225.91000366210938,225.87669372558594,225.88999938964844,43935,226.2943603515625,226.3578009033203,225.79730529785155,225.28370300292968,224.90196380615234,226.22078688271745,226.14168110800864,226.24269282180282,34.28951113242771,-0.10101171379417906,-0.03472765792766275,-0.06628405586651631,0.14628024687089028,9.989448836427863,11.254728537620203,224.55644100885831
2024-11-13 13:38:00,225.89500427246094,225.9600067138672,225.8800048828125,225.93359375,33612,226.27378997802734,226.35267272949218,225.81094116210937,225.29372701009115,224.91245674133302,226.19343515579197,226.109667668315,226.21979659426188,36.737089285917016,-0.11012892594686718,-0.04980791153150364,-0.06032101441536354,0.14154607431259011,4.330001862247538,8.772883845212595,224.55857839677068
2024-11-13 13:39:00,225.92999267578125,225.9871063232422,225.9199981689453,225.97500610351562,21672,226.24953994750976,226.34713684082033,225.82519119262696,225.30432708740236,224.92378128051757,226.1726323889085,226.08895050449973,226.20166396531772,39.05925864054176,-0.11271346081798583,-0.062389021388800085,-0.05032443942918575,0.13622908002575332,8.532863577714414,7.617438092129956,224.55998937895717
2024-11-13 13:40:00,225.97000122070312,226.00999450683594,225.94000244140625,225.99000549316406,50030,226.2275405883789,226.34203704833985,225.83939224243164,225.31559377034506,224.93573127746583,226.15523935121857,226.07372819506347,226.185985559973,39.9194732402213,-0.11225736490953864,-0.0723626900929478,-0.03989467481659084,0.1314978646974629,13.64059800722263,8.834487815728211,224.56328054939158
2024-11-13 13:41:00,225.9949951171875,226.1199951171875,225.94000244140625,225.9949951171875,66114,226.21155548095703,226.3369369506836,225.85059219360352,225.3273270670573,224.9477562713623,226.13997799559655,226.06161541385177,226.17183811976665,40.22176138029165,-0.11022270591487882,-0.079934693257334,-0.030288012657544813,0.13496177977487628,16.795528276420274,12.989663287119123,224.56772349860088
2024-11-13 13:42:00,226.00010681152344,226.0500030517578,225.99000549316406,226.0,31199,226.1945556640625,226.32933685302734,225.86119216918945,225.33899373372395,224.9605062866211,226.1266467579207,226.05213611941303,226.15910937015428,40.544898815599915,-0.1069732507412482,-0.08534240475411684,-0.02163084598713136,0.129607192547653,18.108918214021557,16.181681499221508,224.56980351704172
2024-11-13 13:43:00,226.00999450683594,226.02000427246094,225.89999389648438,225.91879272460938,33822,226.16549530029297,226.31841278076172,225.87067916870117,225.35008565266926,224.97187522888183,226.10685113570057,226.03162175098169,226.14130813715096,37.04570694918684,-0.10968638616927251,-0.09021120103714797,-0.01947518513212454,0.12892170564971797,14.863697207103973,16.58938123251529,224.57194720014803
2024-11-13 13:44:00,225.9149932861328,225.9499969482422,225.8800048828125,225.9199981689453,30047,226.13893508911133,226.3091128540039,225.8812791442871,225.36121897379556,224.98352523803712,226.0890556150572,226.01444889220684,226.12491480617277,37.13244207850249,-0.11046591396592476,-0.09426214362290333,-0.016203770343021423,0.12471244563400152,11.534297098096097,14.83563750640723,224.57380513302365
2024-11-13 13:45:00,225.9199981689453,225.9279022216797,225.82000732421875,225.8249969482422,39277,226.10668487548827,226.29981292724608,225.8907290649414,225.37145233154297,224.9953007507324,226.0639071705986,225.9853024392892,226.10269866854827,33.24500966949875,-0.11739622925907156,-0.09888896075013698,-0.018507268508934582,0.1235111921930684,5.542569397265723,10.646854567488617,224.57611964537244
2024-11-13 13:46:00,225.83099365234375,226.0,225.83099365234375,225.99000549316406,50911,226.08418502807618,226.2934310913086,225.90102905273437,225.38305236816407,225.00850074768067,226.05686891560484,225.98602598603918,226.0943510259272,44.17668856222972,-0.10832503988802955,-0.1007761765777155,-0.007548863310314055,0.1271891821619787,17.536108289916303,11.537658261759391,224.5793001336992
2024-11-13 13:47:00,225.99000549316406,226.02999877929688,225.9199981689453,226.00010681152344,58773,226.06000061035155,226.28623321533203,225.91103118896484,225.3950863647461,225.02145126342774,226.05146300093043,225.9881922668829,226.0873699730084,44.77291544522689,-0.09917770612551635,-0.10045648248727566,0.0012787763617593123,0.12596142703266328,34.841330272008385,19.306669319730155,224.58306889396383
2024-11-13 13:48:00,226.00999450683594,226.02000427246094,225.94500732421875,225.9842071533203,29621,226.0332160949707,226.27571746826172,225.92037322998047,225.40691436767577,225.03447227478028,226.0450576821104,225.98757917248867,226.07972828266114,43.97673167372345,-0.09214911017247118,-0.09879500802431478,0.0066458978518435935,0.12232110711905787,52.78681705216493,35.05475187136322,224.58496025510726
2024-11-13 13:49:00,225.99859619140625,226.0240020751953,225.98500061035156,226.01499938964844,18932,226.01577606201172,226.26559753417968,225.92982315063477,225.41904764811198,225.04764427185057,226.04219498759022,225.99179766743632,226.07493354984538,45.98022919640813,-0.08313588240906711,-0.09566318290126524,0.012527300492198135,0.11642637960162516,59.92370295015258,49.18395009144198,224.5861879328032
2024-11-13 13:50:00,226.0198974609375,226.0800018310547,225.9803009033203,226.07000732421875,50240,225.99977111816406,226.25699768066406,225.9390232849121,225.43184773763022,225.06105331420898,226.04484378155485,226.00382992232593,226.0745686442434,49.457555170719374,-0.0707387219174791,-0.09067829070450802,0.01993956878702892,0.11523170446825017,67.69074262461851,60.133754208978694,224.5895165267421
2024-11-13 13:51:00,226.07000732421875,226.0800018310547,226.0,226.00999450683594,37556,225.98177108764648,226.24759765625,225.94742324829102,225.44424774169923,225.07511932373046,226.0415248030102,226.00477831994283,226.06978537480583,45.980067249294315,-0.06500705486300262,-0.08554404353620695,0.02053698867320433,0.11271528493871,70.55612071888775,66.05685543121963,224.59197193560058
2024-11-13 13:52:00,226.0050048828125,226.0500030517578,225.99000549316406,226.03500366210938,25916,225.9730209350586,226.2389978027344,225.95425735473634,225.4568477376302,225.0889743041992,226.04090374197202,226.00942837258384,226.06720895164312,47.632539555761724,-0.057780579059283355,-0.07999135064082223,0.022210771581538877,0.10894973305692715,72.77890810444218,70.34192381598284,224.5936555783007
2024-11-13 13:53:00,226.03500366210938,226.0500030517578,226.02999877929688,226.0399932861328,21785,225.97802047729493,226.22799774169923,225.96235733032228,225.46901438395182,225.10327377319337,226.0408170318921,226.01413066697597,226.06519297642015,47.97447968034802,-0.05106230944417689,-0.07420554240149316,0.023143232957316268,0.10259648587149933,69.44387928111223,70.92630270148074,224.59508258539435
2024-11-13 13:54:00,226.0399932861328,226.0500030517578,226.02999877929688,226.03489685058594,22463,225.98083038330077,226.21579559326173,225.97080627441406,225.48178039550783,225.1169482421875,226.04025320510104,226.01732546445442,226.06294881895096,47.63236313492054,-0.045623354496541424,-0.06848910482050281,0.02286575032396139,0.09669704205645921,72.21091895557815,71.47790211371087,224.5965493320867
2024-11-13 13:55:00,226.03860473632812,226.0500030517578,225.99000549316406,225.99000549316406,44071,225.97608032226563,226.20699584960937,225.9776173400879,225.49364705403647,225.13084823608398,226.0354677087261,226.0131223919482,226.0575456096334,44.614362144141296,-0.04442321768519264,-0.06367592739344077,0.019252709708248134,0.09407565038055142,70.1165624247296,70.59045355380668,224.59936204652243
2024-11-13 13:56:00,226.0,226.0,225.9499969482422,225.97000122070312,449049,225.97933044433594,226.19929595947266,225.98231735229493,225.50498036702473,225.14434173583984,226.02923280510487,226.0064883656028,226.051060840083,43.2978399433376,-0.04457247448021917,-0.05985523681079645,0.01528276233057728,0.09092760762178437,64.90307616355202,69.07685251461994,224.62666716900836
2024-11-13 13:57:00,225.97999572753906,225.97999572753906,225.89999389648438,225.9600067138672,39107,225.9828308105469,226.19269622802733,225.9870184326172,225.51617045084635,225.15714179992676,226.02263984403461,225.99933734225885,226.04431608999295,42.621131238563855,-0.04497874773409194,-0.05687993899545555,0.01190119126136361,0.0901471950098489,58.974509458692786,64.66471601565816,224.62894777259808
2024-11-13 13:58:00,225.97000122070312,226.08999633789062,225.9600067138672,226.0800018310547,43077,225.99015121459962,226.18989624023436,225.9929183959961,225.5281704711914,225.16969177246094,226.02810289041747,226.01174726361205,226.04695947821975,52.2669963464018,-0.035212214607696524,-0.052546394117903746,0.017334179510207222,0.09299308279653382,69.27880532867702,64.3854636503073,224.631634415655
2024-11-13 13:59:00,226.07989501953125,226.0800018310547,225.97999572753906,226.02499389648438,35304,225.99265060424804,226.18579620361328,225.99907135009767,225.54003712972005,225.1808667755127,226.0278067957572,226.01378520713087,226.0453323980912,48.26166924658146,-0.03154719096033887,-0.04834655348639077,0.0167993625260519,0.09349401284789749,75.01600981080435,67.75644153272474,224.63380534889214
2024-11-13 14:00:00,226.02999877929688,226.0500030517578,225.9499969482422,226.0,34648,225.99315032958984,226.17699615478514,226.00517135620117,225.55150380452474,225.19171676635742,226.0251585294946,226.01166440603382,226.04197444267703,46.51737806305116,-0.030310036643214744,-0.044739250117755563,0.01442921347454082,0.09395916218130661,74.61169589395413,72.9688370111452,224.635886240232
2024-11-13 14:01:00,226.00999450683594,226.02000427246094,225.9499969482422,226.01010131835938,23921,225.99390563964843,226.17139831542968,226.01293731689452,225.56263783772786,225.20276725769043,226.02372450938648,226.011423931007,226.03961347050534,47.34566263830282,-0.028189539498356453,-0.041429307993875744,0.013239768495519291,0.09224831661255257,61.82914584770925,70.48561718415593,224.63731222661556
2024-11-13 14:02:00,226.0137939453125,226.02540588378906,225.8800048828125,225.94000244140625,57671,225.99090576171875,226.1608984375,226.02083740234374,225.57317118326822,225.212642288208,226.01575097910265,226.00043600952995,226.03223487575727,42.434303964777506,-0.03179886622731942,-0.03950321964056448,0.00770435341324506,0.09604493692426759,46.385357869456804,60.942066537040084,224.64062442624726
2024-11-13 14:03:00,225.93899536132812,225.9698944091797,225.91000366210938,225.91000366210938,30818,225.99046630859374,226.14799865722657,226.0296875,225.58327117919922,225.22229232788087,226.00567980605567,225.986523340696,226.02318071178337,40.49817572778602,-0.036657371087358115,-0.038934049929923206,0.0022766788425650913,0.09346249479184225,33.60255763082617,47.27235378266409,224.64236259005582
2024-11-13 14:04:00,225.91000366210938,225.94000244140625,225.85499572753906,225.8784942626953,45876,225.98839111328124,226.1343685913086,226.0388734436035,225.59286112467447,225.2322183227539,225.99356689716421,225.96990348254207,226.0124631970361,38.51062235904094,-0.04255971449404683,-0.039659182842747935,-0.0029005316512988946,0.09285851044008121,17.618831182885454,32.535582227722834,224.64486366182226
2024-11-13 14:05:00,225.8717041015625,225.89999389648438,225.8249969482422,225.85000610351562,32533,225.98964157104493,226.12176879882813,226.04737350463867,225.60219451904297,225.2415683746338,225.97989444062625,225.9514577319226,226.00042933825682,36.754314630297166,-0.04897160633422004,-0.041521667541042355,-0.007449938793177686,0.09158268456880311,11.240834599326599,20.820741137679427,224.64658467214926
2024-11-13 14:06:00,225.86000061035156,225.96600341796875,225.86000061035156,225.9600067138672,28652,225.98814163208007,226.11176879882814,226.0559016418457,225.61233723958333,225.25214340209962,225.9780003714111,225.95277295991406,225.99743506978353,46.836389803430656,-0.04466210986947772,-0.042149756006729426,-0.0025123538627482914,0.09332658670339754,23.46132940748767,17.440331729899928,224.64818408519062
2024-11-13 14:07:00,225.97999572753906,226.0,225.9300994873047,226.0,40042,225.9881362915039,226.1039486694336,226.0661016845703,225.62330393473306,225.2619928741455,225.98009557413386,225.9600386583888,225.99762506461437,49.959703333876384,-0.03758640622555731,-0.041237086050495,0.0036506798249376915,0.09165329570282005,42.14122569624382,25.614463234352716,224.65049622792452
2024-11-13 14:08:00,226.0,226.0218963623047,225.98190307617188,225.9949951171875,24747,225.98867568969726,226.09694854736327,226.0762516784668,225.63520385742189,225.27201782226564,225.98151457823423,225.96541657512708,225.99743025369384,49.56725051481216,-0.03201367856675574,-0.03939240455374715,0.007378725986991408,0.0879632950192481,60.37887948407899,41.99381152927018,224.65194577600155
2024-11-13 14:09:00,225.97999572753906,226.02000427246094,225.96499633789062,226.01499938964844,30742,225.98867568969726,226.0880484008789,226.08620162963868,225.64730387369792,225.28216781616212,225.98470360789273,225.97304470043804,225.99873167117195,51.21674882220694,-0.025686970733914904,-0.0366513177897807,0.010964347055865797,0.085609340701467,67.29621312450816,56.60543943494368,224.6537426825383
2024-11-13 14:10:00,226.01499938964844,226.14999389648438,225.98500061035156,226.1300048828125,59265,225.99167556762694,226.08204864501954,226.09790161132813,225.6600372314453,225.29306831359864,225.99854182455175,225.99719242080334,226.00845561277495,59.431724507641896,-0.011263191971607966,-0.031573692626146156,0.02031050065453819,0.0912796225179917,76.56635877232888,68.08048379363869,224.65741971659432
2024-11-13 14:11:00,226.13999938964844,226.1750030517578,226.0850067138672,226.0850067138672,71158,225.99542617797852,226.07745483398438,226.10825164794923,225.67350392659506,225.30374336242676,226.00677657591513,226.01070231204392,226.01412606470768,55.49402384445636,-0.003423752663763935,-0.025943704633669715,0.02251995196990578,0.09118795933032266,79.94529504363271,74.60262231348993,224.66189164460573
2024-11-13 14:12:00,226.0800018310547,226.13900756835938,226.05999755859375,226.0800018310547,44991,225.99767608642577,226.07225494384767,226.11815170288085,225.68703725179037,225.31449340820313,226.01375040973795,226.0213637765071,226.01900575110378,55.057084321998715,0.0023580254033106485,-0.020283358626273645,0.022641384029584294,0.09031810578998713,80.3313176386424,78.9476571515347,224.66466237441358
2024-11-13 14:13:00,226.07000732421875,226.22500610351562,226.02999877929688,226.0399932861328,95433,225.99767608642577,226.0630548095703,226.12615158081056,225.70070383707682,225.3249234008789,226.01624973129938,226.02422985491103,226.02056038332816,51.562069814272256,0.003669471582867345,-0.015492792584445447,0.019162264167312794,0.09779590710632735,66.96411023219423,75.74690763815647,224.67052596070002
2024-11-13 14:14:00,226.02999877929688,226.14999389648438,225.9801025390625,226.10000610351562,75226,226.00093154907228,226.05603088378905,226.13555267333984,225.71556254069012,225.33572341918946,226.02422652865332,226.03588773931173,226.02644525149017,56.06713653569388,0.009442487821559098,-0.010505736503244538,0.019948224324803636,0.10294558212886648,65.1186123125935,70.8046800611434,224.67504477892723
2024-11-13 14:15:00,226.08999633789062,226.10499572753906,226.0449981689453,226.0749969482422,32160,226.00518112182618,226.04813079833986,226.14236267089845,225.7306959025065,225.3464234161377,226.0290618067094,226.04190454068566,226.0300416734718,53.82064771826623,0.011862867213864092,-0.006032015759822811,0.017894882973686903,0.09987786616207246,61.66571301417762,64.58281185298846,224.67696543925035
2024-11-13 14:16:00,226.0800018310547,226.1300048828125,226.05999755859375,226.05999755859375,36380,226.0096809387207,226.0405307006836,226.1490626525879,225.74476186116536,225.35707344055174,226.0320080687936,226.04468808190228,226.03226062792527,52.46293551999642,0.012427453977011282,-0.0023401218124559932,0.014767575789467276,0.09774425602326373,63.3326975650073,63.372340963926156,224.6791447013924
2024-11-13 14:17:00,226.06500244140625,226.08999633789062,225.97999572753906,225.99000549316406,31998,226.01118087768555,226.03065490722656,226.15421264648438,225.75726186116538,225.36747344970703,226.02800782349556,226.03627537594255,226.02913061794294,46.56043861105085,0.007144757999611784,-0.00044314585004243774,0.007587903849654222,0.09861970990385652,54.16618984042214,59.72153347320238,224.68096969275462
2024-11-13 14:18:00,225.99000549316406,226.02000427246094,225.80499267578125,225.88999938964844,68658,226.00168075561524,226.0180569458008,226.15695266723634,225.76839518229167,225.37735046386717,226.01486416312918,226.01377137805116,226.01882460103224,39.68943094280122,-0.005053222981075578,-0.0013651612762490659,-0.003688061704826512,0.10693341610213018,40.07968223982173,52.52618988175041,224.68453398032787
2024-11-13 14:19:00,225.89309692382812,225.91000366210938,225.75999450683594,225.8000030517578,50885,225.9904312133789,226.00678100585938,226.15825271606445,225.77896453857423,225.38660049438477,225.99440120014143,225.9808839432368,226.0026155973823,34.72340793380435,-0.021731654145497714,-0.005438459850098796,-0.016293194295398918,0.11001025461436643,23.36467078999405,39.203514290079326,224.6869863771091
2024-11-13 14:20:00,225.82000732421875,225.84030151367188,225.75289916992188,225.81210327148438,34819,225.9810363769531,225.99522094726564,226.1597737121582,225.7893451944987,225.39588600158692,225.97703949265028,225.9549176860441,225.9885035732417,35.88498152469836,-0.033585887197602915,-0.01106794531959962,-0.022517941878003295,0.10839540383834027,13.794407026688587,25.74625335216814,224.68862666541884
2024-11-13 14:21:00,225.81829833984375,225.99000549316406,225.81829833984375,225.98500061035156,44774,225.97978134155272,225.9875210571289,226.1635237121582,225.79984517415366,225.404361038208,225.97779769433612,225.95954582824527,225.98824409450907,49.66722374063294,-0.028698266263802452,-0.014594009508440187,-0.014104256755362265,0.11336017654129364,23.435690096067447,20.198255970916716,224.6909730902491
2024-11-13 14:22:00,225.99000549316406,226.0800018310547,225.99000549316406,226.0634002685547,42769,225.98595123291017,225.98458892822265,226.1671076965332,225.8108678181966,225.41418601989747,225.98595032045216,225.9755234344467,225.99381121851243,54.44879388320965,-0.01828778406573406,-0.015332764419898962,-0.002955019645835097,0.11204882255285302,42.49084249084248,26.573646537866193,224.69341032031846
2024-11-13 14:23:00,226.05999755859375,226.05999755859375,225.97999572753906,226.0,39351,225.99045104980468,225.98578887939453,226.16950775146483,225.82093444824218,225.4237310028076,225.987288385171,225.97928905991645,225.99426964677076,50.28827059573885,-0.014980586854306921,-0.015262328906780554,0.00028174205247363283,0.11000280244305101,55.75737987502692,40.561304153978966,224.695593528354
2024-11-13 14:24:00,226.0050048828125,226.0050048828125,225.9300994873047,225.9499969482422,26963,225.99402618408203,225.98521484375,226.17170776367186,225.830275777181,225.43338096618652,225.98373681974923,225.97478258119733,225.9909901876205,47.223433800276865,-0.016207606423165544,-0.015451384410057552,-0.0007562220131079912,0.1074958448048197,53.28592975651799,50.51138404079581,224.6970268318179
2024-11-13 14:25:00,225.9499969482422,225.98500061035156,225.91009521484375,225.9600067138672,35522,225.9995262145996,225.98271484375,226.1733578491211,225.84067515055338,225.44293098449708,225.98147680966522,225.97250937083885,225.98869511549063,47.907857366471646,-0.016185744651778577,-0.015598256458401759,-0.0005874881933768186,0.1051679555693192,45.98577892695539,51.67636285283345,224.69889527821974
2024-11-13 14:26:00,225.9600067138672,225.9600067138672,225.85000610351562,225.86000061035156,34914,225.99452590942383,225.9818148803711,226.1721578979492,225.84997517903645,225.45043098449707,225.96990764782583,225.9552003307639,225.97916218918405,42.041727675631854,-0.023961858420165072,-0.017270976850754422,-0.00669088156941065,0.1055131451966223,36.10105580693815,45.1242548301372,224.70063615609058
2024-11-13 14:27:00,225.8699951171875,225.92999267578125,225.80999755859375,225.80999755859375,32770,225.98502578735352,225.98021484375,226.16900787353515,225.85827514648437,225.45783096313477,225.95467811551802,225.93286144273773,225.966631475807,39.44126606156753,-0.03377003306925985,-0.02057078809445551,-0.013199244974804344,0.1065475717673993,26.977885528635053,36.35490675417622,224.7022106978863
2024-11-13 14:28:00,225.8000030517578,225.90899658203125,225.7899932861328,225.83999633789062,34905,225.97727584838867,225.9783428955078,226.1655078125,225.86674173990886,225.4648809814453,225.94375604145827,225.91857450353046,225.95725109522058,41.76839480355603,-0.03867659169011972,-0.02419194881358835,-0.01448464287653137,0.10743726634818776,20.05369969030672,27.710880341959992,224.70387774157012
2024-11-13 14:29:00,225.83999633789062,225.91990661621094,225.82000732421875,225.91990661621094,29890,225.9725212097168,225.97724090576173,226.16218887329103,225.87587443033854,225.4725555419922,225.9414846676252,225.91877944394287,225.9544848375162,47.550292911002146,-0.03570539357332336,-0.026494637765535355,-0.009210755807788008,0.10689883960847348,27.253964884873785,24.761850034605203,224.70535160814615
2024-11-13 14:30:00,225.91000366210938,225.9250030517578,225.8000030517578,225.89999389648438,33324,225.96102066040038,225.97544067382813,226.15873886108398,225.8847417195638,225.48055549621583,225.93753316561177,225.91588935971848,225.95044847151382,46.31617410312877,-0.0345591117953461,-0.028107532571497507,-0.006451579223848591,0.10819177963643968,37.00618838337302,28.104617652851193,224.7069743762575
2024-11-13 14:31:00,225.89999389648438,225.89999389648438,225.6999969482422,225.7779998779297,46812,225.9456703186035,225.97110076904298,226.15401885986327,225.89076171875,225.4882704925537,225.92233951916586,225.89467559328943,225.9376745016187,39.54468033093713,-0.04299890832925257,-0.03108580772304852,-0.011913100606204052,0.1147492916797074,36.14972246162744,33.46995857662477,224.7090862168277
2024-11-13 14:32:00,225.77000427246094,225.97000122070312,225.7449951171875,225.94000244140625,66858,225.93867034912108,225.9699008178711,226.14961883544922,225.89742838541667,225.49672050476073,225.9240217022364,225.9016489545382,225.93784694160294,49.999054804185135,-0.03619798706475308,-0.03210824359138943,-0.004089743473363647,0.12262477823941582,42.44035232779539,38.5320877242653,224.71234400074889
2024-11-13 14:33:00,225.92999267578125,225.99000549316406,225.9199981689453,225.97999572753906,31900,225.9356704711914,225.9711248779297,226.1447688293457,225.90416107177734,225.50534545898438,225.92935256178905,225.91370230423064,225.9409690738945,52.19676636490757,-0.027266769663867763,-0.031139948805885102,0.0038731791420173398,0.11886638866651114,52.45609808330656,43.68205762424315,224.71399544564463
2024-11-13 14:34:00,225.99000549316406,225.99130249023438,225.9199981689453,225.9333953857422,25977,225.92733993530274,225.9713928222656,226.14025283813476,225.91131703694663,225.5137624359131,225.92973759264171,225.91673200907857,225.9404080599573,49.46837409663122,-0.023676050878719934,-0.029647169220452067,0.005971118341732133,0.11546909813955054,66.08710782739051,53.6611860794975,224.71532082638794
2024-11-13 14:35:00,225.9199981689453,225.9499969482422,225.85000610351562,225.9199981689453,44233,225.9195899963379,225.9732928466797,226.1365528869629,225.91825032552083,225.52191246032714,225.92881002848014,225.91723449521191,225.93889621617865,48.680550724828336,-0.021661720966733355,-0.028050079569708324,0.006388358602974969,0.11436350861005141,64.33236963272297,60.95852518114003,224.71749525051146
2024-11-13 14:36:00,225.91000366210938,225.91000366210938,225.77999877929688,225.83999633789062,37628,225.90858993530273,225.9702926635742,226.1318618774414,225.9241169230143,225.5298624420166,225.92035158175733,225.90535170177787,225.93157029926843,44.158026469001534,-0.026218597490554885,-0.027683783153877636,0.0014651856633227517,0.11619464296993613,52.7342732710401,61.05125024371788,224.71924056218782
2024-11-13 14:37:00,225.8300018310547,225.9600067138672,225.8300018310547,225.91000366210938,34894,225.90458984375,225.96849060058594,226.12736190795897,225.93018432617188,225.53843742370606,225.91936606560037,225.90606738798272,225.92997277058998,48.65339585193248,-0.02390538260726771,-0.026928103044555653,0.0030227204372879415,0.11718108867297643,55.21194555284669,57.42619615220328,224.720935586251
2024-11-13 14:38:00,225.88999938964844,225.94000244140625,225.83999633789062,225.9176025390625,30769,225.9059700012207,225.96715850830077,226.12143798828126,225.9359683227539,225.54697540283203,225.919198110692,225.90784202661035,225.9290564571435,49.132069272554695,-0.021214430533149198,-0.02578536854227436,0.0045709380091251625,0.1159543040188799,60.81388098925263,56.25336660437983,224.72242518431247
2024-11-13 14:39:00,225.9250030517578,225.95989990234375,225.83999633789062,225.8699951171875,31984,225.9094696044922,225.96425842285157,226.11492797851562,225.94130157470704,225.55535034179687,225.91451211131061,225.9020194251607,225.9246815430727,46.224628032625276,-0.022662117912005897,-0.02516071841622067,0.0024986005042147742,0.11623639404989743,67.30344356970932,61.10975670393623,224.7239574937071
2024-11-13 14:40:00,225.83999633789062,225.86000061035156,225.75999450683594,225.7899932861328,56581,225.90836410522462,225.95865814208983,226.10782791137694,225.94556823730468,225.56355033874513,225.9026531755794,225.884784634541,225.91470463515122,41.75320596635755,-0.029920000610218267,-0.02611257485502019,-0.0038074257551980774,0.11579098092858779,54.65053341015837,60.922619323040124,224.7264577069232
2024-11-13 14:41:00,225.78500366210938,225.83999633789062,225.72000122070312,225.8350067138672,59198,225.9008644104004,225.95515838623047,226.10137802124024,225.95000162760417,225.57197540283204,225.89621065541633,225.8771264928989,225.9088010854265,44.97823479759884,-0.03167459252759386,-0.027224978389534926,-0.004449614138058933,0.11609127637565297,45.199308574721066,55.71776185152961,224.72904911650093
2024-11-13 14:42:00,225.80999755859375,225.83999633789062,225.55999755859375,225.60000610351562,79030,225.87769470214843,225.9464584350586,226.09272811889647,225.95165771484375,225.57925041198732,225.86800069809246,225.83449258683993,225.88592738306272,34.30060341959715,-0.05143479622279301,-0.03206694195618654,-0.01936785426660647,0.12779895515574027,28.838915580760354,42.896252521879944,224.7320656093672
2024-11-13 14:43:00,225.58990478515625,225.6300048828125,225.4199981689453,225.4199981689453,93814,225.84869461059571,225.93405853271486,226.08102813720703,225.95292439778646,225.58527542114257,225.82533379055462,225.77072421485616,225.85141410794293,28.683504522680614,-0.08068989308677033,-0.041791532182303304,-0.03889836090446702,0.13367093792084367,18.54086938098035,30.859697845487272,224.73494916723536
2024-11-13 14:44:00,225.4600067138672,225.49000549316406,225.3699951171875,225.3699951171875,57123,225.81969451904297,225.9207604980469,226.0682780456543,225.95412434895835,225.5915254211426,225.7819682026149,225.7090735844456,225.81575344196105,27.343947907535533,-0.10667985751544506,-0.05476919724893166,-0.051910660266513406,0.13269518349625217,3.0920540578787143,16.823946339873157,224.73650933335412
2024-11-13 14:45:00,225.33999633789062,225.52499389648438,225.33999633789062,225.44000244140625,57887,225.79369430541993,225.90976043701173,226.05837814331053,225.95499837239583,225.5976753997803,225.74940003488075,225.667678023978,225.78792003451252,32.12342549668075,-0.12024201053452543,-0.06786375990605042,-0.05237825062847501,0.13643106743178773,5.118233217755278,8.917052218871467,224.73814143962753
2024-11-13 14:46:00,225.42999267578125,225.47999572753906,225.38999938964844,225.39999389648438,28657,225.77069396972655,225.89836029052734,226.048828125,225.95433166503906,225.60332534790038,225.71612325979538,225.62649585051744,225.75918476502895,30.873488010648284,-0.13268891451150466,-0.08082879082714128,-0.05186012368436338,0.13311430103599042,8.18886077531002,5.466382683648024,224.7389331144649
2024-11-13 14:47:00,225.39999389648438,225.52499389648438,225.38999938964844,225.49000549316406,42100,225.75469436645508,225.8889602661133,226.04082824707032,225.9543323771159,225.6093679046631,225.69458823440195,225.60549733400154,225.7392455597056,36.8289433994712,-0.13374822570406764,-0.09141267780252656,-0.04233554790154108,0.13324860145027237,15.866210601942951,9.724434865002769,224.74016911145173
2024-11-13 14:48:00,225.47999572753906,225.47999572753906,225.3800048828125,225.41000366210938,19602,225.73319473266602,225.87556030273439,226.0327282714844,225.95379903157553,225.61501792907714,225.66748494180266,225.57542138447965,225.71485727099477,34.02329736961667,-0.13943588651511618,-0.10101731954504448,-0.038418566970071705,0.13158803065750738,14.511749031206918,12.855606802819983,224.74070769558557
2024-11-13 14:49:00,225.4250030517578,225.42999267578125,225.37600708007812,225.41000366210938,23527,225.70769958496095,225.86326049804688,226.02452835083008,225.95380106608073,225.62084297180175,225.6429629151652,225.54997250411498,225.69227552218845,34.02329736961667,-0.142303018073477,-0.109274459250731,-0.03302855882274601,0.1260449995893372,15.204893120671429,15.194284251273785,224.74133598651963
2024-11-13 14:50:00,225.41110229492188,225.5500030517578,225.38999938964844,225.51910400390625,45266,225.68865509033202,225.853642578125,226.0153193664551,225.9546617635091,225.62703849792481,225.63116682837864,225.54522350408286,225.6794480023157,41.11781812883375,-0.13422449823283955,-0.11426446704715272,-0.01996003118568683,0.1284706183407685,17.156826553130042,15.62448956833615,224.74268860323778
2024-11-13 14:51:00,225.5449981689453,225.60000610351562,225.52999877929688,225.57000732421875,32386,225.6782554626465,225.8448406982422,226.00811950683592,225.95690511067707,225.63318855285644,225.62534211369675,225.5490363994884,225.67134128541963,44.136156686402224,-0.12230488593124278,-0.11587255082397073,-0.00643233510727205,0.1250728670028118,25.761160716839544,19.374293463547023,224.74375750693108
2024-11-13 14:52:00,225.57000732421875,225.6649932861328,225.5500030517578,225.6300048828125,29346,225.6627555847168,225.83864074707031,225.99976959228516,225.96010518391927,225.63953857421876,225.62578618694585,225.56149308923057,225.66827932967095,47.54895300454688,-0.10678624044038543,-0.11405528874725367,0.007269048306868239,0.12435267895796812,37.591671877217856,26.836553049062502,224.74478042637895
2024-11-13 14:53:00,225.6199951171875,225.6699981689453,225.6199951171875,225.6699981689453,24340,225.64725570678712,225.83384063720703,225.9909196472168,225.96440521240234,225.64591354370117,225.62999685189817,225.57818617841747,225.66840665109868,49.75254809921861,-0.09022047268121014,-0.10928832553404497,0.019067852852834827,0.11904199130081417,49.11617834200319,37.489670312020216,224.74566431998224
2024-11-13 14:54:00,225.66000366210938,225.69659423828125,225.62010192871094,225.6699981689453,39601,225.63408584594725,225.82967071533204,225.98201965332032,225.96913920084634,225.65206352233886,225.63380650114075,225.59231110003714,225.66852454130952,49.7525480992186,-0.07621344127238672,-0.10267334868171332,0.026459907409326605,0.11600272832006407,58.748194601586924,48.485348273602675,224.74711280534407
2024-11-13 14:55:00,225.6699981689453,225.6699981689453,225.6199951171875,225.63999938964844,23441,225.6200859069824,225.82547058105467,225.97361968994142,225.97340586344401,225.6580135345459,225.63439630004626,225.59964775997733,225.66641156711242,47.99830648554454,-0.06676380713508934,-0.09549144037238853,0.028727633237299197,0.11128846570847468,63.1541152447102,57.00616272943345,224.74795038756554
2024-11-13 14:56:00,225.64500427246094,225.69000244140625,225.6300048828125,225.6649932861328,34114,225.61133575439453,225.8195703125,225.96566955566405,225.9771245320638,225.6641455078125,225.6373102987212,225.60970091784742,225.66630650926206,49.59300986302219,-0.0566055914146375,-0.08771427058083833,0.03110867916620083,0.10762482948599436,72.37972931487127,64.76067972038948,224.74919144372382
2024-11-13 14:57:00,225.66470336914062,225.73500061035156,225.63499450683594,225.72500610351562,39344,225.60208587646486,225.8140704345703,225.95900955200196,225.98209126790366,225.6709955596924,225.64566228013018,225.62744017718097,225.6706546273549,53.29646361465933,-0.04321445017393444,-0.07881430649945755,0.03559985632552311,0.10708063477382514,82.86953140211533,72.80112532056562,224.75067593409628
2024-11-13 14:58:00,225.73829650878906,225.74989318847656,225.6300048828125,225.6300048828125,39970,225.58770599365235,225.8067706298828,225.95185958862305,225.98642466227213,225.6780955505371,225.64417109943327,225.62783474727811,225.66764353516658,47.364008471762496,-0.039808787888460984,-0.07101320277725824,0.031204414888797258,0.10799546840884211,86.45319175434673,80.56748415711114,224.7521342967397
2024-11-13 14:59:00,225.6300048828125,225.63999938964844,225.4199981689453,225.42999267578125,62381,225.56570587158203,225.79507049560547,225.94155944824217,225.98915791829427,225.6842455291748,225.62377315432354,225.59739750550938,225.6500397678047,37.819319519028724,-0.052642262295336195,-0.06733901468087383,0.014696752385537637,0.1159958792870052,60.88680405357628,76.7365090700128,224.75397311208593
2024-11-13 15:00:00,225.4199981689453,225.49000549316406,225.2899932861328,225.3300018310547,91527,225.54270629882814,225.77907043457031,225.93055953979493,225.99162455240887,225.68979553222655,225.59579493305984,225.55625970943942,225.62633325397138,34.117779058578186,-0.07007354453196513,-0.0678859206510921,-0.002187623880873027,0.12199704555445126,31.29668082501773,59.54555887764693,224.75619735506712
2024-11-13 15:01:00,225.27999877929688,225.38999938964844,225.22000122070312,225.22999572753906,83084,225.51245574951173,225.76197021484376,225.91971252441405,225.99282450358072,225.69562049865723,225.56095691348642,225.50606525068554,225.5969749186801,30.864109160826,-0.09090966799456623,-0.07249067011978692,-0.01841899787477931,0.1254256972252271,8.3415305112894,33.508338463294486,224.75790853690847
2024-11-13 15:02:00,225.25990295410156,225.3350067138672,225.1699981689453,225.3000030517578,75852,225.49745559692383,225.7463702392578,225.90931259155275,225.99422454833984,225.70187049865723,225.53610416475038,225.47436337392745,225.5749770026118,35.50120421783053,-0.10061362868435708,-0.07811526183270096,-0.022498366851656126,0.12825304348927338,11.001412007749307,16.879874448018832,224.75942635522813
2024-11-13 15:03:00,225.30999755859375,225.3300018310547,225.1199951171875,225.16990661621094,58531,225.4849510192871,225.72896850585937,225.89601165771484,225.99375722249349,225.70777000427245,225.50122820774664,225.42752387274027,225.54497178880433,31.29983297972548,-0.1174479160640658,-0.08598179267897393,-0.03146612338509186,0.13409259137341012,10.74285846455429,10.028600327864352,224.7604501644181
2024-11-13 15:04:00,225.17999267578125,225.22999572753906,225.1300048828125,225.13999938964844,147332,225.47345123291015,225.70976837158204,225.88289962768556,225.9936245727539,225.7141139984131,225.46682546316583,225.38328933688,225.5149738333113,30.40890184452322,-0.13168449643129065,-0.0951223334294373,-0.03656216300185336,0.13165675232720675,11.172743362197371,10.972337944833676,224.76277762592719
2024-11-13 15:05:00,225.14700317382812,225.2799072265625,225.14700317382812,225.1699981689453,39529,225.4599510192871,225.6916683959961,225.86989959716797,225.99213124593098,225.72093902587892,225.4385561970496,225.3504753110439,225.4894200803953,32.48484524853868,-0.138944769351383,-0.10388682061382645,-0.03505794873755655,0.13224611551198218,6.345938002147872,9.420513276299863,224.76344713147017
2024-11-13 15:06:00,225.16000366210938,225.27999877929688,225.1186065673828,225.22999572753906,35938,225.45145111083986,225.675068359375,225.8577995300293,225.99106455485025,225.72733848571778,225.41869329519145,225.3319399905047,225.4702034616652,36.560842700883896,-0.1382634711604851,-0.11076215072315818,-0.02750132043732692,0.13432797954070222,9.586285253619687,9.034988872654996,224.76406875605787
2024-11-13 15:07:00,225.25,225.33999633789062,225.22999572753906,225.3300018310547,55273,225.44345092773438,225.6618682861328,225.84626159667968,225.9900978597005,225.73341346740722,225.41024648908316,225.33164181212777,225.45981815569402,42.76357125602227,-0.12817634356625263,-0.11424498929177708,-0.013931354274475546,0.13259031031290652,19.689825511446557,11.874016255738058,224.76521491754224
2024-11-13 15:08:00,225.3300018310547,225.3300018310547,225.22999572753906,225.27999877929688,42747,225.43695068359375,225.64966827392578,225.83386260986327,225.98785786946615,225.73871345520018,225.39784194529398,225.32369673015376,225.4464982018868,40.62476745957548,-0.12280147173305522,-0.11595628578003271,-0.006845185953022512,0.13026286697024358,25.565599922652993,18.280570229239768,224.7660649552432
2024-11-13 15:09:00,225.27000427246094,225.33999633789062,225.26019287109375,225.3300018310547,70324,225.432950592041,225.6402682495117,225.82352462768554,225.98559122721355,225.7442904663086,225.3913809820331,225.32466674567695,225.43786884108442,43.659380243079845,-0.11320209540747328,-0.11540544770552083,0.0022033522980475506,0.12665862410071727,30.846143929872046,25.36718978799055,224.76753872929146
2024-11-13 15:10:00,225.3300018310547,225.48989868164062,225.3220977783203,225.4600067138672,45281,225.42999572753905,225.63322631835936,225.8142236328125,225.98425791422525,225.75031547546388,225.3979167660173,225.34548827924468,225.43950868351277,50.71251887265293,-0.09402040426809322,-0.11112843901803532,0.017108034749942103,0.12959735833068836,37.710689999677705,31.37414461740093,224.76868186648144
2024-11-13 15:11:00,225.4654998779297,225.5399932861328,225.4499053955078,225.53970336914062,45227,225.42848052978516,225.62432037353517,225.80592071533204,225.98378926595052,225.75596397399903,225.41142025202905,225.37536752384403,225.44693051207778,54.475012313067616,-0.07156298823375096,-0.10321534886117845,0.03165236062742749,0.12677525349456778,51.4236681813787,39.99350070364284,224.769968759713
2024-11-13 15:12:00,225.55999755859375,225.63999938964844,225.52369689941406,225.57000732421875,46983,225.42548065185548,225.61445251464843,225.79952072143556,225.9828893025716,225.76176399230957,225.4265237827138,225.40531210851708,225.45604731297712,55.85496715188596,-0.05073520446003954,-0.09271931998095068,0.041984115520911136,0.1260271989759826,69.12017747367149,52.75151188490931,224.7714233845633
2024-11-13 15:13:00,225.57899475097656,225.62879943847656,225.52000427246094,225.61000061035156,56118,225.42248077392577,225.60665252685547,225.796220703125,225.9818893432617,225.7673639678955,225.44399776629834,225.43680264726083,225.46745126093077,57.67823819805276,-0.030648613669939095,-0.08030517871874836,0.04965656504880926,0.12479633947881422,82.50896442067331,67.68427002524119,224.77317193960747
2024-11-13 15:14:00,225.6199951171875,225.7198944091797,225.58999633789062,225.64999389648438,67081,225.42148056030274,225.6006524658203,225.79293365478514,225.98135599772135,225.77286994934082,225.46361644536367,225.46960130098756,225.48097293763846,59.48050108831792,-0.01137163665089247,-0.06651847030517717,0.0551468336542847,0.12516074889383197,89.73240852194051,80.45385013876178,224.77542375384257
2024-11-13 15:15:00,225.63999938964844,225.70899963378906,225.58999633789062,225.58999633789062,115409,225.41898040771486,225.5932522583008,225.78798355102538,225.97998931884766,225.77881942749025,225.47565262560434,225.48812361435728,225.48904874506454,55.65169006819018,-0.0009251307072588588,-0.05339980238559351,0.05247467167833465,0.12472093082273238,87.00599087157387,86.41578793806258,224.77916746187566
2024-11-13 15:16:00,225.5800018310547,225.64999389648438,225.5800018310547,225.63999938964844,41494,225.41773071289063,225.5888522338867,225.7853335571289,225.97772267659505,225.78469444274901,225.49130469837044,225.51148911824822,225.500230274293,58.07395069050226,0.011258843955232578,-0.040468073117428296,0.051726917072660875,0.12081172615180061,84.49474699284372,87.07771546211939,224.78049550047496
2024-11-13 15:17:00,225.63999938964844,225.64999389648438,225.5850067138672,225.64999389648438,71687,225.41398010253906,225.58565216064454,225.78293350219727,225.97455596923828,225.79011940002442,225.5064179553337,225.53279754566915,225.5113238759368,58.56114375479725,0.021473669732358758,-0.02807972454747089,0.049553394279829646,0.11682425875647111,84.49474699284372,85.33182828575379,224.78279361633733
2024-11-13 15:18:00,225.65499877929688,225.65499877929688,225.60009765625,225.63999938964844,31441,225.41447982788085,225.5816522216797,225.77999755859375,225.97088928222655,225.79546936035158,225.51913999669702,225.54929013705058,225.520855395471,57.83735758094467,0.028434741579587808,-0.01677683132205915,0.04521157290164696,0.11240117763435711,87.2667444889949,85.41874615822746,224.7838016130296
2024-11-13 15:19:00,225.639892578125,225.69000244140625,225.60000610351562,225.63999938964844,32181,225.42498016357422,225.57605407714843,225.77664749145507,225.96681060791016,225.80091934204103,225.53065041507335,225.56324540668103,225.52968087652118,57.83735758094467,0.03356453015985039,-0.006708559025677241,0.04027308918552763,0.11080083193837625,87.2667444889949,86.3427453236112,224.78484498447668
2024-11-13 15:20:00,225.64500427246094,225.7050018310547,225.6300048828125,225.6800994873047,50471,225.4424850463867,225.57165618896485,225.77354843139648,225.96304463704428,225.80647033691406,225.54488366004776,225.58122295754623,225.54082299583848,60.130319866085486,0.040399961707748844,0.0027131451210079755,0.03768681658674087,0.1082434116743628,88.43409147950933,87.65586015249973,224.78653016215583
2024-11-13 15:21:00,225.6999969482422,225.72999572753906,225.6501007080078,225.66000366210938,39863,225.46398544311523,225.56929626464844,225.7701985168457,225.959111328125,225.8103953552246,225.5558474697679,225.59334306594056,225.54965119334003,58.415792349398586,0.04369187260053309,0.010908890616912997,0.03278298198362009,0.10621852652128333,88.19705933495898,87.96596510115442,224.78786911396648
2024-11-13 15:22:00,225.6575927734375,225.66000366210938,225.55999755859375,225.5850067138672,29012,225.4782356262207,225.56219635009765,225.76604858398437,225.95381134033204,225.81362037658693,225.5586245406345,225.59206055023697,225.5522701207865,52.40978630475051,0.03979042945047695,0.01668519838362579,0.02310523106685116,0.10577478202087917,82.3389410936742,86.32336396938085,224.78875570006517
2024-11-13 15:23:00,225.57000732421875,225.57000732421875,225.49000549316406,225.50999450683594,66329,225.49524002075196,225.5527963256836,225.76196060180663,225.94744466145832,225.8163198852539,225.55399310884417,225.57943500509833,225.5491385938272,47.18430724501665,0.030296411271137913,0.019407440961128217,0.010888970310009696,0.10500524192675388,67.06818572197767,79.20139538353696,224.79058080433236
2024-11-13 15:24:00,225.5,225.50999450683594,225.39999389648438,225.47000122070312,32785,225.5117401123047,225.5435284423828,225.7574606323242,225.94134470621745,225.81936988830566,225.54599388140215,225.5625990382683,225.54327656618838,44.62940298666827,0.01932247207992077,0.01939044718488673,-6.797510496595743e-05,0.10536205395709737,45.47239773796957,64.95984151787383,224.79140187999448
2024-11-13 15:25:00,225.47500610351562,225.5699005126953,225.47000122070312,225.55499267578125,50747,225.53098983764647,225.53622833251953,225.7547605895996,225.93644470214844,225.8227448272705,225.54685090943823,225.5614288286549,225.54414442615823,50.73450287582584,0.017284402496670737,0.01896923824724353,-0.001684835750572794,0.10497185667388954,38.082643678257135,50.20774237940147,224.79280458110003
2024-11-13 15:26:00,225.5301055908203,225.58999633789062,225.52000427246094,225.5399932861328,33266,225.54648971557617,225.53022827148436,225.7502604675293,225.93131734212238,225.82564476013184,225.5461978024568,225.55813105288226,225.5438369343045,49.69316131930504,0.014294118577765857,0.018034214313347997,-0.003740095735582139,0.10247330015644655,36.869037160339694,40.14135952552215,224.7937439941221
2024-11-13 15:27:00,225.5399932861328,225.5399932861328,225.4600067138672,225.49000549316406,37127,225.55448989868165,225.52182830810546,225.7451594543457,225.92551737467448,225.82809532165527,225.54084615395274,225.547650197541,225.53984942014594,46.283647707608864,0.0078007773950616865,0.015987526929690736,-0.00818674953462905,0.10086710530710216,38.88965953052511,37.94711345637399,224.79471595054568
2024-11-13 15:28:00,225.49000549316406,225.5124969482422,225.4499969482422,225.47999572753906,67482,225.56448974609376,225.513076171875,225.7401173400879,225.91865071614583,225.83024528503418,225.53505087524667,225.5372418175407,225.5354158132862,45.60882556958749,0.0018260042544966382,0.013155222394651918,-0.01132921814015528,0.0981265977851663,31.314252246420363,35.69098297909507,224.79643600544838
2024-11-13 15:29:00,225.47000122070312,225.48599243164062,225.35000610351562,225.3701934814453,57360,225.56649932861328,225.50308013916015,225.73366928100586,225.91097869873047,225.83174621582032,225.51935017107513,225.51154207352602,225.52317712203873,38.907416422405525,-0.011635048512715684,0.0081971682131784,-0.019832216725894084,0.10083086423801157,18.943849201067422,29.715920326004312,224.7977238064449
2024-11-13 15:30:00,225.3800048828125,225.42999267578125,225.27999877929688,225.30499267578125,56284,225.558748626709,225.49338012695313,225.7260191345215,225.90301198323567,225.8325212097168,225.49893517152333,225.4797652431037,225.50701531120484,35.56566177679629,-0.02725006810112518,0.0011077209503176835,-0.028357789051442865,0.10434250939846614,11.703231472145802,20.653777639877877,224.79884942917974
2024-11-13 15:31:00,225.3300018310547,225.3800048828125,225.23500061035156,225.27000427246094,46040,225.545263671875,225.482080078125,225.71861923217773,225.89494537353517,225.8330212402344,225.4771322287555,225.4474943245433,225.48945893796454,33.88380065824148,-0.0419646134212428,-0.007506745923994414,-0.034457867497248384,0.10724692104578554,5.979455490048557,12.208845387753941,224.7996930378959
2024-11-13 15:32:00,225.27499389648438,225.2899932861328,225.21499633789062,225.2801055908203,34204,225.53076858520507,225.4756820678711,225.71107025146483,225.88704610188802,225.8326638031006,225.4583677870474,225.42174221166283,225.47395128262053,34.84180374415024,-0.05220907095770144,-0.016447210930735822,-0.03576186002696562,0.10494335155981425,8.422780633232506,8.70182253180897,224.8002758989935
2024-11-13 15:33:00,225.29049682617188,225.69000244140625,225.27000427246094,225.6833038330078,223472,225.5344337463379,225.48094818115234,225.7075033569336,225.8810014851888,225.83493034362792,225.47979026761504,225.46198246110055,225.48945887894553,59.84955515580534,-0.027476417844980006,-0.01865305231358466,-0.008823365531395344,0.12744726708734985,36.88256899373902,17.09493503900671,224.80638682604186
2024-11-13 15:34:00,225.67999267578125,225.69239807128906,225.57000732421875,225.63999938964844,61472,225.5339340209961,225.48634826660157,225.70355438232423,225.87430145263673,225.83718032836913,225.4950482792373,225.48936968087716,225.5006100278865,57.30564645852789,-0.011240347009334073,-0.017170511252734545,0.005930164243400472,0.12708608708613292,62.03371751948089,35.77968904881749,224.808244100533
2024-11-13 15:35:00,225.6300048828125,225.86000061035156,225.6199951171875,225.8300018310547,73417,225.5459342956543,225.49414825439453,225.70195434570311,225.87030151367188,225.8397858428955,225.52694861750564,225.54177462705832,225.52500942071376,64.44628410584804,0.016765206344558692,-0.0103833677332759,0.02714857407783459,0.13515175894884218,89.60254048799952,62.83960900040648,224.81081449294686
2024-11-13 15:36:00,225.8253936767578,225.82989501953125,225.75999450683594,225.80999755859375,33937,225.55443420410157,225.50234832763672,225.70035430908203,225.86666819254557,225.84133583068848,225.55390565951402,225.5830396934484,225.54611965314933,63.246911462447834,0.036920040299065704,-0.000922686126807579,0.03784272642587328,0.1304985850395499,90.0405532409364,80.55893708280561,224.81203499010277
2024-11-13 15:37:00,225.8000030517578,225.8249969482422,225.70199584960938,225.7487030029297,44180,225.55936965942382,225.50752227783204,225.69824127197265,225.86305959065754,225.84262985229492,225.57245778745838,225.60852635644554,225.56112582720715,59.587627003395326,0.04740052923838789,0.008741956946231515,0.03865857229215637,0.12996305029621152,90.11378959570389,89.91896110821328,224.8135529673997
2024-11-13 15:38:00,225.75,225.8000030517578,225.72500610351562,225.7899932861328,38819,225.56686935424804,225.5151220703125,225.69534118652345,225.86019287109374,225.84412979125977,225.5931754539988,225.6364443456282,225.57807897231274,61.215518600383724,0.05836537331546765,0.01866664022007874,0.039698733095388905,0.12603690014949553,88.04617823093845,89.40017368919293,224.81490117034718
2024-11-13 15:39:00,225.7949981689453,225.8000030517578,225.75999450683594,225.75999450683594,34751,225.57286911010743,225.52212188720702,225.69269119262697,225.8570595296224,225.84588127136232,225.60906298284044,225.65545206273708,225.59155419709225,59.34511007669347,0.06389786564483302,0.0277128853050296,0.03618498033980342,0.11989201763323692,85.46205830632505,87.87400871098914,224.81610696754095
2024-11-13 15:40:00,225.75010681152344,225.77000427246094,225.69000244140625,225.7100067138672,57834,225.57436447143556,225.52593994140625,225.68979125976563,225.8521928914388,225.8474813079834,225.61867667150966,225.66384508598787,225.6003284575941,56.260342990848265,0.06351662839378491,0.03487363392278066,0.028642994471004254,0.11704271859191198,83.4622633326236,85.65683328996238,224.8180025359126
2024-11-13 15:41:00,225.71499633789062,225.8000030517578,225.7100067138672,225.78500366210938,59454,225.58061447143555,225.53023986816407,225.68754028320313,225.8488262939453,225.85023880004883,225.63451733728107,225.68248486692966,225.614008102373,59.6492047236053,0.06847676455666374,0.041594260049557276,0.026882504507106462,0.11511083425610578,83.20440333404304,84.04290832433058,224.8200322671349
2024-11-13 15:42:00,225.78500366210938,225.8000030517578,225.72999572753906,225.75,46869,225.5888641357422,225.5326397705078,225.68564025878905,225.8440596516927,225.8532388305664,225.64551568611145,225.69287181047892,225.6240815762713,57.41333831512911,0.06879023420762564,0.04703345488117095,0.021756779326454694,0.11188915496772324,82.68789477419506,83.11818714695391,224.82161778759564
2024-11-13 15:43:00,225.7449951171875,225.80999755859375,225.74000549316406,225.75999450683594,52584,225.6013641357422,225.5344396972656,225.68414016723634,225.83875966389974,225.85691383361817,225.65641843094235,225.70319837914923,225.63414920075758,57.89859370268094,0.06904917839165137,0.05143659958326704,0.01761257880838433,0.10889650571500642,85.27122613612168,83.72117474811994,224.82340917263787
2024-11-13 15:44:00,225.76840209960938,225.8300018310547,225.75,225.82000732421875,30377,225.61886444091797,225.5374398803711,225.68355529785157,225.83382639567057,225.86121437072754,225.6719983255401,225.721168986083,225.6479164691621,60.78784185076209,0.07325251692088841,0.05579978305079132,0.01745273387009709,0.10683260038212651,87.08018893961975,85.01310328331218,224.8244736527218
2024-11-13 15:45:00,225.80999755859375,225.9199981689453,225.80999755859375,225.8699951171875,73844,225.63461456298828,225.54203979492186,225.68375518798828,225.8297597249349,225.86556434631348,225.69085516283985,225.7440653139452,225.66436673938622,63.061731598759955,0.07969857455898932,0.06057954135243092,0.019119033206558403,0.1070588868085148,90.40073300409928,87.58404935994692,224.82722782777392
2024-11-13 15:46:00,225.8800048828125,225.8800048828125,225.72999572753906,225.77499389648438,65227,225.64636459350587,225.54423980712892,225.68190505981445,225.825192972819,225.86890335083007,225.6988683755679,225.74882355741278,225.6725613436157,56.37126584641984,0.07626221379706521,0.06371607584135777,0.012546137955707443,0.11012676312743787,88.13278649089908,88.53790281153938,224.82948163392876
2024-11-13 15:47:00,225.7899932861328,225.86000061035156,225.77000427246094,225.835205078125,66128,225.66362457275392,225.5464437866211,225.6802571105957,225.82148763020834,225.87317939758302,225.7118528234305,225.76211302213775,225.68460902765344,59.31726899864004,0.07750399448431722,0.06647365956994966,0.011030334914367557,0.10868887561052268,82.12386558920944,86.88579502806927,224.83181886345955
2024-11-13 15:48:00,225.8300018310547,225.90989685058594,225.82000732421875,225.85000610351562,124600,225.68212509155273,225.55084381103515,225.678807220459,225.8181876627604,225.87752944946288,225.7250102786767,225.77563503465743,225.69686066290248,60.03172475374219,0.07877437175494606,0.06893380200694894,0.009840569747997116,0.10734606495028447,76.71125288482445,82.32263498831101,224.83636188164985
2024-11-13 15:49:00,225.84010314941406,225.88999938964844,225.8000946044922,225.8800048828125,71881,225.7076156616211,225.55984405517577,225.67745727539062,225.81432098388672,225.88182945251464,225.7397716695468,225.7916919343736,225.71042690141434,61.50723035716788,0.08126503295926568,0.0714000481974123,0.00986498476185338,0.1061002592507106,78.35120315180488,79.06210720861294,224.83895619155533
2024-11-13 15:50:00,225.8699951171875,225.8699951171875,225.4199981689453,225.5399932861328,259263,225.71936569213867,225.56404388427734,225.67155715942383,225.8083876546224,225.88472938537598,225.7207451568407,225.75296906541348,225.69780218917128,42.4009582857646,0.05516687624219685,0.06815341380636922,-0.012986537564172368,0.1313792917233161,61.093288001406506,72.0519146793453,224.84596293501397
2024-11-13 15:51:00,225.5399932861328,225.6300048828125,225.32000732421875,225.38999938964844,165180,225.72536544799806,225.56724395751954,225.66460708618163,225.80222300211588,225.88642936706543,225.68924555996523,225.69712757683425,225.67500198179923,36.94829445422063,0.022125595035021206,0.05894785005209962,-0.03682225501707841,0.14413773935691854,39.425279130394856,59.6232567612021,224.8494208359012
2024-11-13 15:52:00,225.4199981689453,225.5800018310547,225.38999938964844,225.4197998046875,148181,225.73235015869142,225.56963989257812,225.65800506591796,225.7960883585612,225.88807838439942,225.6635840594626,225.65446176573477,225.656098116828,38.636693935873566,-0.0016363510932251302,0.046831009823034675,-0.048467360916259805,0.1474137895032994,17.432293181641157,39.316953437814185,224.8525744395646
2024-11-13 15:53:00,225.41000366210938,225.41000366210938,225.25,225.27000427246094,125214,225.71168518066406,225.5716418457031,225.65030517578126,225.78788838704426,225.8882283782959,225.62610027022436,225.59531445907726,225.6274985728008,33.74510074713015,-0.03218411372353103,0.031027985113721537,-0.06321209883725257,0.14901279058788516,10.427858858251211,22.42847705676242,224.85455163498855
2024-11-13 15:54:00,225.25,225.27999877929688,224.7899932861328,224.88999938964844,291372,225.67418518066407,225.56664184570312,225.63820510864258,225.77748036702474,225.8868788909912,225.5559954244552,225.4868044483959,225.5728690036784,25.072890800389143,-0.08606455528249057,0.007609477034479114,-0.09367403231696969,0.1733694122004693,9.489371249742117,12.449841096544843,224.85586721734515
2024-11-13 15:55:00,224.89999389648438,224.89999389648438,224.47000122070312,224.62989807128906,433948,225.6141799926758,225.55583984375,225.62375411987304,225.7652130126953,225.88305839538575,225.46779567653462,225.35497269807178,225.5030193049829,21.07968857560948,-0.14804660691112304,-0.023521739754641315,-0.12452486715648173,0.19169964531338227,7.621057365557152,9.179429157850175,224.8531017055552
2024-11-13 15:56:00,224.625,224.80999755859375,224.5,224.72999572753906,283518,225.56017990112304,225.54583984375,225.6104541015625,225.7538129679362,225.8797583770752,225.39752901472554,225.2588223949129,225.4457582992463,25.966348370432993,-0.18693590433341,-0.05620457267039505,-0.13073133166301495,0.20014949626197998,12.602715003740746,9.904381206346686,224.85146453352547
2024-11-13 15:57:00,224.7100067138672,224.83999633789062,224.5399932861328,224.77999877929688,349595,225.5117446899414,225.53483978271484,225.59835403442383,225.74245432535807,225.8762833404541,225.33871661135137,225.18515722327965,225.39644277925004,28.35294457817249,-0.21128555597039167,-0.08722076933039438,-0.12406478663999729,0.2072818930831109,16.779090854879826,12.334287741392588,224.84994902675643
2024-11-13 15:58:00,224.7899932861328,225.1199951171875,224.77000427246094,225.1199951171875,377520,225.47824478149414,225.53163970947264,225.5906539916992,225.7331216430664,225.87380332946776,225.31788599285957,225.17513228388086,225.3759651746528,42.03568008140789,-0.20083289077194877,-0.10994319361870526,-0.0908896971532435,0.21747538962907176,28.045713323581708,19.142506394067443,224.85183490708366
2024-11-13 15:59:00,225.11000061035156,225.32000732421875,225.0,225.07000732421875,1356489,225.4437454223633,225.52643981933593,225.58335403442382,225.72449635823568,225.87080337524415,225.29427850060807,225.1589592131636,225.35330163017622,40.801923094817106,-0.19434241701262067,-0.12682303829748837,-0.0675193787151323,0.2247990992426202,35.95885244302502,26.927885540495534,224.86360419120723
2024-11-14 09:30:00,225.07000732421875,225.7698974609375,225.07000732421875,225.7100067138672,2076397,225.4437454223633,225.53143981933593,225.58233306884765,225.71996236165364,225.87105339050294,225.3338716637756,225.2437357517334,225.37972422896814,57.85654133619253,-0.13598847723474705,-0.12865612608494012,-0.007332351149806932,0.25873417334805804,57.5383682302087,40.514311332271824,225.51663716634116
2024-11-14 09:31:00,225.75,225.97999572753906,225.52999877929688,225.9199981689453,195882,225.45049514770508,225.53904571533204,225.5816830444336,225.71696238199868,225.8726033782959,225.38969323569654,225.34777612361214,225.4197445208183,61.75030124663828,-0.07196839720617731,-0.11731858030918757,0.045350183103010255,0.2723958001262102,74.60482745463639,56.034016042623385,225.54192632333078
2024-11-14 09:32:00,225.9250030517578,226.14999389648438,225.82000732421875,225.94000244140625,198973,225.4599952697754,225.54644561767577,225.58044906616212,225.71516235351564,225.87377838134765,225.44210363624032,225.43888786481125,225.45828214456557,62.10945111590845,-0.01939427975432295,-0.09773372019821466,0.07833944044389171,0.27650942670759693,89.88160858543502,74.00826809009338,225.576392798848
2024-11-14 09:33:00,225.9600067138672,226.3699951171875,225.77999877929688,226.0500030517578,207313,225.4744956970215,225.5552456665039,225.5809490966797,225.71589569091796,225.87522842407228,225.49999881867055,225.53290558587994,225.5021133228761,64.10533214333735,0.030792263003831977,-0.07202852355780534,0.10282078656163732,0.29890134893495607,88.8951165568759,84.46051753231579,225.61433846582617
2024-11-14 09:34:00,226.0500030517578,226.44000244140625,225.88999938964844,226.2100067138672,149220,225.4939956665039,225.56644592285156,225.58354919433594,225.71743774414062,225.8776284790039,225.5676186182131,225.63707499018568,225.55454987035694,66.84135685389893,0.08252511982874466,-0.04111779488049534,0.12364291470924,0.31683718485087436,86.32793652778032,88.3682205566971,225.6441881323156
2024-11-14 09:35:00,226.22000122070312,226.27000427246094,225.89999389648438,226.13999938964844,145042,225.50749588012695,225.57744598388672,225.58534912109374,225.71780436197918,225.87935348510743,225.6221310726355,225.7144479747184,225.59791650141557,64.52391407389152,0.11653147330284241,-0.00958794124382779,0.1261194145466702,0.32063526993128066,85.41826119318621,86.88043809261416,225.6665894426544
2024-11-14 09:36:00,226.14999389648438,226.47999572753906,226.11500549316406,226.42999267578125,131033,225.5402458190918,225.5932458496094,225.59104904174805,225.72130432128907,225.88160346984864,225.6990702729351,225.8245317748819,225.6595517735908,69.27587095344154,0.1649800012910987,0.02532564726315751,0.13965435402794119,0.32380348167726064,90.20293483974444,87.316377520237,225.69508851390975
2024-11-14 09:37:00,226.44000244140625,226.47000122070312,225.4459991455078,226.4600067138672,249857,225.5714859008789,225.60944610595703,225.5975491333008,225.72510437011718,225.88327850341796,225.77154041016675,225.9222971501104,225.7188447321298,69.72783249382888,0.20345241798059988,0.060951001406645985,0.14250141657395388,0.37381766692855006,93.76307543410651,89.79475715567906,225.7271425809392
2024-11-14 09:38:00,226.4600067138672,226.47000122070312,226.2100067138672,226.33999633789062,148195,225.59598541259766,225.62344604492188,225.60254913330078,225.72781372070312,225.88402847290038,225.82567906994998,225.98655856361506,225.76485596218618,65.57414708885797,0.22170260142888765,0.09310132141109433,0.1286012800177933,0.3656874412076492,96.51754512489212,93.49451846624771,225.7530777318711
2024-11-14 09:39:00,226.3300018310547,226.4600067138672,226.3000030517578,226.3800048828125,67667,225.62098541259766,225.63824615478515,225.6071501159668,225.7305137125651,225.8846694946289,225.87847200450832,226.04708876656852,225.81042254889923,66.29498984957128,0.23666621766929552,0.12181430066273458,0.11485191700656094,0.3509957427006296,95.66343421040239,95.3146849231337,225.76496212482687
2024-11-14 09:40:00,226.3699951171875,226.41000366210938,226.13999938964844,226.13999938964844,157079,225.65098571777344,225.64744415283204,225.60955017089844,225.731513671875,225.8841445159912,225.90337937452168,226.06138270858082,225.83483564821398,58.39567180332081,0.22654706036684047,0.14276085260355575,0.08378620776328471,0.34521063768350874,90.15307375632887,94.11135103054113,225.78456355115188
2024-11-14 09:41:00,226.13999938964844,226.16000366210938,225.86000061035156,225.86000061035156,152297,225.6744857788086,225.65144409179686,225.61037017822267,225.7306137084961,225.88219451904297,225.89924806364832,226.03040084731478,225.83669971948345,50.791992661165985,0.1937011278313321,0.15294890764911104,0.04075222018222105,0.34198152440310187,80.38905949750647,88.73518915474591,225.79145166734025
2024-11-14 09:42:00,225.8699951171875,226.05999755859375,225.82000732421875,225.89999389648438,101451,225.69849548339843,225.65774383544922,225.60997009277344,225.72994700113932,225.87979446411134,225.89931909534698,226.01033823949473,225.84138817703908,51.75822602294704,0.16895006245565014,0.15614913861041887,0.012800923845231266,0.3346964322582374,69.00926867049044,79.85046730810859,225.79489796292322
2024-11-14 09:43:00,225.9022979736328,226.0,225.77999877929688,225.9600067138672,92451,225.73299560546874,225.66674407958985,225.60977020263672,225.7302217610677,225.8772695159912,225.90509886853937,226.00259492785972,225.85017473532264,53.24192064437374,0.15242019253707895,0.1554033493957509,-0.0029831568586719537,0.326503917147158,62.558137205750235,70.65215512458239,225.79758640440608
2024-11-14 09:44:00,225.9499969482422,226.00999450683594,225.66000366210938,225.75,121506,225.77599563598633,225.67234405517578,225.6079362487793,225.7290884399414,225.87409454345703,225.8903275477261,225.96373416972745,225.84275438455802,47.711956385923564,0.12097978516942476,0.1485186365504857,-0.027538851381060936,0.32818155483140116,51.11072795503541,60.89271127709204,225.7978494317561
2024-11-14 09:45:00,225.75999450683594,226.02000427246094,225.75999450683594,225.94189453125,65871,225.8415954589844,225.68008209228515,225.60815521240235,225.72986775716146,225.87235404968263,225.8952386890141,225.9603742253463,225.85009809912782,52.560616577674594,0.11027612621847993,0.14087013448408456,-0.030594008265604627,0.32402603466208235,46.82690107668318,53.49858874582295,225.79954170300235
2024-11-14 09:46:00,225.92999267578125,226.0399932861328,225.89500427246094,226.00999450683594,52455,225.9055953979492,225.68948211669922,225.6098551940918,225.7300010172526,225.87085853576662,225.90616781452093,225.96800811480625,225.86194227747657,54.18430493613753,0.10606583732968033,0.1339092750532037,-0.02784343772352338,0.3112376760199247,43.96828207701236,47.30197036957699,225.8017568467869
2024-11-14 09:47:00,226.15460205078125,226.17990112304688,225.92999267578125,226.07000732421875,125878,225.9700958251953,225.7010821533203,225.6114552307129,225.73046702067057,225.86940856933595,225.9217715773493,225.9837003008697,225.87735450316117,55.62568029106716,0.10634579770854202,0.1283965795842714,-0.02205078187572937,0.306857016823189,54.284477500344316,48.35988688467996,225.80907970185004
2024-11-14 09:48:00,226.05999755859375,226.1699981689453,225.97999572753906,226.0,77189,226.01409606933595,225.71148223876952,225.61227920532227,225.7305723063151,225.86685859680176,225.92922190331603,225.98620794688975,225.88643935477884,53.51078776122093,0.09976859211090527,0.12267098208959817,-0.0229023899786929,0.29851026143626475,56.1576451606556,51.470134912670765,225.81319778082786
2024-11-14 09:49:00,225.9915008544922,226.0850067138672,225.94000244140625,226.0399932861328,84229,226.06259536743164,225.72487823486327,225.61397918701172,225.73073893229167,225.86445358276367,225.9397715588224,225.9944826144656,225.89781372006433,54.57334425234429,0.0966688944012617,0.11747056455193089,-0.020801670150669194,0.2875455479380271,57.12472699368396,55.8556165515613,225.81701500943427
2024-11-14 09:50:00,226.02999877929688,226.2899932861328,226.02000427246094,226.19000244140625,109109,226.0865951538086,225.74257843017577,225.61797927856446,225.73153889973958,225.8629035949707,225.96360307144943,226.02456258784107,225.91945732905262,58.41284220536278,0.10510525878845556,0.11499750339923584,-0.009892244610780282,0.28629150977615914,61.22715088703845,58.16984101379268,225.8251163857646
2024-11-14 09:53:00,225.97999572753906,226.00999450683594,225.91510009765625,225.92999267578125,337513,226.08709487915038,225.75577819824218,225.6189291381836,225.7310055541992,225.86015357971192,225.9604020813858,226.01001337060111,225.9202377251066,50.45295584966919,0.08977564549451245,0.10995313181829117,-0.02017748632377872,0.2854779979171478,54.47831127280941,57.610063051177285,225.83358191208103
2024-11-14 09:54:00,225.93499755859375,226.07000732421875,225.9199981689453,225.9600067138672,76468,226.08809509277344,225.76937622070312,225.6225291442871,225.73050557454428,225.8576286315918,225.9603644273364,226.00232003879592,225.92318357612592,51.27830997483888,0.07913646266999308,0.10378979798863155,-0.024653335318638475,0.2758016520140256,47.82958016747798,54.51168077577529,225.83581719125016
2024-11-14 09:55:00,225.9600067138672,225.98989868164062,225.80999755859375,225.91000366210938,87979,226.08109512329102,225.77391021728516,225.62742919921874,225.72963897705077,225.8542286682129,225.95556816398144,225.98811751930566,225.92220728619878,49.790239314097214,0.0659102331068766,0.09621388501228056,-0.03030365190540396,0.2689516142306577,34.72188307104613,45.67659150377784,225.83695651300098
2024-11-14 09:56:00,225.91009521484375,225.98989868164062,225.87600708007812,225.88999938964844,67322,226.0650947570801,225.77891021728516,225.63262924194336,225.72867299397785,225.85045364379883,225.94932351880686,225.9730224224353,225.91982151608394,49.17541809814761,0.053200906351349886,0.08761128928009443,-0.03441038292874454,0.257875899040075,35.780477122610485,39.44398012037821,225.8379982657103
2024-11-14 09:57:00,225.88499450683594,225.88499450683594,225.63999938964844,225.75,98528,226.04559478759765,225.77731018066407,225.6357292175293,225.72707295735677,225.84705368041992,225.93034032653955,225.93871128052217,225.90724214452217,44.98850225732926,0.03146913599999834,0.07638285862407522,-0.04491372262407688,0.2573133348229268,28.921507561317394,33.14128925165801,225.83653842433822
2024-11-14 09:58:00,225.75999450683594,225.8249969482422,225.5850067138672,225.74000549316406,68981,226.0110954284668,225.77591033935548,225.6391293334961,225.7255396525065,225.84397872924805,225.91221319955142,225.90814115939014,225.89485424442157,44.6959293865904,0.013286914968574592,0.06376366989297509,-0.0504767549244005,0.25607597050521774,25.139083520030095,29.947022734652666,225.8350200920189
2024-11-14 09:59:00,225.74000549316406,225.75999450683594,225.66000366210938,225.72149658203125,86156,225.974169921875,225.7753662109375,225.64144424438476,225.72394958496093,225.84113624572754,225.89404971216854,225.87942660902723,225.88201293609634,44.12364996058679,-0.002586327069110439,0.05049367050055799,-0.05307999756966843,0.24492703294959953,19.423341560686975,24.494644214011497,225.83313270233282
2024-11-14 10:00:00,225.72000122070312,225.72000122070312,225.39999389648438,225.55599975585938,105906,225.93497009277343,225.77068634033202,225.64290420532225,225.72045623779297,225.83781623840332,225.8618544782343,225.82966863161678,225.85786381163436,39.28067140898984,-0.02819518001757615,0.03475590039693116,-0.06295108041450731,0.2503967224208335,19.625151737890285,21.395858939535795,225.8279769637342
2024-11-14 10:01:00,225.5500030517578,225.55999755859375,225.3000030517578,225.4499969482422,107537,225.88846969604492,225.76448638916017,225.6433041381836,225.71662292480468,225.83391624450684,225.8226299515684,225.77125760340533,225.82765145138308,36.51604039291546,-0.056393847977744826,0.016525950721995964,-0.07291979869974079,0.25108227845048375,17.346814030992896,18.798435776523394,225.82065287703767
2024-11-14 10:02:00,225.4600067138672,225.4600067138672,225.27999877929688,225.3800048828125,88363,225.85046997070313,225.75788635253906,225.64191314697266,225.71248962402345,225.82861625671387,225.78047518311544,225.71106487716025,225.79449244630376,34.775638637813714,-0.08342756914350957,-0.003464753251105143,-0.07996281589240443,0.24600553960190008,14.19381887150567,17.05526154679629,225.8138775551578
2024-11-14 10:03:00,225.38999938964844,225.39999389648438,225.13999938964844,225.15499877929688,85265,225.8152198791504,225.7452862548828,225.63776306152343,225.70678894042967,225.82294128417968,225.7209060017994,225.62551624671974,225.74712254504402,29.85021616990962,-0.12160629832428071,-0.027093062265740257,-0.09451323605854045,0.2470047515471885,8.785666007870631,13.442099636789742,225.80549075035992
2024-11-14 10:04:00,225.16000366210938,225.27000427246094,225.125,225.22999572753906,110788,225.78171997070314,225.7348861694336,225.6337629699707,225.70205556233725,225.81676628112794,225.67415264234603,225.56466693607658,225.70881685485847,33.244063051305794,-0.14414991878189198,-0.05050443356897061,-0.09364548521292138,0.23971900304102772,6.739503558547089,9.906329479307805,225.79451911303298
2024-11-14 10:05:00,225.24000549316406,225.4197998046875,225.18429565429688,225.36000061035156,93459,225.75171966552733,225.72688629150392,225.63066299438478,225.69838887532552,225.81079132080077,225.6442334012037,225.53317980904194,225.68297861452464,38.77379412606092,-0.1497988054827033,-0.07036330795171715,-0.07943549753098615,0.2394179421374275,10.162901625194946,8.56269039720423,225.78729750852852
2024-11-14 10:06:00,225.36500549316406,225.3699951171875,225.1199951171875,225.1199951171875,91376,225.72021942138673,225.71288604736327,225.62516296386718,225.69333221435548,225.80359130859375,225.59430594558313,225.46961293337202,225.6412761332404,33.29116022513978,-0.17166319986839085,-0.0906232863350519,-0.08103991353333895,0.2401738034133256,9.728134400363237,8.8768465280351,225.77871134087303
2024-11-14 10:07:00,225.12379455566406,225.25,225.0500030517578,225.2449951171875,63398,225.68537445068358,225.70038604736328,225.6212129211426,225.68929880777995,225.797416305542,225.56103824764068,225.43505634626672,225.61192198390316,38.19303152354809,-0.17686563763643903,-0.10787175659532933,-0.0689938810411097,0.23730402804395856,13.096210515268234,10.99574884694215,225.77268224321764
2024-11-14 10:08:00,225.2449951171875,225.3000030517578,225.1199951171875,225.1300048828125,65481,225.64137496948243,225.68748626708984,225.61586303710936,225.6837654622396,225.79076629638672,225.51998745099039,225.38812535188916,225.5762244208594,35.60135566985046,-0.18809906897024575,-0.12391721907031261,-0.06418184989993314,0.23321144993869816,9.20952241884615,10.677955778159216,225.76659878836722
2024-11-14 10:09:00,225.13999938964844,225.3300018310547,225.1199951171875,225.2512969970703,65435,225.600439453125,225.67580810546875,225.61112594604492,225.67877410888673,225.78506774902343,225.4943978839504,225.36707483576316,225.55215572280096,40.21008081173575,-0.1850808870377989,-0.1361499526638099,-0.048930934373989016,0.23155396879073314,16.348398229897555,12.88471038800399,225.7611586673842
2024-11-14 10:10:00,225.25999450683594,225.5,225.25999450683594,225.46749877929688,101450,225.57381439208984,225.66815795898438,225.60950088500977,225.67525746663412,225.7806802368164,225.4918360644596,225.3825246732299,225.54588483809695,47.431770454879434,-0.16336016486704352,-0.14159199510445664,-0.021768169762586886,0.23277889980065844,26.642801868056335,17.400240838933357,225.7556737090863
2024-11-14 10:11:00,225.45860290527344,225.5,225.35000610351562,225.35989379882812,75216,225.5398094177246,225.65775573730468,225.60879989624024,225.67089009602864,225.77517967224122,225.47927013439943,225.37904300024502,225.53210772407704,44.54777446024161,-0.15306472383201708,-0.1438865408499687,-0.009178182982048366,0.2268656852780668,37.134281730851875,26.708493942935263,225.75164921920918
2024-11-14 10:12:00,225.35499572753906,225.5399932861328,225.30059814453125,225.4499969482422,90538,225.5028091430664,225.65595581054689,225.6099998474121,225.66635670979818,225.77027969360353,225.47648221190826,225.3899589922446,225.52602544438557,47.43017374069398,-0.13606645214096602,-0.14232252310816818,0.006256070967202154,0.2277606464440308,48.77468810333798,37.517257234082074,225.74728992963077
2024-11-14 10:13:00,225.4835968017578,225.65989685058594,225.47999572753906,225.52999877929688,66776,225.4828094482422,225.65875579833985,225.6129998779297,225.66265665690105,225.76635620117187,225.48157902785002,225.41150357486802,225.52631976549011,49.919317816011656,-0.11481619062209347,-0.13682125661095323,0.022005065988859762,0.22648487900829647,55.98847115464864,47.29914699627951,225.7454018349412
2024-11-14 10:14:00,225.5449981689453,225.67999267578125,225.4199981689453,225.64610290527344,101248,225.4671142578125,225.66328186035156,225.61646087646486,225.65976399739583,225.7628867340088,225.49724796855702,225.44759577954576,225.53519259065925,53.370047028592175,-0.08759681111348527,-0.12697636751145966,0.039379556397974386,0.22887842385312795,74.19992615152087,59.654361803169174,225.7429850793096
2024-11-14 10:15:00,225.6199951171875,225.6199951171875,225.50999450683594,225.58990478515625,81307,225.45110931396485,225.66967987060548,225.6206608581543,225.65676340738932,225.75833625793456,225.50607242728074,225.4694894727166,225.53924534580716,51.51961938233472,-0.06975587309057119,-0.11553226862728197,0.045776395536710784,0.22225199346629737,83.98734373627202,71.39191368081386,225.74099293882475
2024-11-14 10:16:00,225.57000732421875,225.75,225.4810028076172,225.64999389648438,122912,225.43910903930663,225.68487976074218,225.62576080322265,225.6537633260091,225.7543302154541,225.51977923387156,225.4972593840655,225.54744894215364,53.380839127988246,-0.0501895580881353,-0.10246372651945264,0.05227416843131734,0.22559093624604848,88.67801118450723,82.28842702410005,225.73900510551505
2024-11-14 10:17:00,225.65499877929688,225.87669372558594,225.64999389648438,225.8300018310547,142184,225.44310913085937,225.7088818359375,225.63236083984376,225.65213002522788,225.75113021850586,225.5493242431271,225.54845052975614,225.56837878577593,58.51851263173257,-0.019928256019795754,-0.08595663241952127,0.06602837639972552,0.22567014287858522,88.58846725997154,87.08460739358361,225.73992571512986
2024-11-14 10:18:00,225.85000610351562,225.94000244140625,225.77000427246094,225.83999633789062,106165,225.4481086730957,225.73108184814453,225.63846084594726,225.65066335042317,225.7481301879883,225.57700729977125,225.5933037310076,225.5884986044511,58.79006797438815,0.004805126556505002,-0.06780428062431601,0.07260940718082101,0.2216935733119229,89.60955130821155,88.9586765842301,225.74152724900512
2024-11-14 10:19:00,225.86000061035156,225.8699951171875,225.55999755859375,225.5800018310547,111547,225.44103393554687,225.74708190917968,225.64096084594726,225.64792999267578,225.74361122131347,225.5772924932268,225.591257284861,225.58786921382915,49.679087286256824,0.003388071031849904,-0.05356581029308283,0.05695388132493273,0.22800100083205346,80.88858930170205,86.36220262329505,225.74045024683062
2024-11-14 10:20:00,225.61000061035156,225.91000366210938,225.60000610351562,225.8699951171875,146007,225.45673370361328,225.7620819091797,225.64686080932617,225.64779663085938,225.74036170959474,225.60516893360398,225.63414002829583,225.60876742889275,57.576366305747094,0.02537259940308445,-0.037778128353849375,0.06315072775693382,0.23528677441938448,80.14927334967796,83.54913798653052,225.7414723716155
2024-11-14 10:21:00,225.88999938964844,225.9199981689453,225.79989624023438,225.8699951171875,57572,225.47773361206055,225.77808166503905,225.6522607421875,225.6482632446289,225.73789268493653,225.63039047489764,225.67042542658686,225.6281176280257,57.5763663057471,0.042307798561154186,-0.021760942970848664,0.06406874153200284,0.2270592854402097,81.04902209734729,80.69562824957576,225.74239377018958
2024-11-14 10:22:00,225.86000061035156,225.97000122070312,225.83999633789062,225.96499633789062,58838,225.50698318481446,225.78318145751953,225.65731063842773,225.6492825317383,225.7357671356201,225.6622576999446,225.7157440283259,225.6530716065342,59.96359826647573,0.06267242179168875,-0.004874270018341183,0.06754669181002992,0.220126828109659,94.33593176608882,85.1780757377047,225.74379441328253
2024-11-14 10:23:00,225.9698944091797,225.97000122070312,225.85499572753906,225.90499877929688,73362,225.54448318481445,225.78288146972656,225.6609635925293,225.6487491861979,225.73344215393067,225.68537589797816,225.7448601438599,225.67173287859072,57.75329140308413,0.07312726526919278,0.010726037039165609,0.06240122823002717,0.2126181613278307,93.90620177108559,89.76371854484057,225.74536889682298
2024-11-14 10:24:00,225.9029998779297,226.07000732421875,225.89999389648438,225.97500610351562,92287,225.58173370361328,225.78358154296876,225.66501358032227,225.64815989176432,225.7322671508789,225.71295972707696,225.78026721457618,225.6941975619185,59.62349214154484,0.08606965265769873,0.025794760162872233,0.060274892494826496,0.20957496607115533,92.6362375605816,93.626123699252,225.7481517149783
2024-11-14 10:25:00,225.97500610351562,226.11000061035156,225.97000122070312,226.08999633789062,115367,225.61823348999025,225.78438140869142,225.66981353759766,225.64875986735026,225.73301712036132,225.7488679757259,225.82791784893226,225.7235159897683,62.555627818357486,0.10440185916397127,0.041516179963092044,0.06288567920087923,0.2046052820409612,92.00867724088748,92.85037219085156,225.75262771564695
2024-11-14 10:26:00,226.10000610351562,226.1699981689453,226.02000427246094,226.02499389648438,92208,225.6634834289551,225.78068115234376,225.67356353759766,225.6492598470052,225.7332485961914,225.77516568246477,225.85823724086336,225.7458476865621,59.907202445486,0.11238955430127362,0.05569085483072836,0.05669869947054526,0.20070446878691933,88.61577186418054,91.08689555521654,225.75628481539243
2024-11-14 10:27:00,226.02499389648438,226.25,226.0,226.1999969482422,96260,225.71123352050782,225.78188110351562,225.67966354370117,225.65085978190103,225.73382354736327,225.815625803015,225.91081565738318,225.77948837261246,64.29054320318431,0.13132728477071964,0.07081814081872662,0.06050914395199303,0.20422557815928227,90.72338658491127,90.44927856332644,225.76094053549363
2024-11-14 10:28:00,226.1999969482422,226.33099365234375,226.14999389648438,226.33099365234375,59189,225.7712829589844,225.77990112304687,225.68657348632811,225.65399973551433,225.7359535217285,225.86470845533202,225.97545842583864,225.82034061555552,67.18281821540894,0.1551178102831159,0.08767807471160448,0.06743973557151141,0.20256659085214604,91.54721540949417,90.29545795286201,225.76462001293908
2024-11-14 10:29:00,226.33999633789062,226.60000610351562,226.33999633789062,226.57000732421875,166598,225.83721847534179,225.7821011352539,225.69577362060548,225.65906646728516,225.73935356140137,225.93187977617836,226.06692748712788,225.87587148286391,71.68855158518114,0.19105600426397018,0.10835366062207763,0.08270234364189255,0.2073127237321267,97.09823368691082,93.12294522710543,225.779330451288
2024-11-14 10:30:00,226.56500244140625,226.69000244140625,226.55999755859375,226.68499755859375,117429,225.89809341430663,225.78900115966798,225.70622360229493,225.66469980875652,225.74311058044432,226.00360527926554,226.16201519043034,225.93580674773278,73.56875454573506,0.2262084426975548,0.13192461703717306,0.09428382566038174,0.2017907350950105,98.95874792262975,95.86806567301159,225.79131306530675
2024-11-14 10:31:00,226.68499755859375,226.7949981689453,226.66000366210938,226.66000366210938,126643,225.9630989074707,225.7946011352539,225.71642364501952,225.6696337890625,225.7465355682373,226.06611941096497,226.23862880145788,225.9894509636125,72.44260926999591,0.24917783784536596,0.15537526119881165,0.09380257664655431,0.19701957593364813,95.31517329050847,97.12405163334968,225.80475211799256
2024-11-14 10:32:00,226.6501007080078,226.72000122070312,226.3513946533203,226.3513946533203,106927,226.0081687927246,225.79882904052735,225.7231365966797,225.6726431274414,225.7483425140381,226.0932884816655,226.25597739405208,226.01626160729458,60.191029240491154,0.23971578675750038,0.1722433663105494,0.06747242044695098,0.20927578960858845,84.23569092657785,92.83653737990535,225.81296459886124
2024-11-14 10:33:00,226.35499572753906,226.56500244140625,226.33999633789062,226.55499267578125,123714,226.05941848754884,225.81272888183594,225.7320864868164,225.67782307942707,225.75114250183105,226.13726030967652,226.30197974508732,226.05616761236766,64.46124540628124,0.24581213271966362,0.18695711959237227,0.058855013127291356,0.21039938345909107,77.68856860206911,85.74647760638516,225.82239203656295
2024-11-14 10:34:00,226.55999755859375,226.78500366210938,226.55999755859375,226.75,135118,226.11461334228517,225.82972900390624,225.74373641967773,225.68322306315105,225.75489250183105,226.19561647065973,226.3709059381508,226.10756260404415,68.0016914789453,0.2633433341066507,0.20223436249522797,0.0611089716114227,0.21180021223545065,79.82482129905277,80.58302694256658,225.83557793948873
2024-11-14 10:35:00,226.76499938964844,226.84500122070312,226.7200927734375,226.77499389648438,94986,226.17386779785156,225.8460287475586,225.7563864135742,225.688523050944,225.75917350769043,226.25079527311922,226.43307331635597,226.15700195903972,68.4357211085234,0.27607135731625476,0.21700176145943334,0.05906959585682142,0.20559365759474882,89.47596336265569,82.3297844212592,225.84546777250443
2024-11-14 10:36:00,226.8000030517578,226.85000610351562,226.78500366210938,226.8350067138672,133620,226.2331184387207,225.86772888183594,225.77003646850585,225.6945337931315,225.76374855041504,226.30643445795235,226.4949092236654,226.2072245334714,69.50529674248975,0.28768469019399845,0.23113834720634638,0.05654634298765207,0.19626641112592746,95.66823483482055,88.32300649884301,225.85966331695664
2024-11-14 10:37:00,226.83990478515625,226.89999389648438,226.7949981689453,226.84500122070312,104784,226.28386840820312,225.885791015625,225.78293655395507,225.70070048014324,225.76884857177734,226.35772653059527,226.54876953090195,226.2544672510441,69.6895056745851,0.2943022798578454,0.2437711337366462,0.050531146121199216,0.18974707658400852,95.34246757724985,93.49555525824205,225.87077284327813
2024-11-14 10:38:00,226.84500122070312,226.8489990234375,226.5449981689453,226.67999267578125,111611,226.32586822509765,225.89919097900392,225.79433654785157,225.70630045572918,225.77229850769044,226.3884185444225,226.56895770703724,226.28598765287649,62.93057879697284,0.2829700541607565,0.25161091782146827,0.03135913633928822,0.19790806072030706,89.77901341787744,93.59657194331595,225.8804941101697
2024-11-14 10:39:00,226.6699981689453,226.6699981689453,226.57029724121094,226.60499572753906,65575,226.3771179199219,225.9098907470703,225.8054864501953,225.71093373616537,225.7753229522705,226.40904494281455,226.57450201788367,226.30961788062925,60.078564166094516,0.26488413725442683,0.25426556170806003,0.010618575546366804,0.1916071588524503,79.35556808810541,88.15901636107758,225.885572026527
2024-11-14 10:40:00,226.60499572753906,226.88999938964844,226.60499572753906,226.875,101297,226.4273681640625,225.92739074707032,225.81943649291992,225.71731638590495,225.77977691650392,226.45342161492746,226.6207324766708,226.35149803761965,66.04488912902451,0.26923443905116073,0.2572593371766802,0.011975101874480532,0.1982783376565164,80.26295113317548,83.13251087971945,225.89512748538561
2024-11-14 10:41:00,226.875,226.89999389648438,226.75999450683594,226.76499938964844,94580,226.47211837768555,225.94189086914062,225.83338455200195,225.7232830810547,225.78352691650392,226.48309568871042,226.6429273863597,226.38212776739954,61.98076621835214,0.26079961896016357,0.2579673935333769,0.002832225426786683,0.19411555565593935,82.14860578768116,80.58904166965402,225.9040478920396
2024-11-14 10:42:00,226.75999450683594,226.8350067138672,226.72500610351562,226.8300018310547,83227,226.51536865234374,225.95469085693358,225.84863464355467,225.73021647135417,225.7873268890381,226.51613436893368,226.67170807015893,226.4153036239666,63.4135071097753,0.2564044461923345,0.25765480406516844,-0.0012503578728339515,0.1881073452770553,88.9083254589268,83.77329412659448,225.91165525437307
2024-11-14 10:43:00,226.84500122070312,226.84500122070312,226.63999938964844,226.74000549316406,84828,226.5571189880371,225.97089111328125,225.86333465576172,225.7362497965495,225.79097694396972,226.5374554283842,226.6822153660059,226.43935561427753,60.03997644831064,0.2428597517283606,0.25469579359780686,-0.011836041869446257,0.18931409426117188,80.31087084362225,83.78926736341008,225.91880300927215
2024-11-14 10:44:00,226.74000549316406,226.918701171875,226.74000549316406,226.91000366210938,93048,226.6038688659668,225.9898910522461,225.8796336364746,225.74498311360676,225.79535194396973,226.57293621254848,226.71725971925258,226.47421843263547,63.942151825570384,0.24304128661711388,0.25236489220166824,-0.009323605584554362,0.1885556360075837,85.80965111896519,85.00961580717143,225.9275752350059
2024-11-14 10:45:00,226.91000366210938,226.9199981689453,226.80999755859375,226.9199981689453,50740,226.64536895751954,226.01009094238282,225.892000579834,225.75498311360678,225.7997519683838,226.60598973220533,226.74845024997455,226.5072391538436,64.16371918852501,0.2412110961309395,0.2501341329875225,-0.008923036856583022,0.18294456274643936,89.97586365302514,85.36546187187086,225.9324275522211
2024-11-14 10:46:00,226.9197998046875,226.9199981689453,226.72000122070312,226.74000549316406,48449,226.6811195373535,226.02709106445312,225.90300064086915,225.7641165161133,225.8032775115967,226.6187531380109,226.7471510566191,226.5244811049044,57.331280091633595,0.22266995171469262,0.24464129673295656,-0.02197134501826395,0.18416259028184997,89.15465041896705,88.31338839698581,225.93658084623465
2024-11-14 10:47:00,226.74249267578125,226.78500366210938,226.60000610351562,226.61590576171875,67849,226.70191497802733,226.0444091796875,225.91085968017578,225.77195587158204,225.80640701293945,226.6184819593164,226.72695947278828,226.53125330170548,53.13049204546631,0.1957061710828043,0.2348542716029261,-0.0391481005201218,0.18422223087555714,62.62518980508245,80.58523462569157,225.94148231245242
2024-11-14 10:48:00,226.61000061035156,226.625,226.46499633789062,226.52499389648438,67189,226.71161499023438,226.06010894775392,225.91800964355468,225.77945587158203,225.80918197631837,226.60957833428478,226.6958878456646,226.53078964205946,50.227062322276396,0.16509820360514027,0.22090305800336896,-0.05580485439822869,0.18249233310654414,33.68726432133049,61.82236818179334,225.9454224588675
2024-11-14 10:49:00,226.52999877929688,226.63999938964844,226.52000427246094,226.5850067138672,58883,226.7123649597168,226.0773791503906,225.92637268066406,225.78675587972006,225.81230697631835,226.6072381799593,226.67882921000347,226.53480572145264,52.08836335333345,0.14402348855082892,0.20552714411286097,-0.06150365556203205,0.17802824625518385,19.490238539666745,38.6008975553599,225.94908229274986
2024-11-14 10:50:00,226.5850067138672,226.75999450683594,226.57000732421875,226.74000549316406,65455,226.71511535644532,226.1010592651367,225.93587280273437,225.79562255859375,225.8156069946289,226.61988268597878,226.68824094587433,226.55000570454237,56.60233335549089,0.1382352413319552,0.19206876355667984,-0.05383352222472465,0.17888245599532698,33.334451188839324,28.837318016612198,225.9537898036885
2024-11-14 10:51:00,226.73500061035156,226.8800048828125,226.72999572753906,226.8730010986328,55734,226.72576522827148,226.12951934814453,225.94700286865233,225.80537587483724,225.81984703063964,226.64398920146965,226.71666558476025,226.57393128928982,60.07789349343075,0.14273429547043293,0.18220186993943047,-0.03946757446899754,0.1768200773723349,58.82938171411962,37.21802381420857,225.9584920420699
2024-11-14 10:52:00,226.8699951171875,226.8699951171875,226.7899932861328,226.8538055419922,46005,226.7508857727051,226.15899536132812,225.9584408569336,225.81427388509115,225.8241160583496,226.66397171009086,226.73776403971902,226.59466271541592,59.339226973077736,0.14310132430310318,0.17438176081216503,-0.03128043650906184,0.17011920131002525,78.52152430776796,56.89511907024231,225.96238088235253
2024-11-14 10:53:00,226.85000610351562,226.97999572753906,226.85000610351562,226.96499633789062,79131,226.77138595581056,226.1951953125,225.9702407836914,225.82357381184895,225.82889053344726,226.69264072226227,226.77272285482235,226.62209483559923,62.235690590585946,0.1506280192231202,0.16963101249435605,-0.019002993271235863,0.16725280293241188,90.73691242447546,76.02927281545436,225.9696976067768
2024-11-14 10:54:00,226.96499633789062,226.96499633789062,226.89999389648438,226.93499755859375,75826,226.78063583374023,226.2292953491211,225.98209075927736,225.83227376302082,225.83386550903322,226.7157223257224,226.79768819386413,226.6452728150803,60.973704820284624,0.15241537878384293,0.16618788575225343,-0.013772506968410508,0.1599492056805432,91.26740108683741,86.84194593969362,225.9766177901611
2024-11-14 10:55:00,226.93499755859375,227.02999877929688,226.75,226.75,189426,226.779386138916,226.25709533691406,225.99199081420898,225.83947377522787,225.83806549072267,226.7189868661298,226.79035154865426,226.65303038433362,53.73707928160655,0.1373211643206389,0.16041454146593054,-0.023093377145291638,0.16852417522456692,79.59762762837666,87.20064704656319,225.99189282077597
2024-11-14 10:56:00,226.74000549316406,226.8000030517578,226.65499877929688,226.74000549316406,63960,226.77463607788087,226.2894955444336,226.00119079589842,225.84660715738931,225.842373046875,226.72098864013304,226.78260600165578,226.65947298498773,53.368560976648844,0.12313301666804932,0.1529582365063543,-0.029825219838304967,0.16684418217002195,63.45978854383119,78.10827241968177,225.99626903169417
2024-11-14 10:57:00,226.74000549316406,226.7899932861328,226.72999572753906,226.74989318847656,39230,226.76988067626954,226.3195935058594,226.00998977661132,225.8540064493815,225.8468724822998,226.723741454261,226.77757326116665,226.66617077783877,53.70679759298842,0.11140248332787905,0.14464708587065925,-0.033244602542780194,0.15921228048600256,49.84696265888876,64.30145961036554,225.99901789476743
2024-11-14 10:58:00,226.7449951171875,226.8000030517578,226.67999267578125,226.7100067138672,73106,226.77138137817383,226.35119354248047,226.01933990478517,225.8609732055664,225.8506224822998,226.7224333837473,226.76717840773597,226.66941788421124,52.06616016830212,0.09776052352472675,0.13526977340147275,-0.037509249876746004,0.156412144449614,47.48748694681501,53.59807938317832,226.00390960439847
2024-11-14 10:59:00,226.7100067138672,226.72000122070312,226.52999877929688,226.52999877929688,74890,226.76763153076172,226.376767578125,226.0262878417969,225.86633982340496,225.85327247619628,226.70410627856154,226.73068923412995,226.6590905431065,45.33530051240578,0.07159869102346761,0.12253555692587173,-0.05093686590240412,0.158811451375088,35.09776385438046,44.144071153361416,226.00792274633127
2024-11-14 11:00:00,226.52000427246094,226.66000366210938,226.36000061035156,226.64999389648438,74747,226.75638122558593,226.40041748046875,226.03428771972656,225.87313975016275,225.85654747009278,226.69895271836373,226.71827456679986,226.65841671743078,49.97762899367514,0.059857849369080895,0.11000001541451357,-0.05014216604543267,0.1688965656881398,32.71732880472063,38.43419320197204,226.0116266106942
2024-11-14 11:01:00,226.6761932373047,226.7100067138672,226.60000610351562,226.69000244140625,51120,226.75263137817382,226.42701965332031,226.0423876953125,225.88153981526693,225.85992248535158,226.69810031103447,226.713925009047,226.66075640068823,51.45783416615332,0.05316860835876014,0.0986337340033629,-0.045465125644602755,0.16468971173552718,34.680548241112824,34.16521363340465,226.0146365239184
2024-11-14 11:02:00,226.68499755859375,226.71499633789062,226.52999877929688,226.58999633789062,57333,226.74063110351562,226.4498196411133,226.0528877258301,225.88993977864584,225.86222244262694,226.68780469454455,226.6948590596383,226.65551491455508,47.66134332692463,0.03934414508321993,0.0867758162193343,-0.04743167113611438,0.16614027222540026,42.2882172978964,36.56203144790996,226.01769748912596
2024-11-14 11:03:00,226.58999633789062,226.60000610351562,226.4499969482422,226.47500610351562,39371,226.7273811340332,226.46871978759765,226.06373779296874,225.898239847819,225.86417243957519,226.66753816206563,226.6610355279271,226.6421438915151,43.67156518559317,0.01889163641200753,0.07319898025786895,-0.05430734384586142,0.16498804958597438,33.58233315872979,36.85036623257968,226.01941884870303
2024-11-14 11:04:00,226.47500610351562,226.47999572753906,226.39129638671875,226.46499633789062,43412,226.70513076782225,226.48509765625,226.07418975830078,225.90600646972655,225.86609741210938,226.64824846452515,226.6308756525369,226.6290218505059,43.33152202445337,0.0018538020310074899,0.05892994461249666,-0.05707614258148917,0.1595388561027128,22.387969057216807,32.752839837947676,226.0210605214453
2024-11-14 11:05:00,226.46499633789062,226.52999877929688,226.38999938964844,226.48500061035156,46988,226.6833808898926,226.5029995727539,226.08633972167968,225.91477376302083,225.86832244873048,226.63270104984196,226.60843333835453,226.61835361049447,44.26551332012566,-0.009920272139936515,0.04515990126201003,-0.05508017340194654,0.15814317992740742,17.164286744555017,24.378196320167216,226.02291835896105
2024-11-14 11:06:00,226.47999572753906,226.7899932861328,226.4600067138672,226.75999450683594,68742,226.68438034057618,226.52519958496094,226.10503967285158,225.92557373046876,225.87162239074706,226.64482423622235,226.63175044119782,226.628845528742,55.19728576219185,0.002904912455818476,0.03670890350077172,-0.03380399104495324,0.17041770795156586,31.342853021779884,23.631702941183914,226.02682674602312
2024-11-14 11:07:00,226.75999450683594,226.85499572753906,226.67999267578125,226.85000610351562,71218,226.69608535766602,226.54559967041016,226.12724075317382,225.93677378336588,225.87549743652343,226.66436536644076,226.66532823540058,226.64522779354004,58.09460662200579,0.020100441860535057,0.03338721117272438,-0.013286769312189327,0.17074523250915494,50.49762007788835,33.00158661474109,226.03160375770906
2024-11-14 11:08:00,226.86000061035156,226.88999938964844,226.82000732421875,226.85000610351562,54789,226.71233596801758,226.56579986572265,226.1484408569336,225.94757385253905,225.87944747924806,226.68204543663836,226.69374021511058,226.66039655724194,58.094606622005784,0.033343657868641685,0.03337850051190785,-3.4842643266162765e-05,0.16354857771776446,68.6571469782201,50.16587335929612,226.03551631015972
2024-11-14 11:09:00,226.86000061035156,227.03500366210938,226.85000610351562,227.00999450683594,76933,226.73358535766602,226.59439971923828,226.17074081420898,225.95877380371093,225.8845474243164,226.71327868141907,226.74239472152985,226.6862927016563,63.023780913645574,0.056102019873549125,0.0379232043842361,0.01817881548931302,0.16508064778033488,80.85521764102249,66.66999489904366,226.04168931788465
2024-11-14 11:10:00,227.0,227.05999755859375,226.8101043701172,226.8101043701172,112994,226.73709030151366,226.6132019042969,226.1876419067383,225.96897450764973,225.88914794921874,226.7225001755808,226.75281159054327,226.6954639363571,54.41211104227847,0.05734765418617371,0.041808094344623625,0.015539559841550088,0.17113868640149402,77.91037408514961,75.80757956813075,226.0499169438586
2024-11-14 11:11:00,226.80999755859375,226.82000732421875,226.69000244140625,226.72500610351562,52563,226.7296905517578,226.63030212402344,226.20419189453125,225.9782745361328,225.89377296447753,226.72273883538412,226.74853382330826,226.6976522450355,51.20433748830347,0.05088157827276518,0.043622791130251935,0.007258787142513247,0.16820055757370872,70.91321445298244,76.55960205971819,226.05302650369052
2024-11-14 11:12:00,226.72500610351562,226.72500610351562,226.61000061035156,226.66090393066406,43167,226.7200454711914,226.6442202758789,226.2137008666992,225.98628051757814,225.89801696777343,226.71684979683937,226.735052301363,226.69493014767465,48.86731277442845,0.04012215368834404,0.042922663641870355,-0.002800509953526313,0.16440091011587685,53.143687556766565,67.32242536496621,226.05526773132104
2024-11-14 11:13:00,226.6699981689453,226.72999572753906,226.63499450683594,226.68499755859375,45408,226.70604553222657,226.65982025146485,226.2213508605957,225.9939158121745,225.90151695251464,226.7138162503398,226.7273515717062,226.69419440033533,49.79482401023778,0.03315717137087404,0.04096956518767109,-0.007812393816797054,0.15944378944353746,47.18619436875567,57.08103212616823,226.05767681367917
2024-11-14 11:14:00,226.6999969482422,226.8000030517578,226.6750030517578,226.67999267578125,47589,226.69329528808595,226.67391998291015,226.22875076293946,226.00131571451823,225.90459991455077,226.71059495752468,226.72006558771776,226.69314242073872,49.59358025111189,0.02692316697903152,0.03816028554594318,-0.01123711856691166,0.15698351876899905,44.232470734773905,48.18745088676538,226.06032200300055
2024-11-14 11:15:00,226.67999267578125,226.7899932861328,226.64999389648438,226.71499633789062,42446,226.69154510498046,226.68641998291017,226.2354006958008,226.0086823527018,225.90817489624024,226.71101413660716,226.71928570312895,226.69476122941663,51.0826179029961,0.024524473712318695,0.03543312317921829,-0.010908649466899595,0.15577036668895897,46.072725316286096,45.83046347327189,226.0626634970587
2024-11-14 11:16:00,226.7050018310547,226.7489013671875,226.6750030517578,226.74000549316406,38445,226.69154510498046,226.70072021484376,226.24070068359376,226.0159490966797,225.91212493896484,226.71377521818403,226.72247336313433,226.69811265636088,52.169775415662336,0.024360706773450147,0.033218639898064665,-0.008857933124614518,0.14992236302758244,48.009899261351116,46.10503177080371,226.06477950300854
2024-11-14 11:17:00,226.74000549316406,226.8000030517578,226.69000244140625,226.72000122070312,45703,226.6900505065918,226.71112030029298,226.2465007019043,226.0234824625651,225.91592491149902,226.7143681708049,226.72209303352952,226.69973403149734,51.189786852995624,0.022359002032175113,0.031046712324886757,-0.008687710292711644,0.1470708092650096,50.000379572904556,48.0276680501806,226.06733582784815
2024-11-14 11:18:00,226.72999572753906,226.75,226.57009887695312,226.57009887695312,40519,226.68305511474608,226.71590240478517,226.24790176391602,226.0296831258138,225.91947540283203,226.7006282380571,226.69870931713317,226.69013142745703,44.45137455208117,0.0085778896761326,0.026552947795135926,-0.017975058119003327,0.149415831678,42.79153096935328,46.93393660120299,226.06922760481646
2024-11-14 11:19:00,226.57000732421875,226.65130615234375,226.52130126953125,226.65130615234375,67927,226.68912048339843,226.71752838134765,226.24981475830077,226.03635854085286,225.92368194580078,226.6959308965606,226.69141652255018,226.68725548115233,48.41310435961631,0.00416104139785034,0.022074566515678812,-0.017913525117828472,0.14802933533046428,36.00615315045084,42.932687897569565,226.07224682586545
2024-11-14 11:21:00,226.8000030517578,226.85000610351562,226.6699981689453,226.69000244140625,138921,226.69112091064454,226.7176284790039,226.25331481933594,226.04335856119792,225.92793197631835,226.695366281784,226.691198971605,226.68745895968968,50.23447846711201,0.003740011915311925,0.018407655595605435,-0.01466764368029351,0.1516486650334222,30.026961634682294,36.274881918162144,226.07977575135516
2024-11-14 11:22:00,226.68499755859375,226.7100067138672,226.68499755859375,226.7100067138672,12005,226.69212112426757,226.71862854003905,226.25661483764648,226.05049194335936,225.93188247680663,226.69676060864907,226.69409247041455,226.68912916370283,51.19381883166058,0.0049633067117156315,0.015718785818827474,-0.010755479107111842,0.14260298576485186,32.743438624906595,32.92551780334658,226.08038413133264
2024-11-14 11:23:00,226.65499877929688,226.65499877929688,226.55999755859375,226.5615997314453,93849,226.69070129394532,226.72283264160157,226.26083084106446,226.05636861165365,225.93519050598144,226.68388814415349,226.6737089721116,226.67968253909117,44.361520270495596,-0.005973566979577072,0.011380315259146564,-0.017353882238723636,0.143131997872608,24.609109449354175,29.12650323631436,226.08426858176702
2024-11-14 11:24:00,226.63999938964844,226.6999969482422,226.59500122070312,226.69000244140625,55511,226.70145111083986,226.72553283691406,226.269130859375,226.0632352701823,225.93975051879883,226.68447045817754,226.6762156596954,226.68044697629972,50.51508377340279,-0.004231316604318636,0.008257988886453524,-0.01248930549077216,0.14279379922434135,24.609109449354175,27.320552507871653,226.08684903850693
2024-11-14 11:25:00,226.6199951171875,226.6342010498047,226.61000061035156,226.61000061035156,85546,226.70870132446288,226.7227328491211,226.27623092651368,226.07006856282553,225.94310050964356,226.67737809171794,226.66602872902712,226.67522872697023,47.02533808543889,-0.009199997943113658,0.0047663915205400885,-0.013966389463653747,0.13830865864079464,21.927266275344994,23.715161724684453,226.09048261268637
2024-11-14 11:26:00,226.6199951171875,226.64999389648438,226.57000732421875,226.64920043945312,34350,226.71691131591797,226.72021697998048,226.28312286376953,226.07766326904297,225.94644653320313,226.67469450578795,226.66343976140035,226.67330070567266,48.888539986093484,-0.00986094427230455,0.0018409243619711608,-0.01170186863427571,0.13414279532828255,32.403698769294095,26.313358164664425,226.09194137790638
2024-11-14 11:28:00,226.57000732421875,226.60499572753906,226.47000122070312,226.47999572753906,123299,226.70291137695312,226.7131167602539,226.29042282104493,226.0843965657552,225.9491795349121,226.65615176500233,226.63521760234477,226.6589818184035,42.01869078574939,-0.02376421605873702,-0.0032801037221704753,-0.020484112336566544,0.13736111128697664,22.84154373168667,25.72416959210859,226.0960927064856
2024-11-14 11:29:00,226.47000122070312,226.48500061035156,226.4199981689453,226.4199981689453,8079,226.6814109802246,226.70461669921875,226.29520385742188,226.09016326904296,225.9516795349121,226.63366094633025,226.6021069202833,226.64127932585106,39.87881675002093,-0.039172405567768465,-0.010458564091290073,-0.028713841476478392,0.13219263486692476,13.846711930244526,23.030651477075107,226.09631302013992
2024-11-14 11:30:00,226.5800018310547,226.67999267578125,226.5800018310547,226.6750030517578,80018,226.67266082763672,226.7045169067383,226.3018539428711,226.0977300008138,225.95585456848144,226.63759828970433,226.61332170974092,226.64377737962192,51.243934627433916,-0.030455669881007452,-0.01445798524923355,-0.015997684631773902,0.14132134000756855,20.644155475101574,19.110803712344264,226.09975590177407
2024-11-14 11:31:00,226.6300048828125,226.63999938964844,226.5601043701172,226.63999938964844,43624,226.65416107177734,226.70521697998046,226.30755386352538,226.10539662679037,225.95950454711914,226.63782696588947,226.61742596818823,226.6434975285128,49.850877575339254,-0.026071560324567145,-0.01678070026430027,-0.009290860060266873,0.13943400726707258,36.821499118791614,23.770788841379243,226.10150690824867
2024-11-14 11:32:00,226.63999938964844,226.69869995117188,226.6125946044922,226.66000366210938,28142,226.64665603637695,226.70091705322267,226.3141539001465,226.11326334635416,225.96321655273437,226.63993903219614,226.62397638263764,226.6447202050755,50.676112678052995,-0.020743822437850667,-0.01757332469901035,-0.0031704977388403166,0.13562481722511652,55.4262328046083,37.63062913283384,226.1027261350566
2024-11-14 11:36:00,226.52999877929688,226.58999633789062,226.50999450683594,226.52000427246094,156050,226.63640594482422,226.6960171508789,226.31895401000978,226.12092875162762,225.96646659851075,226.62851667412613,226.6079806733797,226.6354819878448,45.084584799092355,-0.027501314465098403,-0.019558922652227962,-0.007942391812870441,0.13665226994285373,43.411045266905596,45.21959239676851,226.10798311152845
2024-11-14 11:37:00,226.52000427246094,226.58999633789062,226.50999450683594,226.58009338378906,26585,226.63236541748046,226.69101898193358,226.32285491943358,226.12942942301433,225.97041709899904,226.62390493218925,226.603690321135,226.63137912828512,47.74943332796047,-0.02768880715012756,-0.021184899551807884,-0.006503907598319675,0.13260581002227045,38.767254533196116,45.86817753490334,226.10890706494436
2024-11-14 11:38:00,226.58999633789062,226.74000549316406,226.57000732421875,226.69500732421875,56954,226.63286590576172,226.6901190185547,226.33050506591798,226.1389294433594,225.9747171020508,226.630676588573,226.6177390908402,226.63609232798393,52.49689904334909,-0.018353237143742263,-0.02061856707019476,0.002265329926452498,0.13527669280248777,41.48066664301006,41.21965548103726,226.11134603535686
2024-11-14 11:39:00,226.69500732421875,226.8300018310547,226.67999267578125,226.7949981689453,53854,226.63861618041992,226.6878189086914,226.33885498046874,226.14902872721353,225.98069206237793,226.64632626289418,226.64500971824097,226.6478631310181,56.224062913130545,-0.002853412777142239,-0.01706553621158426,0.01421212343444202,0.13632901155041277,64.21593113060798,48.154617435604735,226.11404328345128
2024-11-14 11:40:00,226.80499267578125,226.8800048828125,226.80499267578125,226.875,35444,226.6466163635254,226.6869189453125,226.34850494384764,226.15697336832682,225.9879670715332,226.66810471404713,226.6803928385116,226.664688084276,58.996142024903904,0.015704754235599694,-0.01051147812214747,0.026216232357747164,0.13266313314446812,84.77634431885163,63.4909806974899,226.1160354827645
2024-11-14 11:41:00,226.87989807128906,226.94000244140625,226.87010192871094,226.91009521484375,38167,226.65512084960938,226.69032073974608,226.35870590209962,226.16544067382813,225.9956675720215,226.69115142840872,226.71573166563962,226.682866390244,60.18718043163213,0.03286527539563622,-0.0018361274185907332,0.03470140281422695,0.12818008882667128,94.87441770023128,81.28889771656364,226.11832327078955
2024-11-14 11:42:00,226.91009521484375,226.9998016357422,226.91009521484375,226.98500061035156,29610,226.6683708190918,226.69770263671876,226.37105590820312,226.1731406656901,226.00339256286622,226.71913706478423,226.75715765713375,226.70524670284453,62.678933333796735,0.05191095428921244,0.008913288922969902,0.04299766536624254,0.1254319696889403,96.86929649101688,92.17335283669995,226.12021946148502
2024-11-14 11:43:00,226.97999572753906,227.0800018310547,226.9600067138672,226.9600067138672,107473,226.6878662109375,226.7064028930664,226.38325592041016,226.18080739339192,226.01119262695312,226.74207703136355,226.7883652043235,226.72411781477214,61.3002956203992,0.06424738955135467,0.019980109048646857,0.04426728050270781,0.12504362308169456,91.1716380380434,94.30511740976385,226.12731366416466
2024-11-14 11:44:00,226.97000122070312,226.97740173339844,226.82000732421875,226.8699951171875,48302,226.69880065917968,226.7121026611328,226.39474090576172,226.18828267415364,226.01809257507324,226.75425970620392,226.80092365245642,226.734923540877,56.48205761213954,0.06600011157942731,0.02918410955480295,0.03681600202462436,0.1273543935172655,82.4824113549836,90.17444862801464,226.13006456156637
2024-11-14 11:45:00,226.87879943847656,226.96949768066406,226.8000946044922,226.91000366210938,52301,226.70980072021484,226.7155026245117,226.4082809448242,226.19574940999348,226.02559257507323,226.7690924639092,226.81770519240303,226.74789243874608,58.06000678719,0.06981275365694728,0.037309838375231816,0.032502915281715464,0.13035787084973763,74.74761486413588,82.80055475238764,226.1330367231124
2024-11-14 11:46:00,226.89999389648438,226.93099975585938,226.7716064453125,226.7716064453125,26363,226.7128807067871,226.7134747314453,226.42149703979493,226.20249348958333,226.03240058898925,226.7693318907095,226.81061307746603,226.74964903182507,51.150685344280376,0.06096404564095792,0.04204067982837704,0.018923365812580882,0.1324318308281046,62.77335454729289,73.3344602554708,226.13439198409054
2024-11-14 11:47:00,226.77999877929688,226.8300018310547,226.75,226.80999755859375,31116,226.72530059814454,226.71259857177733,226.43579696655274,226.20982676188152,226.03885505676269,226.7732048114604,226.81051838225488,226.75411929306722,52.82768710750396,0.05639908918766423,0.04491236170023448,0.011486727487429751,0.1286868308442891,57.590174738497865,65.03704804997555,226.13592000190982
2024-11-14 11:48:00,226.81300354003906,226.9149932861328,226.81300354003906,226.84500122070312,30364,226.73305053710936,226.7101986694336,226.45269699096679,226.21689341227213,226.04523002624512,226.7800425647216,226.81582343432385,226.7608512877069,54.36595327080875,0.05497214661693306,0.046924318683574204,0.008047827933358856,0.12699460917963007,52.43334404111789,57.59895777563622,226.13754133897922
2024-11-14 11:49:00,226.84500122070312,226.87100219726562,226.8300018310547,226.84500122070312,36934,226.74480056762695,226.70839874267577,226.46884704589843,226.22419342041016,226.05130500793456,226.78622910338652,226.82031232453605,226.767084616077,54.365953270808745,0.05322770845904756,0.04818499663866888,0.00504271182037868,0.1208521632532949,56.725381018667235,55.58296659942767,226.13947918120618
2024-11-14 11:50:00,226.85000610351562,227.0050048828125,226.85000610351562,226.9499969482422,60927,226.7598403930664,226.71239868164062,226.48474700927736,226.23212677001953,226.05770500183107,226.8018260409918,226.84026380510622,226.78063367771887,59.01531589140617,0.05963012738735074,0.05047402278840526,0.009156104598945482,0.12364869888587204,64.91237462968911,58.02369989649142,226.14303926116114
2024-11-14 11:51:00,226.9949951171875,227.0,226.94000244140625,226.95010375976562,31245,226.78334579467773,226.71660064697267,226.50304809570312,226.2396607462565,226.06410552978517,226.81594772849408,226.8571622596692,226.79318701712972,59.01989002370871,0.0639752425394704,0.05317426673861829,0.010800975800852111,0.1191021888650062,70.16476233060916,63.93417265965518,226.14491758407283
2024-11-14 11:52:00,226.9600067138672,226.99000549316406,226.89999389648438,226.9199981689453,39124,226.80834579467773,226.72000274658203,226.5197981262207,226.24666076660156,226.07050552368165,226.82585729425134,226.86682932263474,226.80258043578274,57.086005604778975,0.06424888685199903,0.05538919076129444,0.00885969609070459,0.11702428942319774,70.57397816385327,68.55037170805052,226.14718112522908
2024-11-14 11:53:00,226.9199981689453,226.9398956298828,226.8699951171875,226.875,31267,226.81834564208984,226.72330261230468,226.53724807739258,226.253994140625,226.07655555725097,226.8305375519417,226.8680863499217,226.80794484794697,54.22596763004369,0.06014150197472645,0.05633965300398085,0.0038018489707456055,0.11365830537120596,57.469364435608014,66.06936831002349,226.14888574834546
2024-11-14 11:54:00,226.8699951171875,226.94000244140625,226.82009887695312,226.83999633789062,43960,226.82834548950194,226.72950256347656,226.55313507080078,226.26069274902343,226.08213050842286,226.83143838869873,226.86376480960922,226.81031903238724,52.04174299134225,0.05344577722198096,0.055760877847580874,-0.0023151006255999126,0.11410439530562877,41.71668130885775,56.58667463610635,226.15117897245113
2024-11-14 11:55:00,226.86000061035156,226.86000061035156,226.72000122070312,226.72500610351562,40142,226.83159561157225,226.7310028076172,226.56571014404298,226.26652608235676,226.08760551452636,226.82130198058607,226.84241731636405,226.80399955617452,45.55066440774447,0.03841776018953169,0.052292254315971044,-0.013874494126439353,0.11595403775868655,22.18009559840691,40.455380447624236,226.15297414736963
2024-11-14 11:56:00,226.72000122070312,226.72999572753906,226.61000061035156,226.61990356445312,40289,226.8365905761719,226.7296008300781,226.57831024169923,226.27145874023438,226.09355506896972,226.8021211790496,226.8081844314547,226.790362816047,40.56979884757897,0.017821615407683566,0.045398126534313556,-0.02757651112662999,0.11624268628931611,10.256238376664491,24.717671761309727,226.1544305634292
2024-11-14 11:57:00,226.61000061035156,226.6999053955078,226.59500122070312,226.69009399414062,34893,226.84209060668945,226.73160278320313,226.5907112121582,226.27912607828776,226.10035552978516,226.791451923344,226.7900166718679,226.7829354959058,44.902801892971425,0.007081175962099451,0.03773473641987073,-0.030653560457771283,0.11543279261184265,8.896800373860616,13.777711449644016,226.15570612430417
2024-11-14 11:58:00,226.69500732421875,226.74000549316406,226.6699981689453,226.67880249023438,43091,226.84128036499024,226.7356787109375,226.60219924926758,226.28771809895832,226.10759956359863,226.780723405905,226.77290679777045,226.77522193993013,44.34270578395116,-0.0023151421596878663,0.029724760703959015,-0.032039902863646885,0.11218811629805032,15.246436574325102,11.466491774950079,226.15737967346558
2024-11-14 11:59:00,226.67999267578125,226.75999450683594,226.67999267578125,226.74009704589844,30568,226.8385353088379,226.74118072509765,226.61313919067382,226.2965200805664,226.11480003356934,226.77685422876152,226.7678591436363,226.77262009592778,48.12537917849272,-0.004760952291491094,0.022827618104868996,-0.02758857039636009,0.10997410917687261,26.340404416325512,16.827880454837086,226.15862726627378
2024-11-14 12:00:00,226.75,226.75999450683594,226.6300048828125,226.6699981689453,33365,226.82828521728516,226.74488067626953,226.6239401245117,226.30585337320963,226.12230049133302,226.76667746116,226.75280360906842,226.76501847170684,44.40819784759619,-0.01221486263841598,0.015819121956212,-0.02803398459462798,0.11140378880877012,24.706612082868123,22.09781769117292,226.15988727164347
2024-11-14 12:01:00,226.66000366210938,226.6649932861328,226.51220703125,226.55999755859375,31553,226.81078033447267,226.74088073730468,226.6330401611328,226.31698669433592,226.12940048217774,226.7469936609156,226.72314113976464,226.74983173740216,39.28088763387631,-0.02669059763752557,0.007317178037464487,-0.034007775674990054,0.11471717087209458,21.12616005706057,24.05772551875141,226.16083106415834
2024-11-14 12:02:00,226.57000732421875,226.6898956298828,226.5500946044922,226.6199951171875,35127,226.79253005981445,226.73628051757814,226.64094009399415,226.33025400797527,226.13665046691895,226.73489856151292,226.7072725209066,226.74021420997886,43.137246965621394,-0.032941689072259805,-0.0007345953844803714,-0.03220709368777944,0.11650887476627535,16.62074944586664,20.817840528598452,226.16197910779957
2024-11-14 12:03:00,226.6300048828125,226.85000610351562,226.6300048828125,226.85000610351562,38251,226.7870300292969,226.73628051757814,226.6510401916504,226.34438741048177,226.14475051879882,226.7458611845608,226.7292315336157,226.74834694283345,54.94990165336396,-0.019115409217761226,-0.004410758151136542,-0.014704651066624684,0.12461616844926461,33.372553876641064,23.706487793189435,226.16364815981353
2024-11-14 12:04:00,226.86599731445312,226.8800048828125,226.80999755859375,226.8300018310547,33204,226.78503036499023,226.7326806640625,226.66354019165038,226.3580540974935,226.15225051879884,226.75387457946496,226.74473465629862,226.75439545307205,53.90114084948765,-0.009660796773431457,-0.005460765875595526,-0.004200030897835931,0.12071553671851358,51.85646358727647,33.949922303261395,226.16523857384627
2024-11-14 12:05:00,226.82009887695312,226.88999938964844,226.8123016357422,226.83099365234375,26506,226.78107986450195,226.73309844970703,226.67315017700196,226.36946075439454,226.16000549316405,226.76121925307245,226.7580052710748,226.76006939375884,53.94807108160776,-0.0020641226840325544,-0.0047814372372829315,0.002717314553250377,0.11764283794620906,66.80553524238843,50.67818423543533,226.1665111070801
2024-11-14 12:06:00,226.83999633789062,226.88999938964844,226.80999755859375,226.82000732421875,23012,226.78349990844725,226.73499847412108,226.68265029907226,226.3811274210612,226.1674555206299,226.76681811699115,226.76754404848157,226.76450924045957,53.3007795745085,0.00303480802199374,-0.003218188185427597,0.006252996207421337,0.11495419459681468,67.93992225714219,62.20064036226904,226.16760484082377
2024-11-14 12:07:00,226.83999633789062,226.8699951171875,226.8000030517578,226.80999755859375,21845,226.78349990844725,226.73798034667968,226.69110031127929,226.38846069335938,226.17420547485352,226.77093044476283,226.7740753577296,226.76787874550655,52.680581273239625,0.006196612223050124,-0.001335228103732053,0.007531840326782177,0.1117426139420199,69.42691434386914,68.05745728113327,226.16861929901896
2024-11-14 12:08:00,226.80999755859375,226.91000366210938,226.80999755859375,226.90499877929688,20014,226.78649978637696,226.74238037109376,226.7011003112793,226.39502736409506,226.1810319519043,226.7836988575756,226.7942174225861,226.77803578504657,57.71007102365943,0.016181637539517624,0.0021681450249178827,0.01401349251459974,0.11090429176870599,80.10089973457144,72.48924544519427,226.16961405734565
2024-11-14 12:09:00,226.90499877929688,227.02000427246094,226.88999938964844,226.9600067138672,61516,226.79225006103516,226.74798065185547,226.7109503173828,226.40182739257813,226.18798194885255,226.80049008198432,226.81972346739855,226.79151511310735,60.33871712384545,0.028208354291194837,0.0073761868781732735,0.020832167413021564,0.11226861970040558,85.51236359372507,78.34672589072188,226.1730061121037
2024-11-14 12:10:00,226.9600067138672,227.0500030517578,226.9499969482422,226.98500061035156,48818,226.79400024414062,226.7533807373047,226.71990036010743,226.4080607096354,226.19485694885253,226.8180625132574,226.84515072016055,226.80584737216248,61.50941017963441,0.03930334799807156,0.013761619102152931,0.025541728895918627,0.11139272568720698,91.6132563902736,85.74217323952338,226.17580789798268
2024-11-14 12:11:00,226.97000122070312,226.97000122070312,226.8800048828125,226.94000244140625,29140,226.79349517822266,226.75738067626952,226.72905044555665,226.41292734781902,226.20130699157716,226.82967583974778,226.85974329265989,226.81578478469905,58.179795095057585,0.04395850796083778,0.0198009968738899,0.02415751108694788,0.11093579724805382,85.21465173365227,87.44675723921699,226.17733925594038
2024-11-14 12:12:00,226.94000244140625,226.9600067138672,226.89999389648438,226.9001007080078,21239,226.7925003051758,226.76098266601562,226.73605148315428,226.4179946899414,226.20785751342774,226.83638297005825,226.86595212579033,226.82203040864783,55.320116917845816,0.04392171714249571,0.02462514092761106,0.019296576214884648,0.10729844154339374,79.86191894831417,85.56327569074669,226.17843675862056
2024-11-14 12:13:00,226.91000366210938,226.96009826660156,226.91000366210938,226.94119262695312,20746,226.79580993652343,226.76840454101563,226.74215347290038,226.4214026896159,226.21436347961426,226.84636484214346,226.87752758750767,226.83085723963342,57.629812296447525,0.0466703478742545,0.02903418231693975,0.017636165557314752,0.10391980704699061,77.14664018536907,80.74107028911185,226.1795302547804
2024-11-14 12:14:00,226.94000244140625,226.9499969482422,226.8249969482422,226.84500122070312,43804,226.79606018066406,226.7722784423828,226.74490341186524,226.42396931966147,226.22033851623536,226.84623497343486,226.8725235310762,226.83190494193488,50.985447787773694,0.04061858914133154,0.031351063681818114,0.009267525459513426,0.10542553511506272,71.25833451553412,76.08896454973912,226.18163531326462
2024-11-14 12:15:00,226.85989379882812,226.86500549316406,226.75230407714844,226.7899932861328,38386,226.79930953979493,226.77427825927734,226.74595336914064,226.4269692993164,226.22608848571778,226.84087862226323,226.8598265703157,226.82880037483844,47.605302834570296,0.031026195477267038,0.031286090040907905,-0.0002598945636408667,0.10594524089367434,63.212328021251466,70.5391009073849,226.1832815256479
2024-11-14 12:16:00,226.74110412597656,226.74110412597656,226.67999267578125,226.67999267578125,23772,226.80231399536132,226.77367797851562,226.74615325927735,226.42896921793619,226.23128845214845,226.8255561511697,226.8321598173104,226.81777758231567,41.65773768849219,0.014382234994741339,0.027905319031674595,-0.013523084036933256,0.10623491014066636,40.59051617839565,58.353726238393754,226.18412928820945
2024-11-14 12:17:00,226.75,226.80499267578125,226.72000122070312,226.79010009765625,60514,226.80731430053712,226.77824798583984,226.7505403137207,226.43330322265626,226.2368384552002,226.82217938416844,226.82568909120977,226.81572739826683,48.58244580832442,0.009961692942937361,0.024316593813927152,-0.014354900870989791,0.10757527370204734,29.882786269370246,44.5618768230058,226.1865713415422
2024-11-14 12:18:00,226.7899932861328,226.86500549316406,226.76499938964844,226.86500549316406,28458,226.8166244506836,226.781748046875,226.75364044189453,226.44000325520832,226.24286346435548,226.82625806121564,226.8317377684335,226.81937762751846,52.695826077354326,0.012360140915035345,0.02192530323414879,-0.009565162319113446,0.10703461868873147,30.553965819877618,33.67575608921452,226.18782975456313
2024-11-14 12:19:00,226.86500549316406,226.8800048828125,226.75950622558594,226.77999877929688,34270,226.81861953735353,226.78514801025392,226.7539404296875,226.44586995442708,226.24883842468262,226.8218524153186,226.82377792395096,226.81646067579834,48.002545446719196,0.00731724815261714,0.019003692217842462,-0.011686444065225322,0.107996335727148,35.59596959324782,32.01090722749857,226.18927969190776
2024-11-14 12:20:00,226.77000427246094,226.80999755859375,226.74000549316406,226.75999450683594,25103,226.82311935424804,226.78736389160156,226.75379043579102,226.4512032063802,226.2550884246826,226.8159611859393,226.81396509054866,226.81227799661596,46.942986223938846,0.001687093932702055,0.015540372560814381,-0.013853278628112326,0.1052817449916151,32.88383026104169,33.01125522472238,226.1902749155791
2024-11-14 12:21:00,226.77000427246094,226.86500549316406,226.75,226.86500549316406,32239,226.83836975097657,226.79506408691407,226.754090423584,226.45863657633464,226.26206344604492,226.82063207234168,226.8218174601818,226.81618373710103,52.82913781797978,0.00563372308076282,0.01355904266480407,-0.00792531958404125,0.10597629843250421,32.88383026104169,33.78787670511041,226.19167251418492
2024-11-14 12:22:00,226.8800048828125,226.99000549316406,226.8699951171875,226.99000549316406,33188,226.85687026977538,226.80646423339843,226.7555404663086,226.4656239827474,226.26923851013183,226.83676287432476,226.84769254217906,226.82905942273533,58.702329246787166,0.01863311944373436,0.014573858020590127,0.004059261423144231,0.1073351342587539,51.802823484129924,39.19016133540444,226.19338304999732
2024-11-14 12:23:00,226.98500061035156,227.02000427246094,226.97999572753906,227.0045928955078,48623,226.864599609375,226.81305603027343,226.75878646850586,226.47225463867187,226.2765615081787,226.852746685866,226.87183105807577,226.84206190219996,59.33859039410136,0.029769155875811748,0.017612917591634452,0.012156238284177296,0.10252609216326257,73.83809641634706,52.841583387172896,226.1960449570014
2024-11-14 12:24:00,227.00379943847656,227.0449981689453,226.97000122070312,226.97000122070312,58080,226.87159957885743,226.81965606689454,226.7624365234375,226.47825459798176,226.2839614868164,226.86391378442192,226.88693416001846,226.85153888875575,57.09230100909596,0.03539527126270059,0.02116938832584768,0.01422588293685291,0.10055972474032865,83.65514247513151,69.76535412520285,226.19917610765023
2024-11-14 12:25:00,226.97999572753906,227.07000732421875,226.9499969482422,227.01010131835938,51797,226.88055496215821,226.82665802001952,226.7637875366211,226.48498860677083,226.29161201477052,226.87783640670168,226.90588295360936,226.8632842539116,59.02858036822098,0.042598699697776965,0.02545525060023354,0.017143449097543426,0.10194905697148822,83.94019722562669,80.47781203903509,226.20200026989565
2024-11-14 12:26:00,227.01010131835938,227.0399932861328,226.9499969482422,227.02999877929688,36111,226.89105453491212,226.83685791015625,226.76643753051758,226.49158864339194,226.29991104125978,226.89232806123454,226.92497769602284,226.8756334780142,59.99330285806414,0.04934421800862765,0.030233044081912366,0.019111173926715283,0.10109529132285515,84.61168225080657,84.06900731718827,226.2039493953275
2024-11-14 12:27:00,227.02000427246094,227.04989624023438,226.8300018310547,226.889892578125,34607,226.89504928588866,226.84305389404298,226.76703643798828,226.4962545776367,226.3078355407715,226.8920961104622,226.91957998557703,226.87668970765205,50.90422895301111,0.042890277924982456,0.032764490850526386,0.01012578707445607,0.1095809425983432,76.06677099634845,81.53955015759391,226.20561534523853
2024-11-14 12:28:00,226.89999389648438,226.99000549316406,226.86500549316406,226.98500061035156,31599,226.8990493774414,226.84885375976563,226.76948638916016,226.5032879638672,226.31641052246093,226.9009441580707,226.9296446970808,226.88471273748164,55.79961998270231,0.04493195959915397,0.035197984600251905,0.009733974998902065,0.11068230384131869,73.92149191444965,78.1999817205349,226.20717916187692
2024-11-14 12:29:00,226.99000549316406,227.02999877929688,226.99000549316406,227.0,67959,226.90104904174805,226.8529537963867,226.77038635253905,226.5102212524414,226.32500999450684,226.91037804777827,226.9404685898376,226.89325253470523,56.535686731428164,0.04721605513236682,0.03760159870667489,0.009614456425691927,0.1059905799201754,71.35758998435053,73.78195096504955,226.2107912206005
2024-11-14 12:30:00,227.00999450683594,227.0800018310547,226.99000549316406,227.07989501953125,44174,226.90579376220703,226.85705169677735,226.77198532104492,226.51802052815756,226.33199295043946,226.92652252127854,226.96191880979046,226.9070779039516,60.32562465910666,0.05484090583885859,0.041049460133111636,0.013791445705746953,0.1048481340609218,86.74154459401844,77.34020883093955,226.21324842756056
2024-11-14 12:31:00,227.0850067138672,227.13999938964844,226.8699951171875,226.88299560546875,103486,226.90294342041017,226.85650970458985,226.77341522216796,226.52464050292969,226.33820793151855,226.92237710072524,226.94977677835635,226.9052940299899,48.9885022358834,0.04448274836644828,0.04173611777977897,0.0027466305866693103,0.11664500108949438,72.58949399280938,76.89620952372613,226.21836550064467
2024-11-14 12:32:00,226.8800048828125,226.92999267578125,226.83340454101562,226.86000061035156,57980,226.90093841552735,226.85400970458986,226.7758561706543,226.5320405069987,226.34335792541503,226.9164364825944,226.9359650602018,226.90193896186855,47.85734445681267,0.03402609833324277,0.040194113890471735,-0.006168015557228963,0.11521236778064659,55.23921359335733,71.52341739339506,226.2208603645018
2024-11-14 12:33:00,226.85000610351562,227.05999755859375,226.77000427246094,227.04010009765625,44408,226.9058837890625,226.85561157226562,226.781007232666,226.54070780436197,226.34950843811035,226.92821396974315,226.95198583519476,226.91217312007507,56.35710047073017,0.03981271511969453,0.0401178341363163,-0.000305119016621766,0.12769671909151561,46.9240355026576,58.250914362941444,226.222997244114
2024-11-14 12:34:00,227.0399932861328,227.13330078125,227.0050048828125,227.11000061035156,60235,226.91913375854492,226.8604116821289,226.78625717163087,226.5499644978841,226.35631492614746,226.9455269831344,226.9762958006035,226.9268270082437,59.141000347439046,0.049468792359817826,0.041988025781016604,0.007480766578801222,0.1277395176162288,65.77734207665317,55.98019705755604,226.2263705826896
2024-11-14 12:35:00,227.11000061035156,227.1999969482422,227.07000732421875,227.1999969482422,58165,226.93963394165038,226.86621154785155,226.79085708618163,226.56092447916666,226.363364944458,226.96976221790658,227.0107113617787,226.94706181861397,62.46109717911982,0.06364954316472904,0.0463203292577591,0.01732921390696994,0.127900239502458,89.11092972701812,67.27076910210964,226.2298818895163
2024-11-14 12:36:00,227.1999969482422,227.30999755859375,227.19839477539062,227.3000030517578,98758,226.97063446044922,226.87677947998046,226.79512710571288,226.5732578531901,226.37106498718262,227.0012137258924,227.05521777562163,226.97320561366166,65.78791427353077,0.08201216195996608,0.0534586957982005,0.02855346616176558,0.12673613548107707,96.81904521978338,83.90243900781823,226.23650165973382
2024-11-14 12:37:00,227.2899932861328,227.5500030517578,227.2899932861328,227.5,134229,227.0061294555664,226.8905795288086,226.80158905029296,226.58739115397137,226.38001495361328,227.0487171805693,227.12364581014137,227.0122274200571,71.27125835553898,0.11141839008428178,0.06505063465541676,0.04636775542886502,0.1362556804913573,97.24616156497162,94.3920455039244,226.24688553114888
2024-11-14 12:38:00,227.49000549316406,227.49000549316406,227.3800048828125,227.4600067138672,79657,227.03587951660157,226.90287963867186,226.80653915405273,226.60275787353515,226.38838996887208,227.08788761231193,227.17539364148382,227.04539625663563,68.89336829933761,0.12999738484819545,0.0780399846939725,0.051957400154222955,0.13509421168393893,93.40015820020774,95.82178832832092,226.25294706767008
2024-11-14 12:39:00,227.4550018310547,227.66879272460938,227.4550018310547,227.58999633789062,77404,227.07637939453124,226.91777954101562,226.8130891418457,226.6184912109375,226.39758995056152,227.13570749093847,227.23917867170024,227.08573700339525,72.14624348550608,0.15344166830499262,0.09312032141617652,0.0603213468888161,0.14071540324613527,91.09479212302959,93.91370396273634,226.25940529457662
2024-11-14 12:40:00,227.60000610351562,227.6199951171875,227.55999755859375,227.57000732421875,54864,227.11688003540038,226.93017974853515,226.8212892150879,226.63322458902994,226.40664001464845,227.1770693798223,227.2900753874723,227.1216088790118,70.91812847582192,0.16846650846051148,0.1081895588250435,0.06027694963546798,0.13494984291382206,89.56802761271888,91.35432597865208,226.26398646706954
2024-11-14 12:41:00,227.5738983154297,227.5749969482422,227.49000549316406,227.50990295410156,49182,227.14912490844728,226.94137573242188,226.82898818969727,226.64915730794272,226.41508949279785,227.20876781546795,227.32389501310757,227.15037140309252,67.21320461793665,0.173523610015053,0.1212563690630454,0.052267240952007604,0.13138138663984372,87.5212920677498,89.39470393449945,226.2678858402995
2024-11-14 12:42:00,227.50999450683594,227.60000610351562,227.49000549316406,227.5850067138672,49873,227.17887496948242,226.95467590332032,226.83733932495116,226.6647573852539,226.42366455078124,227.244600091506,227.36406604399366,227.18256661129806,69.36675639300444,0.18149943269560254,0.13330498178955683,0.04819445090604571,0.12985418833353793,87.33624207029635,88.14185391692168,226.27191976603982
2024-11-14 12:43:00,227.58999633789062,227.58999633789062,227.41000366210938,227.4499969482422,67523,227.20114517211914,226.96617584228517,226.84473922729492,226.68022399902344,226.43203956604003,227.26416169690944,227.37728618310882,227.2023762658865,61.541275614684196,0.17490991722232252,0.14162596887610998,0.03328394834621254,0.1334355088655174,82.88542179515474,85.91431864440032,226.2770251645312
2024-11-14 12:44:00,227.4600067138672,227.7100067138672,227.4499969482422,227.6999969482422,90967,227.2376449584961,226.98337585449218,226.85643920898437,226.6965486653646,226.4413635253906,227.30566981608396,227.42693399312935,227.2392370571721,68.60428161691695,0.18769693595726267,0.1508401622923405,0.036856773664922154,0.14247652720548046,88.42320539895518,86.21495642146876,226.2846070785665
2024-11-14 12:45:00,227.6999969482422,227.7949981689453,227.6999969482422,227.74000549316406,114810,227.27414016723634,227.00367584228516,226.86733932495116,226.7116987101237,226.45081352233888,227.347035118663,227.47509883928853,227.27633101539374,69.56751074848806,0.19876782389479786,0.160425694612832,0.03834212928196587,0.13908543388388364,89.7421836611867,87.01693695176554,226.2949392834167
2024-11-14 12:46:00,227.74000549316406,227.77999877929688,227.67999267578125,227.75,65410,227.31014022827148,227.0262777709961,226.87793930053712,226.72763275146485,226.4601634979248,227.38541272640936,227.51739132555184,227.31141760684608,69.81663734892055,0.20597371870576353,0.1695352994314183,0.03643841927434524,0.13629405314329374,96.3932905431559,91.51955986776595,226.30072720886577
2024-11-14 12:47:00,227.75,227.75,227.41000366210938,227.5,62748,227.34064559936525,227.04247589111327,226.8870393371582,226.74129943847657,226.46996353149413,227.39632580008464,227.5147157370054,227.32538667300562,57.2024190562667,0.18932906399976446,0.17349405234508752,0.015835011654676934,0.15084421633953168,84.30095994073208,90.14547804835824,226.3055327465633
2024-11-14 12:48:00,227.5,227.56689453125,227.42999267578125,227.47500610351562,44067,227.36514587402343,227.05839996337892,226.8970393371582,226.75426615397134,226.48038856506346,227.40381916231615,227.50860656262233,227.33646959378416,56.11090993862661,0.1721369688381742,0.17322263564370488,-0.0010856668055306828,0.14984833342019016,71.37688563137769,84.02371203842192,226.30871713835867
2024-11-14 12:49:00,227.4700927734375,227.47360229492188,227.33999633789062,227.3699951171875,126533,227.3836456298828,227.0709979248047,226.90608932495118,226.76575876871746,226.49013954162598,227.40059782468487,227.48728172486312,227.3389529658881,51.65146249681212,0.14832875897502618,0.16824386030996916,-0.01991510133494298,0.1487884357205337,49.09454408659071,68.25746321956684,226.3170305632093
2024-11-14 12:50:00,227.3800048828125,227.64999389648438,227.3800048828125,227.55999755859375,111504,227.40765075683595,227.08879791259767,226.9168392944336,226.77889272054037,226.50158950805664,227.4157787517238,227.49846877620627,227.35532663942186,58.134766459019005,0.14314213678440524,0.16322351560485637,-0.020081378820451135,0.15816060311884383,46.03038853172895,55.50060608323247,226.3251596209803
2024-11-14 12:51:00,227.52999877929688,227.5500030517578,227.39999389648438,227.50999450683594,81823,227.4390007019043,227.1077978515625,226.9243392944336,226.79129272460938,226.51468948364257,227.4247516807821,227.50024196553392,227.36678351848957,56.006275796569206,0.1334584470443474,0.1572705018927546,-0.023812054848407205,0.15829225018959606,39.86354804950662,44.99616022260877,226.33084377662325
2024-11-14 12:52:00,227.50999450683594,227.6999969482422,227.47000122070312,227.6300048828125,114271,227.47750091552734,227.127998046875,226.93213928222656,226.80329274495443,226.5296900177002,227.444299604785,227.52020549126908,227.3862813973283,59.80961414079309,0.1339240939407773,0.15260122030235915,-0.018677126361581836,0.16341392714312938,51.52188180941565,45.80527279688376,226.33945893283496
2024-11-14 12:53:00,227.63999938964844,227.97999572753906,227.63999938964844,227.97999572753906,130312,227.52449569702148,227.15059783935547,226.9434391784668,226.8175594075521,226.5459400177002,227.49531828314252,227.59094245069522,227.43026023660315,68.39177908284226,0.16068221409207695,0.15421741906030273,0.0064647950317742175,0.17674084982766033,67.03332327263377,52.80625104385203,226.35119018670147
2024-11-14 12:54:00,227.97000122070312,228.1300048828125,227.89999389648438,228.1199951171875,386755,227.5749954223633,227.17639770507813,226.9545391845703,226.8344926961263,226.56263999938966,227.55481131495634,227.6723351686171,227.48135170923902,71.05441145258912,0.19098345937808858,0.16157062712385992,0.029412832254228666,0.18054585957769356,87.49028000196455,68.681828361338,226.38905650141098
2024-11-14 12:55:00,228.11000061035156,228.1699981689453,228.02999877929688,228.14500427246094,112667,227.62224578857422,227.20267791748046,226.96788818359374,226.84965942382811,226.57776504516602,227.61102016805202,227.74505349228536,227.53051115836655,71.5160153452427,0.21454233391881417,0.1721649684828508,0.04237736543596338,0.17764968315417531,98.57388285956985,84.3658287113894,226.40019137662577
2024-11-14 12:56:00,228.13999938964844,228.156494140625,228.0800018310547,228.125,56204,227.66349563598632,227.2287777709961,226.9818881225586,226.86469278971353,226.59304000854493,227.65997062823755,227.80350680116453,227.57454736885794,70.54690448222486,0.22895943230659555,0.18352386124759973,0.045435571058995816,0.1704241564696137,96.76673146697863,94.27696477617103,226.40571011423128
2024-11-14 12:57:00,228.14500427246094,228.22999572753906,228.1199951171875,228.1999969482422,68950,227.69849548339843,227.25657775878906,226.99727905273437,226.87959279378256,226.6054899597168,227.71140170633322,227.86450528533032,227.62087696733084,72.0747276257513,0.24362831799948026,0.19554475259797585,0.04808356540150441,0.1661081888897529,96.0655293217477,97.13538121609874,226.41267852380892
2024-11-14 12:58:00,228.17999267578125,228.19000244140625,228.08309936523438,228.1273956298828,68490,227.73186492919922,227.2810256958008,227.01170303344728,226.89440877278645,226.6165269470215,227.7510201752427,227.90494995372302,227.6583968682606,68.37697688146956,0.24655308546240917,0.20574641917086253,0.04080666629154664,0.16259314561247143,93.22659512845962,95.35295197239533,226.41935328326298
2024-11-14 12:59:00,228.11000061035156,228.11000061035156,227.91000366210938,227.9250030517578,82089,227.74861526489258,227.3003256225586,227.02415313720704,226.9074087524414,226.62645195007323,227.76758997300607,227.90803504572835,227.67814547444559,59.25089616541192,0.22988957128276866,0.21057504959324377,0.019314521689524883,0.16650734719539756,83.61079202884883,90.96763882635207,226.4265828504771
2024-11-14 13:00:00,227.9250030517578,227.9600067138672,227.85000610351562,227.86000061035156,57662,227.76311492919922,227.3178256225586,227.03560317993163,226.9192087809245,226.63550193786622,227.7763909860866,227.90064513259347,227.69161622525345,56.636389582291265,0.2090289073400129,0.21026582114259762,-0.001236913802584727,0.16247115170655224,70.87683805670328,82.5714084046706,226.43132426902793
2024-11-14 13:01:00,227.8800048828125,228.00990295410156,227.8699951171875,227.99000549316406,99131,227.78712005615233,227.33882568359374,227.04810317993164,226.93230885823567,226.6444019317627,227.79673522485587,227.91439288037355,227.71371913398758,60.400000152343445,0.20067374638597357,0.20834740619127282,-0.007673659805299243,0.16157337970965566,65.73113652339396,73.40625553631537,226.4397732527583
2024-11-14 13:02:00,227.99000549316406,228.0500030517578,227.9001007080078,227.97999572753906,65819,227.80686950683594,227.36042358398439,227.060703125,226.94417551676432,226.65360191345215,227.8141886060638,227.92448562609133,227.73344332610253,59.96843054115174,0.19104229998879418,0.2048863849507771,-0.013844084961982916,0.16073973428396598,67.79078871420325,68.13292109810017,226.4454050482938
2024-11-14 13:03:00,228.00999450683594,228.10000610351562,227.9700927734375,228.0,51349,227.83436965942383,227.3815997314453,227.07500213623047,226.9553022257487,226.66145195007323,227.83188492929582,227.9361032220773,227.75318826490974,60.574709305177706,0.18291495716755435,0.20049209939413257,-0.01757714222657822,0.15853784826926307,72.6287557989915,68.71689367886292,226.44990316830686
2024-11-14 13:04:00,228.0,228.05499267578125,227.9499969482422,228.00999450683594,38773,227.84986953735353,227.40489959716797,227.08858901977538,226.96490214029947,226.66920188903808,227.8488477462044,227.94747111204015,227.77221094949687,60.89338086257028,0.1752601625432817,0.1954457120239624,-0.020185549480680715,0.15471341107424877,72.78178935627189,71.06711128982222,226.45324322847097
2024-11-14 13:05:00,228.03500366210938,228.16419982910156,228.02999877929688,228.13070678710938,45021,227.8694046020508,227.4317138671875,227.1029960632324,226.97454020182292,226.6781554412842,227.87569146438582,227.97566121589693,227.79876619672743,64.61368546881943,0.1768950191695069,0.19173557345307132,-0.014840554283564428,0.15467711901648992,77.79028209274401,74.40027574933582,226.4573605584912
2024-11-14 13:06:00,228.1428985595703,228.1428985595703,228.05999755859375,228.0749969482422,29397,227.8856544494629,227.45961395263672,227.11664596557617,226.98397349039715,226.68663040161132,227.89467293903883,227.99094363625773,227.8192277338767,61.69656512562543,0.17171590238103818,0.1877316392386647,-0.016015736857626528,0.14955025344220937,78.05277200171658,76.20828115024418,226.4600125668466
2024-11-14 13:07:00,228.11000061035156,228.1750030517578,228.0850067138672,228.13999938964844,32898,227.91765441894532,227.48661193847656,227.1324299621582,226.99589752197267,226.69663040161132,227.91803736290643,228.01387529062555,227.8429885972672,63.752862842636084,0.17088669335834084,0.18436265006259994,-0.013475956704259107,0.1460113855903105,78.99351173084159,78.27885527510074,226.4630439741125
2024-11-14 13:08:00,228.13999938964844,228.25,228.1300048828125,228.13999938964844,54314,227.95090408325194,227.51211181640625,227.1469299316406,227.00646423339845,226.70803039550782,227.93917660354853,228.03327899816753,227.86498939670287,63.75286284263609,0.16828960146466443,0.18114804034301285,-0.012858438878348422,0.14415308070439548,74.18146389132181,77.07591587462667,226.46814408401272
2024-11-14 13:09:00,228.14100646972656,228.17999267578125,228.11000061035156,228.13499450683594,42451,227.98915405273436,227.53921173095702,227.16217987060546,227.01569753011069,226.71920539855958,227.95782592767114,228.04892753796267,227.88498977523125,63.44870107802498,0.1639377627314218,0.17770598482069466,-0.013768222089272864,0.13885586532763064,73.35457409034073,75.50984990416806,226.47203547802985
2024-11-14 13:10:00,228.14999389648438,228.2100067138672,228.1199951171875,228.1376953125,70582,228.01803894042968,227.56676574707032,227.17706481933592,227.02478220621745,226.73009384155273,227.97495634527388,228.0625841186607,227.9037087039178,63.549763426204,0.15887541474290856,0.17393987080513745,-0.015064456062228893,0.1353669889956347,71.89033849596906,73.14212549254388,226.47852050525842
2024-11-14 13:11:00,228.13999938964844,228.16000366210938,228.07000732421875,228.16000366210938,52505,228.05053939819337,227.5926657104492,227.19386489868165,227.03361551920574,226.7421438598633,227.9925798992582,228.07757174072975,227.9226935156357,64.42473413360857,0.1548782250940519,0.17012754166292035,-0.015249316568868437,0.13212622820241973,73.55738663818313,72.93409974149766,226.48323834992246
2024-11-14 13:12:00,228.15159606933594,228.2100067138672,228.0720977783203,228.08999633789062,29891,228.07353897094725,227.61466552734376,227.2105648803711,227.04191548665364,226.75288436889647,228.00185765531842,228.07948321721605,227.93508631728423,59.590466730291546,0.14439689993182014,0.16498141331670033,-0.020584513384880182,0.1325392787270237,69.80748200707,71.75173571374074,226.48590249339605
2024-11-14 13:13:00,228.10000610351562,228.1199951171875,228.02000427246094,228.0850067138672,47102,228.07878952026368,227.63627380371094,227.2246649169922,227.05128224690756,226.76325942993165,228.00977661327545,228.08033298593162,227.94619153184593,59.249219062723625,0.1341414540856931,0.15881342147049887,-0.02467196738480576,0.13021439058413364,65.4166984562956,69.59385570051627,226.48995798453112
2024-11-14 13:14:00,228.0800018310547,228.11000061035156,228.06500244140625,228.0749969482422,41389,228.0765396118164,227.6583737182617,227.23901489257813,227.06108225504556,226.77328437805176,228.01598807374847,228.07951205705632,227.9557326738012,58.525156227636884,0.12377938325511195,0.1518066138274215,-0.028027230572309547,0.12412751760993214,57.56556007958839,64.26324684765135,226.49352317885308
2024-11-14 13:15:00,228.0800018310547,228.1699981689453,228.00999450683594,228.16000366210938,73412,228.07728958129883,227.68137176513673,227.2540148925781,227.0696489461263,226.78408439636232,228.02970384406856,228.09189538091064,227.97086385812034,62.694610431101594,0.12103152279030382,0.14565159561999796,-0.02462007282969414,0.12669009935989237,62.325855319847015,61.769371285243686,226.4999262872706
2024-11-14 13:16:00,228.14999389648438,228.33999633789062,228.14999389648438,228.32989501953125,73507,228.0875343322754,227.7073696899414,227.27211380004883,227.08008158365885,226.7955339050293,228.05829347982692,228.12851070992917,227.9974587589656,69.3305595023529,0.13105195096358102,0.14273166668871456,-0.011679715725133544,0.13121240950606078,75.21214373922741,65.03451971288763,226.5069178164588
2024-11-14 13:17:00,228.32000732421875,228.39999389648438,228.3000030517578,228.36500549316406,57075,228.09578475952148,227.7368719482422,227.28996292114257,227.09031494140626,226.80640892028808,228.08750414776378,228.16489452273453,228.0246844429803,70.49851275435576,0.14021007975424027,0.1422273493018197,-0.002017269547579442,0.12898229773609662,87.97134022244109,75.1697797605052,226.51255788495246
2024-11-14 13:18:00,228.36000061035156,228.4250030517578,228.35499572753906,228.4145965576172,49096,228.1101448059082,227.7654638671875,227.30715881347658,227.10147888183593,226.81883193969728,228.11865580584504,228.2033102204088,228.05356682184228,72.11383729001473,0.14974339856652819,0.1437305591547614,0.006012839411766779,0.12476979962771474,95.70904117660552,86.2975083794247,226.5174951153067
2024-11-14 13:19:00,228.4149932861328,228.47000122070312,228.3300018310547,228.3699951171875,65444,228.13239440917968,227.79286376953124,227.322908782959,227.11121215820313,226.83088188171388,228.14259288311573,228.22895405068246,228.07700595483084,68.4820312181873,0.1519480958516226,0.14537406649413365,0.006574029357488964,0.1258576274863378,89.32568974438634,91.00202371447767,226.5240077676315
2024-11-14 13:20:00,228.3800048828125,228.4210968017578,228.30999755859375,228.33999633789062,70440,228.15639419555663,227.81806579589843,227.3375587463379,227.12067881266276,226.84303184509278,228.16139321214192,228.24603747948373,228.09648672394638,66.07179540899774,0.14955075553734787,0.1462094043027765,0.0033413512345713547,0.12480345717760387,82.49693471375264,89.17722187824818,226.53084420129898
2024-11-14 13:21:00,228.3300018310547,228.42999267578125,228.32000732421875,228.4084930419922,73742,228.17731857299805,227.8485757446289,227.35254272460938,227.13180206298827,226.8556243133545,228.1849265292705,228.27103064294656,228.11959830306088,68.77418213345744,0.15143233988567317,0.14725399141935586,0.0041783484663173165,0.12374502106223932,78.87573113963798,83.56611853259233,226.53805999107925
2024-11-14 13:22:00,228.39999389648438,228.47000122070312,228.38999938964844,228.4698944091797,35201,228.2018135070801,227.88077362060548,227.36739166259767,227.1441619873047,226.86922378540038,228.2120663273571,228.30162506852088,228.1455461627734,71.00375385878651,0.15607890574747785,0.14901897428498026,0.007059931462497587,0.12062050749027134,86.11470461405777,82.49579015581615,226.54159059400158
2024-11-14 13:23:00,228.4600067138672,228.5500030517578,228.4550018310547,228.54319763183594,71563,228.22897338867188,227.91083557128906,227.38322357177734,227.1576166788737,226.88323974609375,228.24360264206936,228.33879007826167,228.1750018271484,73.44176941926501,0.16378825111326023,0.15197282965063624,0.011815421462623987,0.11879055843404662,95.11512979824498,86.70185518398027,226.5490011723688
2024-11-14 13:24:00,228.54190063476562,228.57000732421875,228.49000549316406,228.50999450683594,44189,228.25397338867188,227.93883544921874,227.39962356567383,227.17044993082683,226.89718223571776,228.26897329585665,228.36512922111928,228.19981609971785,70.54828126446435,0.16531312140142518,0.15464088800079404,0.010672233400631143,0.1160199350498067,96.00006939355524,92.40996793528602,226.5535661758209
2024-11-14 13:25:00,228.52999877929688,228.5500030517578,228.50999450683594,228.5402069091797,38365,228.2744483947754,227.9656396484375,227.41592559814453,227.18245127360026,226.91210327148437,228.29480506855407,228.39206425005165,228.22503023375205,71.64306623944294,0.16703401629959558,0.15711951366055435,0.009914502639041228,0.11059055004066873,94.23401561645441,95.1164049360849,226.55753260317638
2024-11-14 13:26:00,228.5500030517578,228.6199951171875,228.50999450683594,228.61399841308594,62798,228.30139846801757,227.99191955566405,227.43434951782226,227.19405792236327,226.9279232788086,228.32520443469997,228.42620796744154,228.2538426914805,74.16869925037146,0.17236527596105589,0.16016866612065467,0.012196609840401218,0.11054841149144687,94.32640819777875,94.85349773592948,226.5641475459183
2024-11-14 13:27:00,228.61500549316406,228.63999938964844,228.47999572753906,228.47999572753906,52544,228.31839828491212,228.01151947021484,227.45104949951173,227.20489919026693,226.94342323303223,228.3399464625894,228.43448300745655,228.27059476822558,63.16628190329938,0.16388823923097107,0.16091258074271797,0.0029756584882530968,0.11408092939272746,89.4327813352054,92.66440171647953,226.56951831422796
2024-11-14 13:28:00,228.49000549316406,228.60000610351562,228.49000549316406,228.5688018798828,52740,228.33983840942383,228.03369537353515,227.4682875061035,227.21559122721354,226.96049224853516,228.36174221661736,228.45514744936827,228.2926841839039,66.69260685913812,0.16246326546436762,0.1612227176870479,0.001240547777319717,0.11450446129157282,87.43954015243192,90.39957656180538,226.57493326709297
2024-11-14 13:29:00,228.5749969482422,228.59010314941406,228.4600067138672,228.47279357910156,51360,228.35672836303712,228.05135131835937,227.4845654296875,227.22584320068358,226.97670623779297,228.37231853685395,228.457862238558,228.3060256205852,60.004391908807655,0.1518366179728048,0.1593454977441993,-0.0075088797713945,0.11561817373838014,76.39281115146134,84.42171087969957,226.58005806322416
2024-11-14 13:30:00,228.4700927734375,228.5200958251953,228.4600067138672,228.47500610351562,56999,228.37359390258788,228.06945129394532,227.49981552124024,227.2373432413737,226.99228126525878,228.38209830510743,228.4604997562438,228.31854269339485,60.103687338465186,0.14195706284894527,0.1558678107651485,-0.013910747916203225,0.11165181213764765,68.68256116975596,77.50497082454976,226.58564749872374
2024-11-14 13:31:00,228.47000122070312,228.50999450683594,228.42999267578125,228.5,54654,228.3905937194824,228.0892532348633,227.51531448364258,227.24907653808594,227.00918128967285,228.39332703795435,228.46657671682166,228.3319839753656,61.27334173333999,0.1345927414560606,0.15161279690333093,-0.017020055447270338,0.10939109920315052,58.308321957377814,67.79456475953172,226.5909621203498
2024-11-14 13:32:00,228.50750732421875,228.53990173339844,228.3800048828125,228.47000122070312,50044,228.40959396362305,228.106953125,227.53081451416017,227.26054392496744,227.02530632019042,228.40062934107326,228.46710356357266,228.34220747502025,59.03618017956791,0.1248960885524184,0.14626945523314844,-0.021373366680730033,0.11299865287334959,52.51130244079547,59.83406185597644,226.59575960075958
2024-11-14 13:33:00,228.46499633789062,228.5,228.43499755859375,228.47500610351562,59447,228.42909393310546,228.12745330810546,227.5468145751953,227.2723105875651,227.04203132629394,228.40771284225823,228.4683193389485,228.35204441046434,59.30314964598618,0.11627492848415955,0.14027054988335066,-0.02399562139919112,0.10957035205427107,52.02139301182164,54.28033913666499,226.60144697776028
2024-11-14 13:34:00,228.47830200195312,228.61000061035156,228.47830200195312,228.56320190429688,60246,228.4535041809082,228.14471740722655,227.56404663085937,227.2858652750651,227.0585908508301,228.42252132435715,228.4829166566944,228.3676857063038,63.78252993100803,0.11523095039061104,0.13526262998480276,-0.02003167959419172,0.11138636311010439,58.1627306164389,54.23180868968535,226.607422490489
2024-11-14 13:35:00,228.55999755859375,228.60000610351562,228.47000122070312,228.53500366210938,53948,228.4722541809082,228.16061737060548,227.58214660644532,227.29843200683592,227.07392837524415,228.43323392795259,228.49093004214285,228.38007962895605,61.453564588340875,0.110850413186796,0.1303801866252014,-0.019529773438405396,0.11271625737456124,61.872892440879546,57.35233868971338,226.61269989440555
2024-11-14 13:36:00,228.5399932861328,228.60989379882812,228.52999877929688,228.53500366210938,46046,228.4825096130371,228.17631744384767,227.60129760742188,227.31073201497395,227.08980392456056,228.44292628358656,228.49771059906078,228.3915554832637,61.453564588340875,0.10615511579709391,0.1255351724595799,-0.01938005666248599,0.11037188324289617,65.07751335195572,61.7043788030914,226.61723579825133
2024-11-14 13:37:00,228.52999877929688,228.55999755859375,228.51499938964844,228.5200958251953,34441,228.49026412963866,228.19671936035155,227.6195976257324,227.32359934488932,227.10515441894532,228.45027576373977,228.50115448000457,228.40107699007345,60.10784551017427,0.10007748993112386,0.1204436359538887,-0.020366146022764833,0.1057023322216402,57.70487313418236,61.55175964233923,226.62056840773698
2024-11-14 13:38:00,228.53500366210938,228.61000061035156,228.52000427246094,228.61000061035156,43034,228.5000343322754,228.21941925048827,227.6389096069336,227.33783264160155,227.12055442810058,228.46548765389326,228.51790003851949,228.41655281379775,65.0748892076487,0.10134722472173507,0.11662435370745798,-0.015277128985722907,0.10458047548371056,67.32006964414968,63.3674853767626,226.6248210671383
2024-11-14 13:39:00,228.60000610351562,228.6085968017578,228.5,228.51890563964844,52268,228.50747985839843,228.2423974609375,227.6566976928711,227.35152537027994,227.13491844177247,228.47057508110805,228.51805474638547,228.4241345046015,57.29105488237571,0.09392024178396241,0.11208353132275888,-0.018163289538796465,0.10496762797427142,65.2561770056928,63.4270399280083,226.62986288346661
2024-11-14 13:40:00,228.51499938964844,228.61000061035156,228.51190185546875,228.5438995361328,37564,228.51767501831054,228.2620755004883,227.67543670654297,227.3652513631185,227.14968841552735,228.47755836253899,228.52203086788506,228.43300598841864,58.74899254619059,0.08902487946642168,0.10747180095149145,-0.018446921485069767,0.10447699418202437,68.3079992957333,66.96141531519196,226.6334940739753
2024-11-14 13:41:00,228.5449981689453,228.57000732421875,228.52999877929688,228.56500244140625,32482,228.52550048828124,228.28317565917968,227.6954867553711,227.37728474934895,227.16426345825195,228.48588637005017,228.52864187919602,228.44278350345476,59.990851811749906,0.08585837574125321,0.10314911590944381,-0.0172907401681906,0.09987210494915658,65.63248299492358,66.39888643211657,226.63662254904972
2024-11-14 13:42:00,228.57000732421875,228.61000061035156,228.56500244140625,228.60000610351562,31461,228.53200607299806,228.30257568359374,227.71528686523436,227.38895141601563,227.17811347961427,228.4967549160945,228.5396209906298,228.4544296219778,62.03261078792411,0.08519136865200494,0.09955756645795605,-0.014366197805951109,0.09595253809173916,79.70914458841922,71.21654229302538,226.63970072189986
2024-11-14 13:43:00,228.59500122070312,228.61000061035156,228.58999633789062,228.60499572753906,41224,228.53509597778321,228.31507568359376,227.7328367614746,227.40065134684244,227.1919384765625,228.5070635648035,228.54967864246197,228.46558266683417,62.327735730011234,0.08409597562780391,0.09646524829192563,-0.012369272664121717,0.09052766197525333,91.30454012693777,78.88205590342687,226.64374005100265
2024-11-14 13:44:00,228.60000610351562,228.7100067138672,228.58140563964844,228.6999969482422,72072,228.54459609985352,228.32667572021484,227.7515367126465,227.41191802978517,227.20753845214844,228.52543817275003,228.57280453565892,228.4829466876792,67.50661908384052,0.08985784797971519,0.09514376822948355,-0.005285920249768358,0.09324719142121739,96.8150532050055,89.27624597345418,226.65098506574918
2024-11-14 13:45:00,228.70779418945312,228.7100067138672,228.5800018310547,228.58999633789062,43196,228.54708557128907,228.33557556152343,227.76912673950196,227.423783976237,227.22113845825194,228.5315865694301,228.57544942830995,228.4908762913986,57.627955225268565,0.08457313691135937,0.09302964196585872,-0.008456505054499353,0.09587274080630902,86.14136642608095,91.42031991934141,226.6552228230129
2024-11-14 13:46:00,228.5850067138672,228.58999633789062,228.41000366210938,228.42990112304688,96297,228.53788070678712,228.34167358398437,227.78522567749025,227.43514994303385,227.23393798828124,228.52190224120312,228.5530573813464,228.48635961226142,46.876344595510446,0.06669776908498193,0.08776326738968337,-0.021065498304701447,0.10188130759023338,55.7441984056665,79.56687267891766,226.66389092819747
2024-11-14 13:47:00,228.42999267578125,228.42999267578125,228.32000732421875,228.34280395507812,75196,228.53102111816406,228.3445297241211,227.80055374145508,227.4463626098633,227.24582702636718,228.50484526157214,228.52071070038204,228.47572585987746,42.25729738030386,0.044984840504582735,0.07920758201266324,-0.03422274150808051,0.10246016787396674,25.37037993634838,55.7519815893653,226.67018646160201
2024-11-14 13:48:00,228.33999633789062,228.38999938964844,228.32000732421875,228.33999633789062,55554,228.51958084106445,228.34878173828125,227.814903717041,227.4573959350586,227.25800201416016,228.48914536407867,228.492908490768,228.46567182121177,42.113239885012746,0.027236669556231163,0.06881339952137683,-0.041576729965145665,0.10014101769937538,5.867704921608123,28.99409442120768,226.67476875528138
2024-11-14 13:49:00,228.3300018310547,228.3300018310547,228.22000122070312,228.27999877929688,44509,228.50994110107422,228.35588165283204,227.8281036376953,227.46806264241536,227.26952697753907,228.46922664171848,228.4601531505417,228.4519182625514,39.04964326287488,0.008234887990283823,0.05669769721515823,-0.048462809224874406,0.10155916766281285,7.738319234115861,12.99213469735747,226.6782620961168
2024-11-14 13:50:00,228.27999877929688,228.32000732421875,228.22999572753906,228.2799072265625,60889,228.50018615722655,228.36427978515624,227.84105270385743,227.47849538167318,227.28047653198243,228.45119622122743,228.43242300839103,228.43917670433,39.044975588964235,-0.006753695938982673,0.044007418584330056,-0.05076111452331273,0.1007343411640182,9.865079005557098,7.823701053760375,226.68301634430068
2024-11-14 13:51:00,228.27999877929688,228.3699951171875,228.27000427246094,228.35000610351562,35363,228.49268646240233,228.3714797973633,227.8551527404785,227.48922871907553,227.29210159301758,228.44155906715963,228.41974348456404,228.43257147464007,44.513786984903284,-0.012827990076033302,0.03264033685225739,-0.04546832692829069,0.10068123427562853,17.000384060453182,11.534594100042062,226.6858565755775
2024-11-14 13:52:00,228.36000061035156,228.36000061035156,228.27000427246094,228.30999755859375,41790,228.48468627929688,228.37807983398437,227.86925170898436,227.49982869466146,227.30265159606932,228.42902939967718,228.40285949595324,228.42349192530332,42.1873460965099,-0.020632429350087023,0.021985783611788507,-0.042618212961875526,0.09991802739098543,19.041094468491462,15.302185844833929,226.68916649985843
2024-11-14 13:53:00,228.3300018310547,228.33990478515625,228.24000549316406,228.30499267578125,68900,228.47618560791017,228.3841796875,227.88288970947266,227.5113946533203,227.3125215911865,228.41721637835377,228.38780306208062,228.41471420311652,41.89238927192495,-0.02691114103589598,0.01220639868225161,-0.03911753971814759,0.09991668914821417,20.7475684821308,18.92968233702516,226.6945329593344
2024-11-14 13:54:00,228.3000030517578,228.36849975585938,228.24000549316406,228.2899932861328,46796,228.46252517700196,228.38977966308593,227.89733963012696,227.52231923421223,227.3211215209961,228.40509989338037,228.37275540424247,228.40547561667327,40.967936580188386,-0.03272021243080303,0.0032210764596406812,-0.035941288890443714,0.10195794440157836,16.665109664829394,18.817924205150565,226.6981676457316
2024-11-14 13:55:00,228.2899932861328,228.30499267578125,228.12010192871094,228.16000366210938,43728,228.44377517700195,228.39036560058594,227.91103973388672,227.53211924235026,227.32849655151367,228.38175739516407,228.34002436699123,228.3872925089278,33.971404267019516,-0.04726814193656992,-0.00687676721960144,-0.04039137471696848,0.10788171602077368,12.79767752676387,16.736785224574703,226.70132858705833
2024-11-14 13:56:00,228.15879821777344,228.15879821777344,227.9600067138672,227.97869873046875,76864,228.41595993041992,228.38843963623046,227.9240267944336,227.54057718912762,227.33509002685548,228.34337085566926,228.28443580752625,228.35702630311602,27.036063248874576,-0.07259049558976471,-0.020019512893634097,-0.052570982696130614,0.11446137546516037,7.846766997799797,12.436518063131034,226.70625150322772
2024-11-14 13:57:00,227.9600067138672,227.9989013671875,227.8300018310547,227.8699951171875,68446,228.38345489501953,228.38303955078126,227.9348257446289,227.54929982503256,227.3426830291748,228.29828745200433,228.2206757013203,228.32094991897316,23.887297288777184,-0.10027421765286704,-0.03607045384548069,-0.06420376380738635,0.11834981551284983,4.60034417586398,8.41492956680923,226.7101686019351
2024-11-14 13:58:00,227.86000061035156,228.02999877929688,227.83999633789062,228.0,56912,228.35295486450195,228.3802395629883,227.94617568969727,227.55803314208984,227.3499080657959,228.26987912324202,228.18672559342485,228.29717585090106,33.8151611103107,-0.1104502574762023,-0.05094641457162501,-0.05950384290457729,0.12346786021952129,8.784933941712751,7.077348371792191,226.713561325205
2024-11-14 13:59:00,227.99000549316406,228.0800018310547,227.97000122070312,228.05999755859375,27985,228.33000946044922,228.37873962402344,227.95897567749023,227.56769978841146,227.35645805358888,228.24989040279934,228.1672289726816,228.27960708850793,37.84452643872302,-0.11237811582631707,-0.06323275482256342,-0.04914536100375365,0.12250591380038138,18.041782469586767,10.475686862387848,226.7153297739912
2024-11-14 14:00:00,228.0500030517578,228.27000427246094,228.02999877929688,228.17999267578125,48956,228.31181411743165,228.37958557128906,227.97317565917967,227.57790506998697,227.36348304748535,228.24323347641666,228.16919261931233,228.27222824312076,45.04997031128237,-0.103035623808438,-0.07119332861973834,-0.03184229518869966,0.1308987408977872,35.97112618675964,20.93261419935307,226.718699795183
2024-11-14 14:01:00,228.1699981689453,228.33999633789062,228.1699981689453,228.32000732421875,60774,228.29956436157227,228.38278564453125,227.98772567749023,227.59017181396484,227.3709080505371,228.25054527144542,228.19239488160562,228.2757674343132,52.03685528276924,-0.08337255270757282,-0.07362917343730524,-0.009743379270267583,0.13369155718689615,58.698958134134934,37.570622263493796,226.72319840977062
2024-11-14 14:02:00,228.31500244140625,228.47999572753906,228.3000030517578,228.4250030517578,64551,228.2908142089844,228.3894857788086,228.00207565307616,227.6035385131836,227.37880805969237,228.26716029814185,228.22818075393673,228.28682192449426,56.50323326367103,-0.058641170557535816,-0.07063157286135135,0.01199040230381554,0.13699877994363574,79.12452294523526,57.93153575537662,226.72833043667097
2024-11-14 14:03:00,228.42999267578125,228.6699981689453,228.40499877929688,228.64999389648438,98647,228.29306411743164,228.40078552246095,228.01852966308593,227.6167051188151,227.3886580657959,228.30362064084113,228.29307508355944,228.3137235520491,64.1970893838645,-0.020648468489667948,-0.06063495198701468,0.03998648349734673,0.14614168063683589,92.21979996843523,76.68109368260183,226.736918998898
2024-11-14 14:04:00,228.6699981689453,228.7689971923828,228.64999389648438,228.72000122070312,74152,228.2940643310547,228.41368560791017,228.03602966308594,227.63057179768882,227.39923309326173,228.34327593416134,228.3587560277354,228.34381819417163,66.20045952426156,0.014937833563777758,-0.04552039487685619,0.06045822844063395,0.14420322458409318,94.64670779104317,88.66367690157124,226.74380329458018
2024-11-14 14:05:00,228.7200927734375,228.85000610351562,228.69009399414062,228.78500366210938,68255,228.30381469726564,228.42618560791016,228.05377868652343,227.64473846435547,227.40878311157226,228.38534524158496,228.42433258686987,228.37649859920407,67.9913971217089,0.04783398766579694,-0.026849518368325567,0.07468350603412251,0.1453252877834437,95.34261759878054,94.06970845275299,226.75029615197798
2024-11-14 14:06:00,228.77999877929688,228.82989501953125,228.72000122070312,228.72500610351562,75522,228.31856994628907,228.43408782958986,228.07072875976561,227.6594384765625,227.4185831451416,228.41769389510216,228.47059005096924,228.4023139698938,64.58950745477269,0.0682760810754246,-0.007824398479575535,0.07610047955500013,0.14279446714377808,92.05149118564634,94.0136055251567,226.757373114359
2024-11-14 14:07:00,228.7299041748047,228.80999755859375,228.69000244140625,228.73260498046875,60486,228.3380599975586,228.44143981933593,228.08915588378906,227.6737885538737,227.42809616088869,228.44768542704185,228.510900040123,228.42677997067713,64.82952610868622,0.08412006944587347,0.010564495105514266,0.0735555743403592,0.1411659421469011,89.9541739594397,92.44942758128887,226.76296553458988
2024-11-14 14:08:00,228.73109436035156,228.8699951171875,228.73109436035156,228.7617950439453,58479,228.35914993286133,228.4483837890625,228.106923828125,227.68756713867188,227.4382051086426,228.4776006286517,228.54949927148027,228.4515959020303,65.78881938508086,0.09790336944996625,0.028032269974404667,0.06987109947556158,0.14100414319611798,88.61045439921038,90.20537318143215,226.7684603978075
2024-11-14 14:09:00,228.75999450683594,228.77999877929688,228.64999389648438,228.6699981689453,52227,228.37864990234374,228.45438385009766,228.12362380981446,227.70006713867187,227.44700508117677,228.49592420391775,228.56803756339798,228.46777384772773,60.22553350876514,0.10026371567025194,0.04247855911357412,0.05778515655667782,0.14021848174014528,86.285204629434,88.28327766269472,226.77313076379411
2024-11-14 14:10:00,228.67999267578125,228.77000427246094,228.5800018310547,228.75,58355,228.40215454101562,228.46258392333985,228.14032485961914,227.7125671386719,227.45615509033203,228.52012189878272,228.5960317844137,228.48867948863676,63.1501674553715,0.10735229577693417,0.05545330644624613,0.05189898933068804,0.14377447885915276,86.27580439279897,87.05715447381446,226.77832249195
2024-11-14 14:11:00,228.72000122070312,228.8000030517578,228.66000366210938,228.66000366210938,68782,228.41765441894532,228.4676141357422,228.15809494018555,227.72423319498697,227.46575508117675,228.5334439714805,228.6058736117515,228.50137016815324,57.984912602905126,0.10450344359824726,0.06526333387664636,0.0392401097216009,0.14350482962981595,82.94792982199107,85.16964628140802,226.78442719076858
2024-11-14 14:12:00,228.64999389648438,228.66990661621094,228.4199981689453,228.47000122070312,58959,228.42565460205077,228.46761627197264,228.17419494628905,227.734133199056,227.47502555847169,228.52740180473978,228.5849701669748,228.49904654241618,48.8925108709855,0.08592362455863167,0.06939539201304343,0.016528232545588245,0.15110508803237377,74.5434405742284,81.25572492967282,226.78912410134265
2024-11-14 14:13:00,228.47999572753906,228.5500030517578,228.4600067138672,228.50999450683594,33971,228.4359046936035,228.46695220947265,228.18889389038085,227.74446645100912,227.48495056152345,228.52574396684417,228.5734354500304,228.49985750274357,50.646762343762305,0.07357794728682165,0.07023190306779907,0.003346044219022584,0.14674017730796315,64.10366196135887,73.86501078585945,226.79179813401043
2024-11-14 14:14:00,228.5198974609375,228.5500030517578,228.45989990234375,228.4600067138672,58585,228.44440536499025,228.46595245361328,228.202393951416,227.7550665283203,227.49432556152342,228.51948327608446,228.55598487523605,228.49690559245644,48.41007827084241,0.0590792827796065,0.06800137901016057,-0.008922096230554066,0.1426946753155417,51.37616756962947,63.34109003507226,226.79634543872749
2024-11-14 14:15:00,228.4600067138672,228.48989868164062,228.360107421875,228.4499969482422,80289,228.4589050292969,228.46414825439453,228.214893951416,227.76533315022786,227.50287551879882,228.51286553057568,228.53967904031393,228.4934308780702,47.95339307928025,0.046248162243728075,0.06365073565687407,-0.017402573413145994,0.14177300277626195,41.629218461956405,52.36968266431492,226.80233089057276
2024-11-14 14:16:00,228.4600067138672,228.51499938964844,228.36500549316406,228.51499938964844,68903,228.48572006225587,228.46216827392578,228.22704391479493,227.77695576985678,227.5110855102539,228.5130687552493,228.53588217098076,228.49502854559452,51.17459147034209,0.040853625386233716,0.059091313602746,-0.018237688216512282,0.14236020946969863,32.707573714046575,41.90431991521083,226.80753179490432
2024-11-14 14:17:00,228.51319885253906,228.51499938964844,228.4149932861328,228.42999267578125,34816,228.51371994018555,228.4611682128906,228.23634384155272,227.78775573730468,227.51896644592284,228.50515674768093,228.51959147941162,228.49021107375648,47.071672640177354,0.029380405655132336,0.053149132013223264,-0.02376872635809093,0.13933491618726482,23.466252495844827,32.60101489061594,226.81012898472784
2024-11-14 14:18:00,228.42999267578125,228.4600067138672,228.3699951171875,228.4199981689453,60527,228.53471984863282,228.45819213867188,228.24594375610351,227.79825571695963,227.52624145507812,228.49704640684897,228.50426943164757,228.48501011784452,46.59862544483483,0.019259313803047462,0.046371168371188105,-0.027111854568140643,0.1358118219367236,18.609847578006534,24.927891262632656,226.81452438947466
2024-11-14 14:19:00,228.42999267578125,228.4600067138672,228.375,228.39500427246094,36961,228.55147018432618,228.45663635253905,228.25399383544922,227.80858907063802,227.53354148864747,228.48732810833582,228.4874594071573,228.47834301818648,45.37068457551839,0.009116388970824119,0.03892021249111531,-0.029803823520291192,0.13218288564604244,10.765302050913725,17.613800708255038,226.81718553552093
2024-11-14 14:20:00,228.39999389648438,228.4250030517578,228.25999450683594,228.25999450683594,46466,228.55547027587892,228.45233612060548,228.2608937072754,227.8173223876953,227.54109146118165,228.46567728914536,228.45246480710787,228.46216905438274,39.34014461079782,-0.009704247274868294,0.029195320537918592,-0.03889956781278689,0.13452757559431622,6.196632351767605,11.857260660229299,226.8203196631014
2024-11-14 14:21:00,228.26370239257812,228.44940185546875,228.22000122070312,228.4199981689453,79395,228.56046981811522,228.45073608398437,228.26999465942382,227.8271216837565,227.54949142456056,228.46132689674533,228.44746993969824,228.45904528509107,48.13804732065825,-0.011575345392827785,0.021041187351769318,-0.0326165327445971,0.14130422267798115,12.537692334550753,9.833208912410704,226.825816095577
2024-11-14 14:22:00,228.42999267578125,228.49000549316406,228.41000366210938,228.46499633789062,39805,228.56246948242188,228.45063598632814,228.27879455566406,227.8374216715495,227.5580669403076,228.4616763673306,228.4501663086509,228.45948610381697,50.32030633552693,-0.009319795166078393,0.014968990848199776,-0.02428878601427817,0.13692548041917446,24.336484761233873,14.35693648251742,226.82872083623596
2024-11-14 14:23:00,228.4499969482422,228.4510040283203,228.3249969482422,228.38999938964844,50901,228.5494697570801,228.4489358520508,228.2881945800781,227.84752166748046,227.56646690368652,228.45484998850372,228.4409098595736,228.45433893980447,46.78673696296947,-0.013429080230878299,0.009289376632384163,-0.02271845686326246,0.1371450453641218,34.1064636270008,23.660213574261817,226.83226934563444
2024-11-14 14:24:00,228.38999938964844,228.4188995361328,228.35009765625,228.39990234375,34737,228.53346481323243,228.44566986083984,228.2951936340332,227.85792104085286,227.5758164215088,228.44961687947958,228.43460101098538,228.450306599356,47.312852215315424,-0.01570558837062208,0.004290383631782914,-0.019995972002404994,0.13226339068688545,34.18922592582848,30.87739143802106,226.8346832430682
2024-11-14 14:25:00,228.38999938964844,228.42799377441406,228.33009338378906,228.35020446777344,57863,228.51172485351563,228.4419738769531,228.3012956237793,227.86875569661458,227.58431747436524,228.44014903074566,228.4216169274143,228.44289162664617,44.91296688143604,-0.02127469923186709,-0.0008226329409470861,-0.02045206629092,0.12980889068246507,29.75580424589657,32.68383126624196,226.83863558390203
2024-11-14 14:26:00,228.33009338378906,228.39439392089844,228.29010009765625,228.29010009765625,47649,228.48997955322267,228.43707580566405,228.30669662475586,227.87989034016928,227.5923179626465,228.4258586561657,228.40138356898998,228.43157373560987,42.12971333308279,-0.030190166619888714,-0.006696139676735412,-0.023494026943153303,0.1279863858653024,27.066480733777087,30.337170301834053,226.84178069584706
2024-11-14 14:27:00,228.2949981689453,228.40499877929688,228.27000427246094,228.40499877929688,64507,228.47359924316407,228.4347738647461,228.31574661254882,227.89132303873697,227.60139297485352,228.42387200122582,228.40193975519105,228.42960522032743,48.677339383015564,-0.027665465136379908,-0.010890004768664311,-0.016775460367715597,0.1284869659346335,35.41388676678201,30.7453905821519,226.84611775819312
2024-11-14 14:28:00,228.39999389648438,228.5399932861328,228.36000061035156,228.5399932861328,43845,228.46250915527344,228.43337371826172,228.326396484375,227.9037309773763,227.6117179107666,228.43493117121696,228.42317875995133,228.4377821140908,55.10446929350151,-0.014603354139467228,-0.011632674642824897,-0.002970679496642332,0.13216594520939184,59.10050708219662,40.52695819425191,226.8492840533118
2024-11-14 14:29:00,228.52999877929688,228.55990600585938,228.4846954345703,228.52749633789062,54877,228.45538406372071,228.43354553222656,228.33797149658204,227.91564697265625,227.6220304107666,228.44374690137636,228.43922761809583,228.44442761215004,54.424985974555675,-0.005199994054208901,-0.010346138525101698,0.005146144470892797,0.12809770421508263,82.17487656843666,58.89642347247178,226.8533363343883
2024-11-14 14:30:00,228.50999450683594,228.531005859375,228.43499755859375,228.47999572753906,64080,228.44188385009767,228.4322674560547,228.3471714782715,227.92771362304688,227.63200538635255,228.44719917053473,228.44549963493327,228.44706228736402,51.80990767983218,-0.0015626524307492673,-0.008589441306231212,0.007026788875481945,0.1258056039698089,88.98515592266712,76.75351319110014,226.857925017803
2024-11-14 14:31:00,228.5,228.52000427246094,228.47000122070312,228.51829528808594,61358,228.43479843139647,228.43133331298827,228.35725448608397,227.94076894124348,227.6407968902588,228.45397022934912,228.4566989661875,228.45233880593602,53.739970990825086,0.004360160251479783,-0.005999520994689013,0.010359681246168796,0.1203911359546663,84.90453103489553,85.35485450866645,226.86235048950783
2024-11-14 14:32:00,228.52000427246094,228.63999938964844,228.52000427246094,228.55999755859375,60322,228.439298248291,228.43053314208984,228.3665544128418,227.95370229085287,227.6493468475342,228.46406807022956,228.47259105732695,228.4603135283551,55.81506880774903,0.012277528971850415,-0.0023441110013811277,0.014621639973231543,0.1204849192123687,81.73346017623726,85.20771571126664,226.86686424958182
2024-11-14 14:33:00,228.56350708007812,228.57000732421875,228.50999450683594,228.52499389648438,31765,228.44004821777344,228.42893310546876,228.37200439453125,227.96486887613932,227.65772178649902,228.46987052987288,228.48065303258196,228.46510466673504,53.64006301792852,0.015548365846910883,0.0012343843682772748,0.014313981478633608,0.11616548336740042,80.44253587517117,82.36017569543468,226.86917841262903
2024-11-14 14:34:00,228.52000427246094,228.5299072265625,228.47999572753906,228.47999572753906,48394,228.44104766845703,228.42453308105468,228.37560440063476,227.9758688354492,227.66507179260253,228.47083483441253,228.4805519087292,228.4662077082761,50.89441343710602,0.014344200453109579,0.003856347585243736,0.010487852867865844,0.11143305591426023,71.82440205873446,78.00013270338098,226.87261080972922
2024-11-14 14:35:00,228.4822998046875,228.5500030517578,228.47999572753906,228.52999877929688,38872,228.44504776000977,228.42333312988282,228.37945434570312,227.98719553629556,227.67367126464845,228.4764694958301,228.48815911958576,228.47093297279616,53.728762263923564,0.01722614678959644,0.0065303074261142775,0.010695839363482163,0.10847407507886665,68.26368573284456,73.51020788891675,226.87539689838454
2024-11-14 14:36:00,228.52000427246094,228.5500030517578,228.47999572753906,228.52999877929688,34504,228.4457977294922,228.4253350830078,228.3835043334961,227.99859547932942,227.68269622802734,228.48156752282694,228.49459599031053,228.47530821772216,53.728762263923564,0.019287772588370444,0.009081800458565511,0.010205972129804933,0.10572645001742977,67.48104993980358,69.18971257712757,226.87786203458995
2024-11-14 14:37:00,228.52499389648438,228.5500030517578,228.5,228.52999877929688,34351,228.45079803466797,228.42907897949217,228.38680435180663,228.01006215413412,227.6920417022705,228.48618002344313,228.5000425732315,228.47935937043138,53.728762263923564,0.020683202800114486,0.011402080926875308,0.009281121873239179,0.10174620728459997,70.26971296601782,68.67148287955534,226.88031884545288
2024-11-14 14:38:00,228.5200958251953,228.58990478515625,228.5,228.5749969482422,34709,228.45854797363282,228.43377899169923,228.39128036499022,228.0211954752604,227.70149169921876,228.4946387781859,228.51157401554084,228.4864436354544,56.54771257188649,0.025130380086437754,0.014147740758787797,0.010982639327649956,0.10090039141828927,74.32365555922138,70.69147282168093,226.8828363794522
2024-11-14 14:39:00,228.57040405273438,228.66000366210938,228.56500244140625,228.6197052001953,72276,228.46978302001952,228.4405731201172,228.39822738647462,228.03226013183593,227.7111902618408,228.50654986599633,228.52820958241074,228.49631486247227,59.20685169014042,0.03189471993846382,0.017697136594723002,0.01419758334374082,0.10047902208149183,80.78943286273547,75.12760046265824,226.8882415710674
2024-11-14 14:40:00,228.6199951171875,228.7100067138672,228.61000061035156,228.6300048828125,55167,228.48828353881837,228.44757507324218,228.4059274291992,228.0432268269857,227.72076530456542,228.5183074866455,228.54387039785718,228.50621782694193,59.81693938226389,0.03765257091524177,0.021688223458826757,0.01596434745641501,0.10044524218392992,84.63881739262762,79.91730193819483,226.89242801899624
2024-11-14 14:41:00,228.63499450683594,228.63999938964844,228.5749969482422,228.61500549316406,31280,228.4980339050293,228.45287506103514,228.41217742919923,228.05439351399738,227.73014030456542,228.52751682059966,228.55481425867362,228.514276172588,58.44607399468509,0.040538086085604164,0.02545819598418224,0.015079890101421925,0.0979136135569528,81.44739294958949,82.29188106831754,226.8947391046986
2024-11-14 14:42:00,228.610107421875,228.6300048828125,228.5749969482422,228.6300048828125,34884,228.50628433227538,228.45927520751954,228.41867752075194,228.06592620849608,227.739690322876,228.53727758842945,228.56638204700266,228.5228486696417,59.44694674336419,0.043533377360972736,0.02907323225954034,0.014460145101432394,0.09484892220076423,75.19484250829699,80.42701761683804,226.89731164279272
2024-11-14 14:43:00,228.6300048828125,228.63999938964844,228.52999877929688,228.5738067626953,49902,228.51547470092774,228.46465148925782,228.4244155883789,228.07681030273437,227.7497088623047,228.54075655740715,228.56752431095538,228.5266233432012,54.18132886658566,0.04090096775416896,0.03143877935846607,0.00946218839570289,0.09593118564010698,64.74701826643424,73.7964179081069,226.900913296851
2024-11-14 14:44:00,228.57760620117188,228.6199951171875,228.57020568847656,228.5850067138672,26739,228.52472991943358,228.4705517578125,228.43016571044922,228.08841033935548,227.7593773651123,228.5449708580224,228.57021391140333,228.5309480373246,55.03612498627372,0.03926587407872262,0.03300419830251738,0.00626167577620524,0.09263534585945205,56.433882038355534,65.4585809376956,226.90284882232226
2024-11-14 14:45:00,228.58999633789062,228.62989807128906,228.47999572753906,228.47999572753906,54611,228.53121948242188,228.4769515991211,228.43365859985352,228.09967702229818,227.76832733154296,228.5387827503573,228.55633419080883,228.52717379215528,46.31208448215572,0.029160398653544917,0.032235438372722885,-0.003075039719177969,0.09672584570877692,32.79741752079463,51.32610594186148,226.90664406656694
2024-11-14 14:46:00,228.47999572753906,228.47999572753906,228.32290649414062,228.3300018310547,57739,228.5332145690918,228.48397766113283,228.43620864868163,228.11067708333334,227.7764273071289,228.51889885328086,228.52151382776972,228.51256846170338,37.2333473804155,0.00894536606634233,0.027577423911446776,-0.018632057845104445,0.1010375162580384,16.58360148447789,35.271633681209366,226.91026275331785
2024-11-14 14:47:00,228.33990478515625,228.33999633789062,228.25999450683594,228.26890563964844,53175,228.5264099121094,228.49195587158204,228.43749771118163,228.12053578694662,227.78496383666993,228.49508997579207,228.48265102959724,228.4945193637734,34.28511347160852,-0.011868334176170947,0.019688272293923233,-0.03155660647009418,0.09953496731494192,1.2710479136525643,16.884022306308378,226.91338076043647
2024-11-14 14:48:00,228.2642059326172,228.30999755859375,228.2100067138672,228.23500061035156,46036,228.51116027832032,228.49665588378906,228.43844772338866,228.12966908772788,227.79268882751464,228.47031956003582,228.4445509650979,228.47529575240884,32.73597648242192,-0.030744787310936772,0.009601660372951234,-0.04034644768388801,0.09956752998720056,2.937307679277564,6.93065235913602,226.91599464830014
2024-11-14 14:49:00,228.25,228.39500427246094,228.24159240722656,228.34500122070312,41733,228.50203552246094,228.50235595703126,228.44054779052735,228.14010243733725,227.8013638305664,228.45838448009937,228.4292356198064,228.46564430561583,41.90710732029623,-0.036408685809419694,0.0003995911364770479,-0.036808276945896744,0.10388439656735587,11.325959561288151,5.178105051406107,226.91848890566297
2024-11-14 14:50:00,228.35000610351562,228.4600067138672,228.35000610351562,228.4199981689453,56170,228.49903564453126,228.50715606689454,228.4433708190918,228.15116912841796,227.81021781921388,228.45472864094182,228.42781447352007,228.46226311030688,47.1935131783242,-0.034448636786805764,-0.006570054448179515,-0.02787858233862625,0.10467876060997777,24.665323893229157,12.976197044598306,226.92202864857285
2024-11-14 14:51:00,228.4199981689453,228.5,228.4199981689453,228.4949951171875,65604,228.49787063598632,228.5106558227539,228.44672073364256,228.16203572591147,227.82029281616212,228.4585635434414,228.43814995716122,228.46468770340914,51.906621985687536,-0.026537746247925043,-0.010563592808128621,-0.01597415343979642,0.10291612278459991,41.99829101562499,25.99652482338078,226.92631213665362
2024-11-14 14:52:00,228.5,228.50999450683594,228.46499633789062,228.50120544433594,41329,228.49493103027345,228.51217987060548,228.45083282470702,228.1721103922526,227.83069885253906,228.46262467685992,228.44785080134196,228.46739272125558,52.28638969978321,-0.019541919913621086,-0.012359258229227114,-0.007182661684393972,0.09877912608179368,52.41190592447916,39.691840277777786,226.92903396182544
2024-11-14 14:53:00,228.50990295410156,228.67999267578125,228.5,228.6199951171875,78689,228.4996810913086,228.51157989501954,228.45618270874024,228.18287974039714,227.84042381286622,228.47761233784348,228.47433454224128,228.47869660243572,58.96169408390323,-0.0043620601944383,-0.010759818622269351,0.006397758427831052,0.10458009391746916,65.74503580729166,53.38507758246529,226.93454619463265
2024-11-14 14:54:00,228.59750366210938,228.60000610351562,228.52000427246094,228.5500030517578,43372,228.50318145751953,228.50817993164063,228.46093276977538,228.1934130859375,227.84997383117675,228.4845066915496,228.48597585139768,228.48397856164476,54.154230631221104,0.0019972897529214606,-0.008208396947231189,0.01020568670015265,0.10425229040383296,70.85974461399935,63.00556211525674,226.93749028928627
2024-11-14 14:55:00,228.5500030517578,228.5500030517578,228.41009521484375,228.4199981689453,56301,228.49768142700196,228.50087982177735,228.46353271484375,228.20281239827474,227.85877380371093,228.47836302273012,228.4758254387127,228.47923927329663,46.560439504705165,-0.003413834583938069,-0.007249484474572566,0.0038356498906344967,0.10679911515456367,66.33995175626103,67.64824405918402,226.94106895698582
2024-11-14 14:56:00,228.4199981689453,228.42999267578125,228.33999633789062,228.41000366210938,38430,228.49168167114257,228.4945797729492,228.46433380126953,228.21201243082683,227.86822380065917,228.4718526074329,228.46569901154294,228.474110709505,46.026100560817255,-0.008411697962060316,-0.007481927172070116,-0.0009297707899901999,0.10559891677856807,53.19199593086804,63.46389743370949,226.94339520036027
2024-11-14 14:57:00,228.39999389648438,228.39999389648438,228.3000946044922,228.32000732421875,32221,228.48118209838867,228.48632781982423,228.46388381958008,228.22154652913412,227.87692337036134,228.4573911518887,228.44328490580074,228.46269564392824,41.416901035860846,-0.0194107381275046,-0.009867689363157014,-0.009543048764347587,0.10590678398132661,36.87975498630996,52.13723422447969,226.94526837995534
2024-11-14 14:58:00,228.3300018310547,228.33999633789062,228.2100067138672,228.24000549316406,51392,228.46443252563478,228.4758920288086,228.46213790893555,228.22991322835287,227.88464836120605,228.4366877558197,228.41201115001047,228.446200077205,37.7936384959319,-0.0341889271945206,-0.014731936929429732,-0.01945699026509087,0.1076269868414774,24.11393569472852,38.061895537302185,226.9480819786774
2024-11-14 14:59:00,228.23500061035156,228.2790985107422,228.22000122070312,228.25999450683594,39818,228.4464469909668,228.4676919555664,228.46103790283203,228.23831319173178,227.8919733428955,228.41985982734505,228.38862397413746,228.4324070719925,39.22427233192855,-0.043783097855026654,-0.02054216911454912,-0.023240928740477534,0.1041605799270192,13.474670735798611,24.822787138945714,226.950236666358
2024-11-14 15:00:00,228.27499389648438,228.27999877929688,227.85679626464844,228.00900268554688,174025,228.4153968811035,228.45287200927734,228.4577279663086,228.24450724283855,227.89764335632324,228.38073057574522,228.33022069896967,228.40104378410763,29.91957908163435,-0.07082308513795965,-0.030598352319231227,-0.040224732818728424,0.12694928954997767,11.836204219701083,16.47493688340942,226.95810614150255
2024-11-14 15:01:00,228.00999450683594,228.10000610351562,227.9149932861328,227.98109436035156,59391,228.3837013244629,228.4392938232422,228.4534539794922,228.25182790120442,227.9029983520508,228.34266998380298,228.27650895456688,228.36993641938494,29.093166268828092,-0.0934274648180633,-0.04316417481899765,-0.05026328999906565,0.13109668439518019,14.741716262057361,13.350863739185698,226.96064435878824
2024-11-14 15:02:00,228.0,228.02000427246094,227.85000610351562,228.0,82208,228.35220108032226,228.42989379882812,228.44875503540038,228.25942789713542,227.908073348999,228.3100347472503,228.23396911540277,228.34253372165273,30.493745661041466,-0.10856460624995634,-0.05624426110518939,-0.05232034514476695,0.1338753618630468,17.22032554486039,14.599415342206292,226.96399593103348
2024-11-14 15:03:00,228.0,228.02870178222656,227.8300018310547,227.85009765625,63007,228.316015625,228.4166958618164,228.44182403564454,228.26482788085937,227.91252380371094,228.2662312147741,228.1749119678408,228.30605697606734,26.092834259053014,-0.1311450082265253,-0.07122441052945658,-0.05992059769706873,0.13850568967082025,11.845177375413625,14.602406394110474,226.96641123035226
2024-11-14 15:04:00,227.8800048828125,227.89500427246094,227.5500030517578,227.6300048828125,94879,228.26826553344728,228.4000958251953,228.4330241394043,228.2682945760091,227.91632385253905,228.20563823077777,228.0910801086057,228.25597904323365,21.24479216540094,-0.16489893462795635,-0.08995931534915655,-0.0749396192787998,0.15325537045884202,9.171986473565385,12.74582979794648,226.96920975936973
2024-11-14 15:05:00,227.6199951171875,227.6999053955078,227.5850067138672,227.62240600585938,56911,228.2253860473633,228.38354400634765,228.4238461303711,228.27111063639322,227.91988586425782,228.15009230459506,228.01897640049089,228.20904770713184,21.09903296092717,-0.1900713066409594,-0.10998171360751713,-0.08008959303344226,0.15051560697182653,5.2838377222229775,8.76700052373401,226.97074897563914
2024-11-14 15:06:00,227.5850067138672,227.67059326171875,227.3699951171875,227.3800048828125,86650,228.17788619995116,228.36084411621093,228.41150619506837,228.2716439819336,227.9229278564453,228.07675064537767,227.92067309007882,228.14763712755263,17.074605680731885,-0.226964037473806,-0.13337817838077493,-0.09358585909303108,0.1612357882260711,4.7504595476712135,6.402094581153206,226.97251049088956
2024-11-14 15:07:00,227.3748016357422,227.5,227.30999755859375,227.4550018310547,97492,228.13719100952147,228.3413442993164,228.40125625610352,228.27134399414064,227.92615287780762,228.01753647258502,227.84903135792126,228.09633080929353,22.029833676281907,-0.24729945137227105,-0.15616243297907417,-0.09113701839319688,0.16329054916751248,6.137357464852691,5.390551578248974,226.97427407263885
2024-11-14 15:08:00,227.49000549316406,227.60000610351562,227.47000122070312,227.52999877929688,99487,228.10194091796876,228.32354431152345,228.39086822509765,228.27181060791017,227.92957786560058,227.9711043113195,227.79994942274828,228.05438028855306,26.74399061527552,-0.25443086580477825,-0.175816119544215,-0.07861474626056325,0.16198438654561428,9.915542606801953,6.934453206441968,226.9765051701509
2024-11-14 15:09:00,227.53500366210938,227.72000122070312,227.53500366210938,227.67990112304688,89247,228.06868591308594,228.30924224853516,228.38293930053712,228.27240997314453,227.9337523651123,227.94337067434117,227.78148045356346,228.02664109110816,35.179949526187926,-0.24516063754469997,-0.18968502314431201,-0.05547561440038795,0.16398567617851684,20.669923368861987,12.240941146838892,226.97888975128998
2024-11-14 15:10:00,227.67999267578125,227.6999969482422,227.54010009765625,227.5771026611328,51843,228.02654113769532,228.2955844116211,228.37396026611327,228.27245727539062,227.93688789367675,227.90848800641658,227.75003771626643,227.99334194814702,32.42254094243155,-0.24330423188058603,-0.2004088648915668,-0.04289536698901922,0.16369361720761835,25.091446965756123,18.558970980473372,226.9801860079754
2024-11-14 15:11:00,227.57000732421875,227.69000244140625,227.54209899902344,227.58999633789062,45697,227.98129119873047,228.278984375,228.3648602294922,228.27299123128256,227.94008735656737,227.87815546655696,227.72541596574706,227.96346449553545,33.1305011123282,-0.23804852978838653,-0.20793679787093075,-0.03011173191745578,0.1625657475772751,28.238921762675744,24.6667640324313,226.98132712637505
2024-11-14 15:12:00,227.58999633789062,227.82000732421875,227.51649475097656,227.77999877929688,326538,227.94523086547852,228.26528442382812,228.35796020507811,228.27429117838543,227.94438735961913,227.86880721062744,227.73381332167781,227.94987444248073,42.66304245588248,-0.2160611208029195,-0.20956166245732852,-0.006499458345590986,0.17263337798191175,33.38106348262459,28.903810737018834,226.99062143419025
2024-11-14 15:13:00,227.7888946533203,227.8249969482422,227.6300048828125,227.63999938964844,57318,227.89623107910157,228.25028442382813,228.34961013793946,228.27555786132814,227.94821235656738,227.84701598958182,227.7193804090579,227.92692073486353,38.32750608016435,-0.2075403258056383,-0.2091573951269905,0.0016170693213521936,0.1742304270853243,36.55293911663138,32.72430812064392,226.99221221878287
2024-11-14 15:14:00,227.6300048828125,227.63499450683594,227.39999389648438,227.39999389648438,56720,227.8387306213379,228.2302862548828,228.33797805786133,228.27355784098307,227.95101234436035,227.80444245690586,227.67024402250811,227.88788911720582,32.27263195386096,-0.21764509469770132,-0.21085493504113267,-0.006790159656568651,0.17892864609094847,31.288751971660997,33.74091819030567,226.99329110114644
2024-11-14 15:15:00,227.4199981689453,227.5800018310547,227.41000366210938,227.56500244140625,48539,227.79598083496094,228.21458221435546,228.3282780456543,228.27239115397134,227.9552123260498,227.7816386459059,227.6540530100309,227.8639715856651,39.36495045820244,-0.20991857563419103,-0.21066766315974436,0.0007490875255533325,0.17900573812518877,26.964594257752008,31.602095115348146,226.9942864191101
2024-11-14 15:16:00,227.57000732421875,227.99000549316406,227.57000732421875,227.97999572753906,93340,227.77448043823242,228.20838012695313,228.3227279663086,228.27392445882163,227.96201278686524,227.80052979653763,227.7041980434937,227.87256596654464,52.762617392459326,-0.16836792305093695,-0.2022077151379829,0.03383979208704596,0.19657697481323333,46.698697360594245,34.98401453000243,226.9973823904303
2024-11-14 15:17:00,227.99000549316406,228.0,227.82000732421875,227.82000732421875,64911,227.7494804382324,228.19668029785157,228.31572708129883,228.27605784098307,227.96766235351564,227.80238479917392,227.72201485591296,227.86867273377976,48.32912011976348,-0.14665787786680085,-0.19109774768374652,0.04443986981694567,0.1953923820252345,67.53949035082069,47.067593989722326,226.99960617136242
2024-11-14 15:18:00,227.8000030517578,228.0,227.79139709472656,227.97500610351562,90049,227.73623046875,228.1853805541992,228.30937713623047,228.2793911743164,227.97414337158204,227.81882492339696,227.7609365863134,227.87654927968612,52.49391672679356,-0.11561269337272506,-0.17600073682154221,0.06038804344881715,0.1963359908286776,87.83832668542247,67.35883813227916,227.002819402382
2024-11-14 15:19:00,227.9799041748047,228.00999450683594,227.8800048828125,227.8800048828125,127866,227.71723098754882,228.17243072509766,228.30298812866212,228.28279123942056,227.9798429107666,227.82465158619843,227.7792547857748,227.87680525028807,49.84217909125635,-0.09755046451326166,-0.1603106823598861,0.06276021784662444,0.1915969646283033,83.90729299607408,79.76170334410575,227.0073497013214
2024-11-14 15:20:00,227.85499572753906,227.88999938964844,227.74000549316406,227.8300018310547,54101,227.70828094482422,228.15943084716798,228.29584915161132,228.28459126790364,227.98564292907716,227.82516113332758,227.7870620235102,227.87333833034486,48.454752659456226,-0.08627630683466236,-0.14550380725484136,0.05922750042017899,0.18862531690373702,84.03144341057805,85.25902103069154,227.00903838200227
2024-11-14 15:21:00,227.8209991455078,227.82159423828125,227.57000732421875,227.60000610351562,70130,227.68922653198243,228.14106506347656,228.28619918823242,228.28519134521486,227.99084297180175,227.803717797155,227.7582841896649,227.85309149872788,42.5831261231448,-0.09480730906298618,-0.13536450761647034,0.040557198553484164,0.19372311618460847,62.8351582814069,76.92463156268636,227.01079752865382
2024-11-14 15:22:00,227.60000610351562,227.64999389648438,227.5200958251953,227.58990478515625,81002,227.66872177124023,228.12166320800782,228.27609817504882,228.28492401123046,227.9956925201416,227.78335465315513,227.73237966589434,227.83359618661146,42.340453645603176,-0.10121652071711651,-0.12853491023659958,0.027318389519483066,0.1891641844063552,46.069467836830874,64.31202317627196,227.01257884794444
2024-11-14 15:23:00,227.59500122070312,227.8300018310547,227.59500122070312,227.74769592285156,90586,227.66360168457032,228.10611724853516,228.26752517700194,228.2833753458659,228.00018096923827,227.7799585836024,227.73473601311855,227.8272332041107,47.384572578419885,-0.09249719099216236,-0.12132736638771213,0.028830175395549773,0.19280224594150394,40.3073433891154,49.73732316911774,227.01503216637036
2024-11-14 15:24:00,227.75999450683594,227.75999450683594,227.47000122070312,227.47000122070312,118279,227.65560150146484,228.08591735839843,228.25522521972655,228.27904205322267,228.0033809661865,227.75043883475485,227.69400758351617,227.80077157571017,40.64555185952866,-0.10676399219400423,-0.11841469154897057,0.011650699354966335,0.19974446309802601,33.20325854032735,39.86002325542455,227.01750407062107
2024-11-14 15:25:00,227.47999572753906,227.52000427246094,227.37600708007812,227.38600158691406,64555,227.64378128051757,228.0630374145508,228.2431852722168,228.27398203531902,228.00615600585937,227.7157305254367,227.6466220455774,227.7700478728364,38.845856458706436,-0.1234258272589841,-0.11941691869097328,-0.004008908568010824,0.1957625151897965,23.351108700944195,32.28723687679567,227.01850395537062
2024-11-14 15:26:00,227.39500427246094,227.52999877929688,227.33999633789062,227.4149932861328,1105225,227.6455307006836,228.0407373046875,228.23303619384765,228.26924865722657,228.00913093566894,227.68708888359822,227.61098685181668,227.74374753308058,39.83601230726471,-0.13276068126390328,-0.12208567120555928,-0.010675010058343995,0.19535108134811466,8.082218633440151,21.545528624903913,227.03493595504244
2024-11-14 15:27:00,227.41000366210938,227.4499969482422,227.27999877929688,227.33999633789062,91068,227.6397804260254,228.01693725585938,228.2230081176758,228.26351531982422,228.01178092956542,227.6540324506737,227.56929600352038,227.71384003714059,38.11672729081624,-0.14454403362020685,-0.1265773436884888,-0.017966689931718044,0.1935401590336288,6.996316200481259,12.809881178288549,227.0359953625393
2024-11-14 15:28:00,227.34500122070312,227.44500732421875,227.13999938964844,227.19000244140625,98747,227.62278060913087,227.98923736572266,228.21150817871094,228.25726603190105,228.01320594787597,227.60983911645775,227.5109431478105,227.67503725227138,34.87483309204161,-0.16409410446087236,-0.1340806958429655,-0.030013408617906856,0.2015021430005348,8.386668724101128,7.82173451934086,227.03678641248428
2024-11-14 15:29:00,227.22999572753906,227.27999877929688,226.99000549316406,227.03500366210938,151107,227.59053573608398,227.95754333496095,228.19905822753907,228.25133270263672,228.01358093261717,227.55509288271028,227.43772168847187,227.62762735670384,31.859333383461383,-0.1899056682319724,-0.1452456903207669,-0.04465997791120552,0.20782293893855466,6.126011308204994,7.169665410929142,227.03713774406785
2024-11-14 15:30:00,227.03500366210938,227.27000427246094,227.03500366210938,227.16009521484375,99722,227.56968536376954,227.92814514160156,228.18786010742187,228.24666666666667,228.01445640563963,227.5174740571992,227.3950099232983,227.59299534619566,36.62220287920763,-0.19798542289737497,-0.15579363683608852,-0.04219178606128646,0.20976420118234093,8.94492823355265,7.819202755286271,227.03755754711315
2024-11-14 15:31:00,227.17999267578125,227.25999450683594,227.11000061035156,227.22999572753906,49020,227.55168533325195,227.90044494628907,228.1766600036621,228.24159993489585,228.0159063720703,227.49009516866013,227.3696231239507,227.56610648555443,39.18045041591348,-0.19648336160372537,-0.1639315817896159,-0.03255177981410948,0.2054948937039148,14.871994335238204,9.98097795899863,227.03784137715485
2024-11-14 15:32:00,227.22000122070312,227.28500366210938,227.13999938964844,227.14500427246094,64542,227.51993560791016,227.87074493408204,228.16501007080078,228.2360333251953,228.01713088989257,227.45722936902212,227.33506637756767,227.53491372902897,37.21353390786338,-0.19984735146130106,-0.17111473572395294,-0.028732615737348116,0.20117413504370216,18.4668242427869,14.094582270525931,227.03819063136635
2024-11-14 15:33:00,227.16000366210938,227.25999450683594,227.118896484375,227.2100067138672,62761,227.4984359741211,227.84346893310547,228.15406021118164,228.23076670328777,228.01847496032715,227.43368435424546,227.31582642930607,227.51084654272069,39.70655353593345,-0.19502011341461412,-0.1758958112620852,-0.019124302152528916,0.19688298414493324,21.05652535380379,18.131781310609643,227.03854273686537
2024-11-14 15:34:00,227.2100067138672,227.4197998046875,227.19000244140625,227.3350067138672,58609,227.49518661499025,227.81846893310546,228.144510345459,228.22626678466796,228.02092498779297,227.42428648373323,227.3187772423155,227.49782137021302,44.28771556811199,-0.17904412789752655,-0.17652547458917348,-0.002518653308353075,0.19923401122609874,26.904207079063656,22.142518891884794,227.03911634786576
2024-11-14 15:35:00,227.3350067138672,227.49000549316406,227.3350067138672,227.38999938964844,71853,227.48643646240234,227.79666900634766,228.13681030273438,228.22132873535156,228.02392501831054,227.42102104620133,227.32973449575132,227.48983455683785,46.22358865592761,-0.1601000610865242,-0.17324039188864365,0.01314033080211946,0.19607435180258276,37.7116758056279,28.557469412831797,227.0400449167496
2024-11-14 15:36:00,227.4149932861328,227.6688995361328,227.39999389648438,227.64999389648438,72629,227.4699363708496,227.78306884765624,228.13352325439453,228.21849538167316,228.02877502441407,227.44282798432351,227.37900517278717,227.5016982116265,54.30739400666134,-0.1226930388393157,-0.16313092127877807,0.040437882439462364,0.20199047999413935,55.75355737208597,40.12314675225919,227.04140849178847
2024-11-14 15:37:00,227.65499877929688,227.80850219726562,227.63999938964844,227.72999572753906,138121,227.46543579101564,227.77229064941406,228.13212326049805,228.21576202392578,228.03347450256348,227.47017729320117,227.43300371967206,227.51860913873114,56.475489297796294,-0.08560541905907826,-0.1476258208348381,0.06202040177575985,0.19959850339578564,72.1991251275291,55.22145276841434,227.04472435961807
2024-11-14 15:38:00,227.72500610351562,227.72500610351562,227.49960327148438,227.5050048828125,92427,227.44193572998046,227.75769073486327,228.12717330932617,228.21152872721353,228.03667449951172,227.4734942064975,227.44408082169366,227.5176014160705,49.37927460314159,-0.07352059437684488,-0.13280477554323947,0.059284181166394584,0.20179807144285006,77.29966704392383,68.41744984784631,227.04644208693605
2024-11-14 15:39:00,227.5,227.6999969482422,227.47999572753906,227.69020080566406,102637,227.43244552612305,227.7445947265625,228.12347534179688,228.2085634358724,228.04122550964357,227.49413293022764,227.4819454346122,227.5303865560404,54.45248307004899,-0.0484411214282261,-0.1159320447202368,0.0674909232920107,0.2030982963900126,79.62503806168166,76.37461007771155,227.04850408074557
2024-11-14 15:40:00,227.69000244140625,227.8300018310547,227.6750030517578,227.77999877929688,133534,227.42994537353516,227.73179473876954,228.11947540283202,228.2061787923177,228.04632553100586,227.52135824918662,227.5277997953329,227.5488763503557,56.7175744808824,-0.021076555022801813,-0.0969609467807498,0.07588439175794799,0.19966261659764567,80.83796258598424,79.25422256386327,227.05180479072945
2024-11-14 15:41:00,227.78990173339844,227.78990173339844,227.6699981689453,227.7100067138672,60499,227.43544540405273,227.71609497070312,228.11337539672851,228.20317881266277,228.0505505371094,227.5393247696324,227.55583162895357,227.56081193283802,54.44486005071299,-0.004980303884451587,-0.07856481820149017,0.07358451431703858,0.19396554144446565,88.43617937379781,82.96639334048793,227.05320989658404
2024-11-14 15:42:00,227.7100067138672,227.74249267578125,227.64010620117188,227.69000244140625,67987,227.44045028686523,227.69987091064453,228.106025390625,228.2005121866862,228.0540505218506,227.55367502408706,227.57647329240783,227.57038160013937,53.781546090962806,0.0060916922684555175,-0.06163351610750103,0.06772520837595655,0.18742417952767346,87.69845594913714,85.65753263630643,227.05470582088034
2024-11-14 15:43:00,227.7100067138672,227.8000030517578,227.66000366210938,227.76499938964844,84587,227.4413154602051,227.68277099609375,228.09717544555664,228.19837880452474,228.0578525543213,227.5738011541405,227.60547730736792,227.5847977326956,55.94839914686127,0.020679574672328727,-0.04517089795153508,0.06585047262386381,0.18403669453629945,86.95723716673342,87.69729082988947,227.05670507314608
2024-11-14 15:44:00,227.76499938964844,227.86500549316406,227.74000549316406,227.77999877929688,180225,227.45681533813476,227.66737091064454,228.08777542114257,228.1964121500651,228.06190254211427,227.59343902320302,227.63232676458773,227.59925706948087,56.388778528272084,0.03306969510686031,-0.029522779339856003,0.06259247444671631,0.17981978778370664,87.96593739785033,87.54054350457363,227.06125487926994
2024-11-14 15:45:00,227.8000030517578,227.82000732421875,227.68690490722656,227.7613983154297,87921,227.47558517456054,227.65419891357422,228.07753936767577,228.19375478108725,228.0656590270996,227.60943514627223,227.6521839262557,227.61126753214373,55.645873805432466,0.04091639411197434,-0.015434944649489935,0.056351338761464274,0.1764828327271696,88.89271545512719,87.93863000657034,227.06333757202518
2024-11-14 15:46:00,227.76499938964844,227.85000610351562,227.67999267578125,227.85000610351562,81954,227.4973358154297,227.64299896240234,228.06878936767578,228.19055552164713,228.0697590637207,227.6323466660097,227.6826181073726,227.62895187076387,58.45391419147643,0.05366623660873415,-0.0016147083978451174,0.05528094500657927,0.17602073237054144,90.948074879456,89.26890924414452,227.0653714371607
2024-11-14 15:47:00,227.8455047607422,228.0,227.74000549316406,227.75540161132812,113700,227.51810607910156,227.63170684814452,228.05901733398437,228.18649149576822,228.07408660888672,227.64406618461146,227.6938155695196,227.63831851821308,54.48756225343521,0.055497051306502954,0.009807643543024496,0.045689407763478455,0.18201885911806975,84.63529875657872,88.15869636372065,227.0683225696308
2024-11-14 15:48:00,227.75,227.82000732421875,227.69500732421875,227.69500732421875,84330,227.5433563232422,227.6208068847656,228.04834945678712,228.18169423421224,228.07763664245604,227.6489177217169,227.69399891639637,227.6425176890283,52.05903732473575,0.051481227368071814,0.018142360308033963,0.03333886706003785,0.1779460834667791,73.97606848388689,83.18648070664055,227.07022585397397
2024-11-14 15:49:00,227.6649932861328,227.85000610351562,227.61000061035156,227.80999755859375,84567,227.5821060180664,227.6118069458008,228.0397494506836,228.17796091715493,228.081686630249,227.66425865856235,227.7118448613498,227.65492360529242,56.07345042949626,0.056921256057364644,0.0258981394579001,0.031023116599464544,0.1823788984451565,64.09060076597723,74.23398933548096,227.07218056768522
2024-11-14 15:50:00,227.8300018310547,228.18499755859375,227.8300018310547,228.18499755859375,171924,227.63335113525392,227.61532684326173,228.03409942626953,228.17692759195964,228.08721214294434,227.71385283951773,227.78463758400272,227.69418834257402,66.05585517487013,0.09044924142870059,0.0388083598520602,0.05164088157664039,0.19613754855621676,74.15640841674457,70.74102588886957,227.0779046526394
2024-11-14 15:51:00,228.19000244140625,228.24000549316406,227.9499969482422,227.9600067138672,119081,227.66985168457032,227.61490509033203,228.0270994567871,228.17393768310546,228.09259719848632,227.73729606564626,227.8116174501357,227.71387859229947,57.59844991095652,0.09773885783624792,0.05059445944889775,0.04714439838735017,0.20284261972519235,77.16392577118228,71.80364498463472,227.08176473020495
2024-11-14 15:52:00,227.9499969482422,228.0198974609375,227.80999755859375,227.84860229492188,106045,227.70503158569335,227.61187713623048,228.0208854675293,228.16979573567707,228.09754020690917,227.7478966589106,227.81730742625666,227.72385812582706,53.91735784744509,0.09344930042959732,0.05916542764503767,0.034283872784559646,0.2033467113408036,70.5529232251847,73.95775247103721,227.08462269981302
2024-11-14 15:53:00,227.85000610351562,228.0500030517578,227.85000610351562,227.9499969482422,167987,227.7420310974121,227.6138751220703,228.01528549194336,228.16584106445313,228.10208969116212,227.76714430551363,227.83772119886981,227.74060914970966,56.63388306002518,0.09711204916015959,0.06675475194806205,0.03035729721209754,0.203207714590456,55.20867469453819,67.64184123030174,227.08942639037687
2024-11-14 15:54:00,227.9499969482422,228.3800048828125,227.9199981689453,228.3000030517578,277102,227.79028091430663,227.6272750854492,228.01368545532227,228.16444112141926,228.10803970336914,227.8178927575369,227.9088414839295,227.78204573504658,64.42892719811529,0.12679574888292677,0.078762951335035,0.048032797547891776,0.22155050025307968,64.02590159786992,63.26249983919761,227.09950317754223
2024-11-14 15:55:00,228.3000030517578,228.35000610351562,228.0050048828125,228.00999450683594,245962,227.821280670166,227.63502685546874,228.0092854309082,228.16090637207031,228.1120896911621,227.83618816223205,227.92440348745356,227.7989308292532,55.52332365775532,0.12547265820035136,0.08810489270809828,0.03736776549225308,0.23036840885665436,65.17481163885061,61.46979597708626,227.10766974804906
2024-11-14 15:56:00,228.00999450683594,228.1999053955078,228.0,228.125,183046,227.84503097534179,227.6499267578125,228.0053854370117,228.15764638264974,228.1162146759033,227.8636940515433,227.95526448938378,227.8230841011604,58.00245122256701,0.1321803882233894,0.09691999181115651,0.035260396412232886,0.22819247933173706,69.47994900554201,66.22688741408753,227.11358414712709
2024-11-14 15:57:00,228.1300048828125,228.2899932861328,228.11500549316406,228.1699981689453,247322,227.8670310974121,227.6642266845703,228.00278549194337,228.15557973225913,228.11956466674803,227.89286587224825,227.98830044008554,227.84878143951482,58.966211678559965,0.13951900057071498,0.10543979356306821,0.03407920700764677,0.2243921445915237,63.852063227843495,66.1689412907454,227.12212567854624
2024-11-14 15:58:00,228.17990112304688,228.2299041748047,227.99000549316406,228.0449981689453,275709,227.89403076171874,227.67452667236327,227.99903549194335,228.15208770751954,228.12248962402344,227.9073546624099,227.99702316760244,227.8633160120652,55.17818992966399,0.13370715553722334,0.11109326595789924,0.0226138895793241,0.22549975438074524,65.36736486798908,66.23312570045822,227.1305845035571
2024-11-14 15:59:00,228.05999755859375,228.35000610351562,228.0399932861328,228.19000244140625,690979,227.91902084350585,227.68472869873048,227.9969854736328,228.15020243326822,228.125489654541,227.93427349850478,228.02671228664917,227.88751500683122,58.508068226141276,0.1391972798179495,0.1167140687299093,0.02248321108804019,0.23153640173803575,68.18130775683834,65.80024528422365,227.1534022163619
2024-11-15 09:30:00,225.9199981689453,226.82989501953125,225.9199981689453,226.61000061035156,4268770,227.8605209350586,227.66538665771483,227.98048553466796,228.1377690633138,228.1206896209717,227.80815227106163,227.80875664414185,227.7928843107957,31.258199867908747,0.015872333346152345,0.09654572165315792,-0.08067338830700557,0.3771412496468145,53.2887247746601,62.27913246649586,226.45329793294272
2024-11-15 09:31:00,226.61000061035156,226.9199981689453,226.32000732421875,226.5688018798828,152713,227.80346069335937,227.64496276855468,227.96197357177735,228.1248944091797,228.11598411560058,227.69011890047315,227.61799437271736,227.7022115381355,30.85466560060695,-0.0842171654181243,0.06039314423890148,-0.14461030965702576,0.3930590778667965,43.24912032197843,54.90638428449231,226.45846625457142
2024-11-15 09:32:00,226.57000732421875,226.57000732421875,226.056396484375,226.21499633789062,162696,227.7297103881836,227.61366271972656,227.93947357177734,228.10986104329427,228.10913406372072,227.54963103737006,227.40214852120556,227.59204744922846,27.56372633887921,-0.18989892802289887,0.01033472978654141,-0.20023365780944027,0.40166991800800744,22.13820951624808,39.558684870962225,226.45214891552126
2024-11-15 09:33:00,226.2100067138672,226.58999633789062,226.16000366210938,226.2550048828125,159984,227.6542106628418,227.58596282958985,227.918123626709,228.09506103515625,228.10315910339355,227.42633330836458,227.2256648845297,227.4930072591236,28.49252857631744,-0.26734237459390897,-0.04520069108954867,-0.2221416835043603,0.40369297213466765,17.327982433832233,27.571770757352937,226.44819844170533
2024-11-15 09:34:00,226.25,226.60000610351562,226.17999267578125,226.33999633789062,116624,227.58221054077148,227.56476287841798,227.8975245666504,228.08023966471353,228.0963591003418,227.3228726445099,227.08940818504675,227.40759904273597,30.530365182072188,-0.31819085768921695,-0.09979872440948231,-0.21839213327973464,0.4048587189632182,14.227644797862942,17.89794558264777,226.44640217739328
2024-11-15 09:35:00,226.3300018310547,226.49000549316406,226.11000061035156,226.31500244140625,155512,227.5098907470703,227.53976287841797,227.87717254638673,228.06543965657553,228.089234085083,227.2268850061191,226.9702688398713,227.32666596115598,30.257284317082874,-0.3563971212846866,-0.15111840378452318,-0.2052787175001634,0.4030834449524526,15.582737353124209,15.712788194939813,226.44201860845837
2024-11-15 09:36:00,226.35000610351562,226.36000061035156,226.10000610351562,226.125,103818,227.42364044189452,227.50266296386718,227.85552154541017,228.0493729654948,228.081109085083,227.1219435769649,226.8402274798911,227.23765366773702,28.192818642409232,-0.3974261878459231,-0.20037996059680319,-0.1970462272491199,0.39286280651555866,13.821158382903578,14.543846844630261,226.43700998354748
2024-11-15 09:37:00,226.1199951171875,226.4199981689453,226.00999450683594,226.33999633789062,176655,227.35287017822264,227.47306274414063,227.8348715209961,228.03483896891277,228.07530906677246,227.04747241133876,226.76326884266027,227.17116053219283,33.704901120381905,-0.40789168953256194,-0.24188230638395494,-0.166009383148607,0.39408715334368843,13.821158382903578,14.408351372977139,226.43099515119798
2024-11-15 09:38:00,226.3300018310547,226.3800048828125,225.97999572753906,226.0500030517578,254718,227.2706199645996,227.43456268310547,227.80997161865236,228.01777231852213,228.06818405151367,226.9524753294739,226.6535356440599,227.08811182993838,30.323695944293718,-0.434576185878484,-0.2804210822828608,-0.15415510359562323,0.3945101534815277,10.252137477953925,12.631484747920377,226.41749058720023
2024-11-15 09:39:00,226.0399932861328,226.0572052001953,225.8000030517578,225.85499572753906,208007,227.17286987304686,227.3940625,227.78324661254882,228.00001291910806,228.06060905456542,226.847953462623,226.53068334921053,226.99676989642734,28.269930370122122,-0.4660865472168041,-0.31755417526964946,-0.14853237194715463,0.38470243883552574,8.193200116973673,10.755498659277078,226.3989480836591
2024-11-15 09:40:00,225.85000610351562,225.86000061035156,225.6416015625,225.74000549316406,179183,227.05062026977538,227.3522625732422,227.75584671020508,227.98132029215495,228.05150909423827,226.7424346083888,226.40904060212648,226.90367623692637,27.104195012359142,-0.4946356347998915,-0.35297046717569786,-0.14166516762419362,0.3728236251938141,3.713277007777559,7.386204867568405,226.3792834916957
2024-11-15 09:41:00,225.75,225.82000732421875,225.52999877929688,225.72999572753906,298276,226.939119720459,227.31486236572266,227.7279637145996,227.96242024739584,228.0426091003418,226.6460118578317,226.30457215988227,226.8167369399347,26.999823066209,-0.5121647800524443,-0.38480932975104715,-0.1273554503013971,0.36690826231724705,4.293975086095587,5.400150736948959,226.34647866072007
2024-11-15 09:42:00,225.72000122070312,225.75999450683594,225.5800018310547,225.5800018310547,93941,226.82568969726563,227.27466430664063,227.6981637573242,227.94228688557942,228.03235908508302,226.54448709337672,226.1930998016011,226.72512693186954,25.420175596351463,-0.5320271302684318,-0.4142528898545241,-0.11777424041390777,0.35355714899324725,4.166168525605612,4.057806873159605,226.33599556974517
2024-11-15 09:43:00,225.5850067138672,225.64500427246094,225.1699981689453,225.1999969482422,1143008,226.6881896972656,227.22371032714844,227.66491378784178,227.91958689371745,228.01845909118651,226.4164404128877,226.0403147472382,226.61215434048975,21.92104060125217,-0.5718395932515534,-0.44577023053393,-0.12606936271762342,0.3622320743162742,3.5264803872160413,3.9955413329724325,226.1834198880818
2024-11-15 09:44:00,225.19500732421875,225.3092041015625,225.08999633789062,225.12010192871094,235820,226.5291946411133,227.1767123413086,227.6313148498535,227.89572092692057,228.00345962524415,226.29297960487088,225.89874354438786,226.50163193961725,21.2584741313687,-0.6028883952293995,-0.47719386347302395,-0.12569453175637557,0.3520160521273885,1.7108272748943936,3.1344920625720345,226.15251691166515
2024-11-15 09:45:00,225.14999389648438,225.61900329589844,225.14999389648438,225.59359741210938,134289,226.40837478637695,227.1408642578125,227.60195083618163,227.87574493408204,227.9907025909424,226.22637177698883,225.85179798557579,226.43437012276482,33.991926351750806,-0.5825721371890324,-0.49826951821622567,-0.08430261897280678,0.36250786034596794,12.236725798015327,5.824677820041939,226.14056174161195
2024-11-15 09:46:00,225.5800018310547,225.64999389648438,224.92999267578125,224.93499755859375,190634,226.24887466430664,227.0912643432617,227.5660008239746,227.85244557698567,227.97475257873535,226.10338375618932,225.7107517660401,226.32330548838178,27.363573470863837,-0.612553722341687,-0.521126359041318,-0.09142736330036905,0.38804310037147915,11.765217535375557,8.57092353609511,226.11757313624724
2024-11-15 09:47:00,224.94500732421875,225.19000244140625,224.94000244140625,225.08999633789062,154443,226.0948745727539,227.04626434326173,227.53160079956055,227.83076019287108,227.9592025756836,226.0068706687323,225.6152509309402,226.23194925501207,30.784355806906454,-0.6166983240718764,-0.5402407520474297,-0.0764575720244467,0.37854037054583783,14.410506858202234,12.804150063864393,226.0978791964634
2024-11-15 09:48:00,225.08999633789062,225.27999877929688,225.0399932861328,225.25990295410156,120423,225.95561981201172,227.00766235351563,227.49844985961914,227.81022623697916,227.94486511230468,225.93573088638652,225.56058201142656,226.159945825315,34.42975007225458,-0.5993638138884307,-0.5520653644156299,-0.04729844947280082,0.3686450221614253,10.342864251289763,12.172862881622537,226.08476984488198
2024-11-15 09:49:00,225.25,225.58999633789062,225.17990112304688,225.47500610351562,126477,225.8198699951172,226.97646240234374,227.46700286865234,227.7915262858073,227.93261512756348,225.8918523356369,225.54741648713258,226.10920954962617,38.822657110535324,-0.5617930624935923,-0.5540109040312224,-0.007782158462369848,0.3716057502101628,22.435616376264345,15.729662495252134,226.07472780639506
2024-11-15 09:50:00,225.39999389648438,225.4199981689453,225.2100067138672,225.30999755859375,107885,225.7548698425293,226.93946044921876,227.43380279541014,227.77172688802082,227.91986511230468,225.83643759496613,225.51089049812663,226.05000866140156,36.786647900201906,-0.5391181632749351,-0.551032355879965,0.011914192605029905,0.36399101017003954,27.74315264679124,20.173877758115136,226.06511355696898
2024-11-15 09:51:00,225.3000030517578,225.3300018310547,225.16000366210938,225.27000427246094,71961,225.6899299621582,226.9002606201172,227.40035278320312,227.75119354248048,227.90626510620118,225.78249156425136,225.47383107879344,225.99223055851706,36.289889221022875,-0.5183994797236267,-0.5445057806486974,0.026106300925070713,0.35013437865398755,28.510138386222355,26.229635803092663,226.05833345163217
2024-11-15 09:52:00,225.24000549316406,225.3300018310547,225.14999389648438,225.14999389648438,82254,225.63667984008788,226.86036041259766,227.36555267333983,227.73012685139975,227.8921150970459,225.72225369113067,225.42400997382282,225.92984265762576,34.772464651072,-0.5058326838029359,-0.5367711612795452,0.030938477476609272,0.3379824897908679,22.823249089155457,26.358846707389702,226.05031110463452
2024-11-15 09:53:00,225.14999389648438,225.17990112304688,224.97500610351562,225.0800018310547,87614,225.5779296875,226.8177603149414,227.33061462402344,227.7086269124349,227.87751510620117,225.66108684731392,225.3710856441662,225.86689148528717,33.88262208273093,-0.49580584112098336,-0.5285780972478329,0.03277225612684953,0.32847624191518093,19.698678986740166,23.677355487372676,226.0406179136616
2024-11-15 09:54:00,225.10000610351562,225.22500610351562,225.0399932861328,225.0500030517578,69106,225.51343002319337,226.77206024169922,227.29526458740236,227.68702697753906,227.8627151489258,225.60288839059427,225.32168832225722,225.80638123095164,33.48707843031836,-0.48469290869442716,-0.5198010595371518,0.03510815084272467,0.3182288544485832,16.377082902931942,19.633003659609205,226.03331603502153
2024-11-15 09:55:00,225.0399932861328,225.0800018310547,224.85000610351562,224.93699645996094,120142,225.44452972412108,226.72300018310546,227.25983459472656,227.66554026285806,227.84674659729004,225.53947011148634,225.26250495882704,225.74198235902642,31.972875834584432,-0.4794774001993858,-0.5117363276695986,0.03225892747021286,0.3119264882407603,13.05782356827661,16.377861819316262,226.0188902464493
2024-11-15 09:56:00,224.94000244140625,225.11000061035156,224.8820037841797,225.02999877929688,68118,225.38977966308593,226.67060028076173,227.22683456420899,227.64588226318358,227.8315216064453,225.4909490322302,225.22673477736086,225.68924283460203,34.594066200791595,-0.46250805724116617,-0.5018906735839122,0.03938261634274598,0.3059315123786971,15.181006470759508,14.87197098065604,226.01127058253837
2024-11-15 09:57:00,225.02439880371094,225.22500610351562,225.02439880371094,225.22500610351562,97739,225.3340301513672,226.62050048828124,227.19639556884766,227.62824900309244,227.81694664001463,225.4656211342574,225.22646882753853,225.65485492859563,39.82938052415621,-0.4283861010571002,-0.4871897590785498,0.0588036580214496,0.2984083543376964,26.31154823499649,18.183459424677554,226.00214836876586
2024-11-15 09:58:00,225.19000244140625,225.1999969482422,224.9499969482422,225.0399932861328,148793,225.28352966308594,226.57120025634765,227.16444549560546,227.608515625,227.80144660949708,225.4250851487217,225.1977802827069,225.60930962174655,36.81828365639667,-0.41152933903964595,-0.47205767507076907,0.06052833603112312,0.2967369829759636,31.04130108593372,24.177951930563257,225.98711115552013
2024-11-15 09:59:00,225.0500030517578,225.11000061035156,224.9550018310547,225.07000732421875,75599,225.24428024291993,226.51879638671875,227.13169555664064,227.58858235677084,227.78612167358398,225.39126821305476,225.17812290447796,225.56936130341117,37.64189324201458,-0.39123839893321133,-0.45589381984325755,0.06465542091004622,0.2866128255703144,32.7083492281478,30.020399516359358,225.97950614975989
2024-11-15 10:00:00,225.06500244140625,225.2899932861328,225.00999450683594,225.10989379882812,173870,225.21277465820313,226.46539428710938,227.09859451293946,227.56811503092447,227.7709826660156,225.36447064979507,225.16762611899335,225.53532667344206,38.783933206918235,-0.3677005544487031,-0.43825516676434667,0.07055461231564358,0.2861403936936402,28.789918240220782,30.84652285143412,225.96414287716163
2024-11-15 10:01:00,225.0800018310547,225.3000030517578,225.0,225.07000732421875,86067,225.1797752380371,226.4125942993164,227.06434463500977,227.5464483642578,227.75553268432617,225.3364265235497,225.15260784287418,225.50085857349958,38.03379256167806,-0.34825073062540923,-0.4202542795365592,0.07200354891114996,0.2871305835553668,30.78376051672454,30.76067599503106,225.95662447588637
2024-11-15 10:02:00,225.0800018310547,225.1699981689453,224.89999389648438,224.9499969482422,107562,225.14827499389648,226.35779418945313,227.02883255004883,227.52328165690105,227.73983268737794,225.29962370685374,225.1214369360077,225.4600540086657,35.79074047709943,-0.33861707265799623,-0.4039268381608466,0.06530976550285039,0.2859072756200504,26.121054657428783,28.564911138124717,225.94612587372248
2024-11-15 10:03:00,224.97000122070312,225.2100067138672,224.9600067138672,225.11000061035156,85097,225.14377517700194,226.30469421386718,226.99373260498047,227.49968170166017,227.72495765686034,225.28156436432974,225.1196775012914,225.4341241273091,40.80333712332621,-0.31444662601771256,-0.3860307957322198,0.07158416971450726,0.2840574534775468,29.618816000187707,28.84121039144703,225.93873422759066
2024-11-15 10:04:00,225.11000061035156,225.2550048828125,225.0399932861328,225.04220581054688,94108,225.13988037109374,226.2499383544922,226.95865463256837,227.47516306559245,227.70979370117186,225.2587683115885,225.1077587796384,225.4050931408823,39.3998425830103,-0.2973343612438839,-0.36829150883455264,0.07095714759066873,0.279125606563414,33.056041003335096,29.598637220317215,225.93088865917466
2024-11-15 10:05:00,225.0500030517578,225.10000610351562,224.80999755859375,224.8300018310547,106102,225.10170059204103,226.1913104248047,226.92275466918946,227.44879638671875,227.6931436920166,225.21793340868052,225.06502694139476,225.36249378459874,35.306217533499634,-0.29746684320397776,-0.3541265757084377,0.056659732504459936,0.27990295930330406,29.8342040800984,30.83635369454042,225.9201116203757
2024-11-15 10:06:00,224.8300018310547,224.92999267578125,224.72999572753906,224.9199981689453,101355,225.1009506225586,226.1327102661133,226.8878546142578,227.42342966715495,227.67609420776367,225.18955862394384,225.04271482255638,225.32971633158738,38.237092581044315,-0.2870015090310005,-0.34070156237295024,0.053700053341949716,0.27419538708465285,25.74074641416048,29.543663832531347,225.9094935541062
2024-11-15 10:07:00,224.91000366210938,225.0,224.86000061035156,224.9199981689453,87213,225.09245071411132,226.07600219726564,226.8538545227051,227.39801228841145,227.65886917114258,225.16388619965826,225.02383533738544,225.29936683805835,38.23709258104431,-0.275531500672912,-0.3276675500329426,0.052136049360030634,0.2646099586963518,23.504536844130133,26.35982911279636,225.9010955059438
2024-11-15 10:08:00,224.94000244140625,225.07000732421875,224.9250030517578,225.00360107421875,119590,225.0796356201172,226.0221740722656,226.8214904785156,227.37295766194663,227.6418141937256,225.14862094961643,225.02072237382134,225.2774582629591,41.111391622213176,-0.256735889137758,-0.3134812178539057,0.05674532871614768,0.25642418702328645,38.222329300067805,29.155870852786155,225.89065432537598
2024-11-15 10:09:00,225.00010681152344,225.02999877929688,224.80499267578125,224.82000732421875,104443,225.04688568115233,225.96237426757813,226.78709060668945,227.3472910563151,227.62406425476075,225.11732441386428,224.98984313542093,225.24357300823758,37.03532237253887,-0.25372987281664905,-0.30153094884645437,0.04780107602980532,0.25418003820131063,32.37498661526929,31.36728425315576,225.88058457803874
2024-11-15 10:10:00,224.85000610351562,225.0,224.8000030517578,224.9199981689453,81452,225.02738571166992,225.89707427978516,226.75620056152343,227.32175771077473,227.606964263916,225.09853143815772,224.97909775596315,225.21960450162334,40.495634181723496,-0.24050674566018415,-0.28932610820920035,0.0488193625490162,0.2503098174899447,32.37498661526929,34.32410084353548,225.87303824354032
2024-11-15 10:11:00,224.9499969482422,225.02999877929688,224.82000732421875,224.87989807128906,99351,225.00788040161132,225.8354721069336,226.72518859863283,227.29655700683594,227.5893212890625,225.07770921274167,224.9638362660133,225.1944410623393,39.55675695297184,-0.23060479632601982,-0.2775818458325643,0.046977049506544466,0.24742993446052902,25.140985830031763,29.963653020190133,225.86402134871264
2024-11-15 10:12:00,224.86000061035156,224.88999938964844,224.7100067138672,224.7845001220703,96023,224.98960571289064,225.77419006347657,226.69303359985352,227.2719869995117,227.57089431762697,225.04978453743965,224.93624609002205,225.16407506676384,37.33886682992631,-0.22782897674179026,-0.2676312720144095,0.03980229527261925,0.2426129874120091,24.08591065705112,27.20062770078407,225.8544330167233
2024-11-15 10:13:00,224.79969787597656,224.86000061035156,224.6699981689453,224.68499755859375,108991,224.96985549926757,225.7088900756836,226.66138259887694,227.24648701985677,227.55160331726074,225.0150429204067,224.8975924698023,225.12858784393643,35.12661020829959,-0.23099537413412463,-0.26030409243835256,0.029308718304227932,0.23885509126874063,13.76841189496797,20.9984361273503,225.84318669990498
2024-11-15 10:14:00,224.7050018310547,224.8000030517578,224.63999938964844,224.6750030517578,88369,224.95110549926758,225.6363900756836,226.6318325805664,227.22125366210938,227.53242835998535,224.98265817101156,224.8633479439493,225.0949889704417,34.902919518402285,-0.23164102649241158,-0.2545714792491644,0.022930452756752817,0.23322284632878598,6.770157515863094,14.87482668929408,225.83396321072655
2024-11-15 10:15:00,224.67999267578125,224.74000549316406,224.5399932861328,224.63999938964844,104735,224.93625564575194,225.56899017333984,226.6020085144043,227.19585367838542,227.5129273223877,224.95002400135795,224.82898662790302,225.0612860385311,34.084261807180425,-0.23229941062808734,-0.250117065524949,0.017817654896861657,0.23085065780753344,7.223677853659133,9.254082421496749,225.82260488745567
2024-11-15 10:16:00,224.63999938964844,224.63999938964844,224.44000244140625,224.4600067138672,92188,224.90775604248046,225.4956903076172,226.57280853271484,227.1688203938802,227.4921573638916,224.9033556882636,224.77222048728214,225.01674682929675,30.166072578303577,-0.2445263420146091,-0.24899892082288105,0.004472578808271954,0.22864682141000878,7.248233706533362,7.080689692018546,225.8117327986986
2024-11-15 10:17:00,224.4600067138672,224.85000610351562,224.44000244140625,224.8000030517578,93291,224.8865058898926,225.42829040527343,226.54625854492187,227.14462046305337,227.47375740051268,224.89351258002495,224.77649472797071,225.00069173466423,43.40156307964727,-0.22419700669351528,-0.24403853799700792,0.019841531303492643,0.2416008814599635,20.20428902985586,11.558733530016136,225.80244068701728
2024-11-15 10:18:00,224.80499267578125,224.80499267578125,224.56500244140625,224.57000732421875,43370,224.86300659179688,225.3587905883789,226.5166586303711,227.11895385742187,227.45376342773437,224.86270255566245,224.7447274350858,224.96878918574234,38.13606279970442,-0.22406175065654566,-0.2400431805289155,0.015981429872369834,0.241485835239609,22.107942179376128,16.5201549719218,225.79798044555648
2024-11-15 10:19:00,224.56500244140625,224.7899932861328,224.5500030517578,224.72000122070312,64212,224.8455062866211,225.28939056396484,226.48705963134765,227.09445383707683,227.43499946594238,224.849111952333,224.74092340210385,224.95036044759127,42.993396470215984,-0.20943704548741948,-0.2339219535206163,0.024484908033196806,0.24137900660642264,36.10440938404889,26.13888019776031,225.7916668726221
2024-11-15 10:20:00,224.75,224.82000732421875,224.70010375976562,224.75999450683594,66149,224.8280113220215,225.25239044189453,226.4588885498047,227.0711205037435,227.41642440795897,224.84062457657137,224.74385741821646,224.9362592667946,44.25029761406815,-0.19240184857812892,-0.22561793253211884,0.03321608395398992,0.23270218930975856,38.31116803884628,32.174506534090455,225.78566432495938
2024-11-15 10:21:00,224.75999450683594,224.91000366210938,224.75,224.83999633789062,69636,224.81651077270507,225.21781433105468,226.4313885498047,227.04725382486978,227.39812438964844,224.84056474431605,224.75864802124326,224.92912867946836,46.77821519248382,-0.1704806582251024,-0.21459047767071557,0.04410981944561318,0.227509437366874,52.908835496996694,42.44147097329731,225.77986660324322
2024-11-15 10:22:00,224.84609985351562,224.92999267578125,224.75999450683594,224.77000427246094,183618,224.80751113891603,225.18891448974608,226.40128860473632,227.0226205444336,227.37962440490722,224.8338446993775,224.7603951368152,224.91734168635668,44.86162643190364,-0.15694654954148746,-0.20306169204486996,0.0461151425033825,0.22340148962247677,56.73848706088675,49.31949686557659,225.76470145095053
2024-11-15 10:23:00,224.75,224.7949981689453,224.7100067138672,224.75,64139,224.78951110839844,225.15881439208985,226.37238861083983,226.99835388183592,227.36099937438965,224.82585948991297,224.75879588499748,224.90494600588582,44.302929394988915,-0.14615012088833623,-0.1916793778135632,0.04552925692522697,0.21351505858359449,57.32191623986835,55.65641293258395,225.75914144802775
2024-11-15 10:24:00,224.75999450683594,224.86880493164062,224.72999572753906,224.78500366210938,72317,224.77665100097656,225.12771453857422,226.3462387084961,226.97425455729166,227.3421083831787,224.82196845869356,224.762827850707,224.8960613878283,45.580058577428105,-0.13323353712129915,-0.17999020967511042,0.046756672553811274,0.20817892612059224,55.65009741547268,56.57016690540928,225.75320931924128
2024-11-15 10:25:00,224.7899932861328,224.94000244140625,224.77000427246094,224.91009521484375,83174,224.78065567016603,225.09961639404298,226.31968963623046,226.95132049560547,227.3239838409424,224.83036148308884,224.7854843682665,224.8971009305702,49.99304012297452,-0.11161656230368067,-0.16631548020082448,0.05469891789714382,0.20545172917950086,68.34532867417433,60.439114109838464,225.7470294253929
2024-11-15 10:26:00,224.89999389648438,224.89999389648438,224.61000061035156,224.6300048828125,114454,224.7661560058594,225.0697164916992,226.2861897277832,226.92691986083983,227.3044588470459,224.81127990211016,224.76156444742742,224.8773160381437,41.8163902755822,-0.11575159071628605,-0.1562027023039168,0.04045111158763076,0.21221193455897847,63.49806303065301,62.49782970676668,225.73713398344225
2024-11-15 10:27:00,224.6300048828125,224.79080200195312,224.6300048828125,224.75,67160,224.7576560974121,225.0379165649414,226.255489654541,226.9025532023112,227.28560836791993,224.80544372095682,224.75978530166935,224.86788522050344,45.89885506786584,-0.10809991883408543,-0.14658214560995053,0.0384822267758651,0.2085394477433818,64.6728515625,65.50541442244246,225.73147254779565
2024-11-15 10:28:00,224.73500061035156,224.75,224.60000610351562,224.60499572753906,58167,224.73772583007812,225.00901641845704,226.22178955078124,226.8763198852539,227.26558334350585,224.78635343586942,224.73597152103395,224.84841192472828,42.05845061898589,-0.11244040369433606,-0.13975379722682763,0.02731339353249157,0.20435762265345278,44.3328857421875,57.50126677844685,225.72627372918262
2024-11-15 10:29:00,224.60009765625,224.66000366210938,224.5399932861328,224.6300048828125,68530,224.7282257080078,224.9845166015625,226.18928955078124,226.85033660888672,227.24613883972168,224.77146309748306,224.71966896130755,224.83223362532712,42.9451383034391,-0.11256466401957255,-0.13431597058537662,0.02175130656580407,0.19833281931938923,44.3328857421875,51.11287434895834,225.71997754761182
2024-11-15 10:30:00,224.6300048828125,224.72360229492188,224.60000610351562,224.68499755859375,55463,224.71647567749022,224.9634164428711,226.15783950805664,226.82503662109374,227.226844329834,224.7632282842555,224.71433489935157,224.82132725001352,44.94041893543961,-0.10699235066195456,-0.12885124660069222,0.02185889593873766,0.192994488754165,39.99938964843749,42.88838704427084,225.7152041942705
2024-11-15 10:31:00,224.67999267578125,224.69000244140625,224.52000427246094,224.64999389648438,76497,224.70498046875,224.94181640625,226.12833938598632,226.79924794514974,227.20726928710937,224.7524440568487,224.70443628352587,224.80863589049287,43.88832704958673,-0.10419960696700059,-0.1239209186739539,0.019721311706953307,0.19135189448210413,39.31651904400355,41.21626481154286,225.70838278603622
2024-11-15 10:32:00,224.66000366210938,224.72500610351562,224.6501007080078,224.69000244140625,39294,224.70025558471679,224.92401641845703,226.09934036254882,226.77344797770184,227.18771926879882,224.74649723633038,224.70221569243054,224.79984822759758,45.45997701864624,-0.09763253516703685,-0.1186632419725705,0.02103070680553365,0.18304191680704313,40.14166660753481,39.819191766658626,225.70512982139135
2024-11-15 10:33:00,224.69500732421875,224.8300018310547,224.68760681152344,224.82000732421875,48760,224.70700607299804,224.91641662597655,226.0700634765625,226.74874806722005,227.16879432678223,224.75349819708165,224.72033748193644,224.80134149401394,50.32854341788554,-0.08100401207749997,-0.1111313959935564,0.030127383916056433,0.18013856700162936,47.61852861035422,42.3589047539642,225.7014800020932
2024-11-15 10:34:00,224.8350067138672,224.86000061035156,224.71420288085938,224.75999450683594,53846,224.71125564575195,224.90921447753905,226.04296340942383,226.72394805908203,227.1490943145752,224.75411689324872,224.72643856269022,224.798278754223,48.19002984448583,-0.07184019153277177,-0.10327315510139948,0.03143296356862771,0.17768565003666925,56.34877384196185,48.036323019950295,225.69747783122742
2024-11-15 10:35:00,224.74000549316406,224.7550048828125,224.6199951171875,224.6199951171875,68810,224.71025543212892,224.88974243164063,226.01530334472656,226.6978813680013,227.12924430847167,224.7413433907667,224.7100626479975,224.785072558887,43.54196204366473,-0.07500991088951992,-0.09762050625902356,0.022610595369503647,0.1749937742946527,50.792612776264,51.5866384095267,225.69179087389847
2024-11-15 10:36:00,224.63999938964844,224.6479949951172,224.50999450683594,224.6450958251953,86955,224.71950988769532,224.88394439697265,225.9876043701172,226.67198201497396,227.1103202819824,224.7321769559504,224.70006775218175,224.7747039119469,44.574181141443475,-0.07463615976513438,-0.09302363696024574,0.018387477195111357,0.17235139672226685,37.455520127593516,48.198968915273134,225.6842510833786
2024-11-15 10:37:00,224.6300048828125,224.7550048828125,224.6199951171875,224.7550048828125,43354,224.71725997924804,224.8772445678711,225.9617544555664,226.6468153889974,227.0923812866211,224.734351044223,224.70851961843263,224.77324472460361,48.97339410151992,-0.06472510617098237,-0.08736393080239307,0.022638824631410703,0.16968413735817636,37.4012950302241,41.88314264469388,225.68090497717
2024-11-15 10:38:00,224.75999450683594,224.9499969482422,224.72999572753906,224.9499969482422,57605,224.73625946044922,224.8710464477539,225.93935440063476,226.62264872233072,227.07543128967285,224.75488874936767,224.74566997686486,224.78633748191018,55.69245656696615,-0.04066750504532024,-0.07802464565097851,0.03735714060565827,0.1732782147399584,62.79881243864069,45.88520919881944,225.67725147157512
2024-11-15 10:39:00,224.9499969482422,224.99000549316406,224.88999938964844,224.92999267578125,61380,224.74675903320312,224.8601461791992,225.9183042907715,226.59805063883462,227.05868125915526,224.77156531378802,224.77402731515969,224.79697860738213,54.893862114433,-0.022951292222444408,-0.0670099749652717,0.04405868274282729,0.1680444925096489,81.49190722825091,60.56400489903857,225.67368393856637
2024-11-15 10:40:00,224.9199981689453,224.9499969482422,224.80499267578125,224.8300018310547,48319,224.75025939941406,224.85054626464844,225.8950033569336,226.57271728515624,227.04143173217773,224.77713069638486,224.78263877914353,224.7994247720986,50.960316502344554,-0.016785992955078655,-0.05696517856323309,0.040179185608154436,0.16639876250616956,84.7214275118147,76.3373823929021,225.67061628169077
2024-11-15 10:41:00,224.82749938964844,224.8800048828125,224.72000122070312,224.72999572753906,50424,224.7447593688965,224.83974609375,225.87000335693358,226.54681722005208,227.02333168029784,224.7726416517329,224.77453984812743,224.794281879909,47.3089559474751,-0.01974203178156131,-0.04952054920689873,0.029778517425337422,0.16594196962068425,66.66560705278995,77.62631393095187,225.66710582757082
2024-11-15 10:42:00,224.73500061035156,224.75999450683594,224.66000366210938,224.7100067138672,81940,224.74175949096679,224.83094635009766,225.84565338134766,226.52068389892577,227.00533172607422,224.7666764195552,224.76461167362586,224.78803927501698,46.590386971687664,-0.02342760139111988,-0.044301959643742964,0.020874358252623085,0.16123117498538983,51.38915379235806,67.59206278565425,225.66103698481595
2024-11-15 10:43:00,224.72000122070312,224.8070068359375,224.6699981689453,224.8000030517578,41602,224.7442596435547,224.82534637451172,225.82155334472657,226.49552520751953,226.9878067779541,224.76985038452688,224.7700565010308,224.7889254807015,50.2539357725623,-0.01886897967068535,-0.03921536364913144,0.02034638397844609,0.15950099584301825,49.305952910759316,55.786904585302445,225.65814236137354
2024-11-15 10:44:00,224.8000030517578,224.85850524902344,224.77000427246094,224.77499389648438,57740,224.74375915527344,224.81984619140624,225.79595321655273,226.4701251220703,226.97023178100585,224.77034024280854,224.77081610033133,224.78789351150022,49.24308585760481,-0.017077411168884282,-0.034787773153082006,0.017710361984197724,0.1544295658944098,52.43075423315744,51.04195364542495,225.6543424842718
2024-11-15 10:45:00,224.8000030517578,224.86000061035156,224.75999450683594,224.81500244140625,54162,224.73900451660157,224.81740631103514,225.7702032470703,226.44569183349608,226.95350677490234,224.77459378553215,224.77761399895826,224.78990158038215,50.943109769415216,-0.01228758142389097,-0.0302877348072438,0.01800015338335283,0.15054217572449657,59.72195731875305,53.81955482088995,225.6508520627718
2024-11-15 10:46:00,224.80999755859375,224.85499572753906,224.58999633789062,224.58999633789062,59525,224.73700408935548,224.80860626220704,225.73960327148438,226.42075846354166,226.93656326293944,224.75701307623297,224.74874974340938,224.77509378464205,42.351824013389596,-0.026344041232675863,-0.029498996092330216,0.0031549548596543527,0.1587176910047781,45.13849153368512,52.43040102853188,225.6464450041685
2024-11-15 10:47:00,224.61000061035156,224.74000549316406,224.60499572753906,224.67999267578125,42484,224.73350372314454,224.79770599365236,225.70910324096678,226.39683237711589,226.92061325073243,224.7496777999995,224.73817173300506,224.76804925805976,46.2559039103047,-0.029877525054700982,-0.02957470188480437,-0.00030282316989661134,0.15809565273825377,38.54133553733019,47.80059479658946,225.64331321949163
2024-11-15 10:48:00,224.69000244140625,224.7100067138672,224.6199951171875,224.64999389648438,57854,224.7357536315918,224.78990600585936,225.68055313110352,226.37293233235678,226.90386322021484,224.74018409490282,224.7246059120019,224.7593044164616,45.15808163313296,-0.03469850445969769,-0.030599462399783034,-0.004099042059914654,0.1532325058769276,27.082671074660386,36.92083271522524,225.63901517592913
2024-11-15 10:49:00,224.64999389648438,224.75999450683594,224.64999389648438,224.7487030029297,60740,224.74168853759767,224.7834799194336,225.65113815307618,226.34895701090494,226.88730674743653,224.7409954194768,224.72831315676,224.75851912657035,49.4125561213305,-0.030205969810339184,-0.030520763881894265,0.0003147940715550815,0.15014451333940154,38.10371500625172,34.57590720608078,225.63481507194476
2024-11-15 10:50:00,224.75999450683594,225.10000610351562,224.6750030517578,225.0449981689453,239804,224.75968856811522,224.78218200683594,225.62378814697266,226.32645701090496,226.87163177490234,224.76994806228333,224.77703392786543,224.7797397963759,59.555140807236306,-0.0027058685104748292,-0.024957784807610378,0.02225191629713555,0.16977726608357377,56.03666914035023,40.407685073754116,225.62250620819006
2024-11-15 10:51:00,225.0399932861328,225.1699981689453,225.02000427246094,225.0930938720703,101773,224.78184356689454,224.78264373779297,225.5976190185547,226.30377766927083,226.8554972076416,224.8007238536916,224.8256585346662,224.80295120939033,60.92468115922991,0.022707325275860057,-0.015424762790916292,0.03813208806677635,0.16836416825505957,75.22827193138995,56.45621869266398,225.61856505682798
2024-11-15 10:52:00,225.10499572753906,225.13949584960938,224.96299743652344,225.0399932861328,73077,224.79934310913086,224.7844436645508,225.57111892700195,226.28070292154948,226.83857215881346,224.823511418686,224.85863311181492,224.82050988174163,58.566701843470845,0.0381232300732961,-0.004715164218073813,0.042838394291369916,0.16894518574297943,84.5134843758769,71.92614181587237,225.61552144189952
2024-11-15 10:53:00,225.02999877929688,225.0435028076172,224.94009399414062,224.97000122070312,48054,224.80684280395508,224.78164367675782,225.5431689453125,226.25636962890624,226.82017219543457,224.83746282840193,224.87576666702847,224.8315833142573,55.51667039633151,0.0441833527711708,0.005064539179775111,0.03911881359139569,0.16426401629537826,76.61466417615954,78.78547349447547,225.6133177454552
2024-11-15 10:54:00,224.99989318847656,225.0,224.88999938964844,224.97999572753906,36164,224.81784286499024,224.78039947509765,225.5151689147949,226.23256958007812,226.80147216796874,224.85103739022452,224.89180190710704,224.84257682635226,55.87008450946797,0.04922508075478049,0.01389664749477619,0.0353284332600043,0.16038805872796288,70.11479133233362,77.0809799614567,225.61159638099062
2024-11-15 10:55:00,224.97000122070312,225.1199951171875,224.89999389648438,224.89999389648438,105340,224.83184280395508,224.78179931640625,225.48655487060546,226.2091028849284,226.78204711914063,224.8556999146302,224.89306221316508,224.84682994265833,52.28895671476181,0.04623227050674927,0.02036377209717081,0.025868498409578465,0.1646461417261888,62.06887479940017,69.59944343596446,225.60675962763762
2024-11-15 10:56:00,224.90499877929688,224.9600067138672,224.75,224.7899932861328,58300,224.83908767700194,224.77919921875,225.45595474243163,226.18496948242188,226.7623720550537,224.8494421404876,224.87720545516012,224.84261981995274,47.75631729697266,0.03458563520737812,0.02320814471921227,0.011377490488165849,0.16788618259340302,51.723623863267655,61.30242999833383,225.6035294461281
2024-11-15 10:57:00,224.7899932861328,224.83999633789062,224.7449951171875,224.7899932861328,39458,224.84083709716796,224.77659912109374,225.42630065917967,226.1614360555013,226.74265899658204,224.84378034483478,224.8637881983867,224.8387215581883,47.75631729697266,0.025066640198389223,0.02357984381504766,0.001486796383341562,0.1626801138869546,40.80397779590118,51.53215881952301,225.60124103534204
2024-11-15 10:58:00,224.77999877929688,224.7899932861328,224.69000244140625,224.74000549316406,87676,224.83033752441406,224.77132720947264,225.39675064086913,226.13810272216796,226.7225500488281,224.83389702562806,224.84474470527553,224.8314092570754,45.6698617982416,0.01333544820013799,0.021530964692065727,-0.008195516491927738,0.15820230894692663,31.609271000499856,41.37895755322291,225.59588051159054
2024-11-15 10:59:00,224.74000549316406,224.75,224.60000610351562,224.6199951171875,59963,224.81483764648436,224.76732696533202,225.36485061645507,226.1138360595703,226.70230003356934,224.81352541530038,224.81016784556968,224.81574895041703,41.0346599285029,-0.005581104847351526,0.016108550784182277,-0.021689655631533803,0.15761599377103014,21.83929213473293,31.41751364371133,225.59189939544382
2024-11-15 11:00:00,224.63999938964844,224.66220092773438,224.51010131835938,224.5399932861328,62117,224.8003372192383,224.7597268676758,225.32840057373048,226.09070933024088,226.68125,224.78747473633203,224.76860252873323,224.7953226049145,38.247823395192725,-0.026720076181277364,0.00754282539109035,-0.034262901572367714,0.15722196631417085,11.855182260848688,21.767915132027166,225.58743515406138
2024-11-15 11:01:00,224.53500366210938,224.7050018310547,224.53500366210938,224.69000244140625,76303,224.79833755493163,224.75592895507813,225.29570053100585,226.0687687174479,226.66139999389648,224.77819166062483,224.756510207606,224.7875211113213,45.695171057633914,-0.031010903715298355,-0.00016792043018739114,-0.030842983285110964,0.15813455221639527,12.321329195274805,15.33860119695215,225.58239217040457
2024-11-15 11:02:00,224.69000244140625,224.8000030517578,224.6199951171875,224.62010192871094,54276,224.79384231567383,224.75264099121094,225.26341552734374,226.04623606363933,226.64215049743652,224.76313549568064,224.7355243185452,224.77511969038719,43.08752758924375,-0.03959537184198325,-0.008053410712546562,-0.03154196112943669,0.15969693667024654,16.153721645432054,13.44341103385186,225.57897655934607
2024-11-15 11:03:00,224.625,224.63999938964844,224.47999572753906,224.49000549316406,87975,224.77834243774413,224.74874114990234,225.22881561279297,226.02383544921875,226.62205055236817,224.73712311448858,224.6977521915635,224.75400012022249,38.665044885144106,-0.05624792865899053,-0.017692314301835356,-0.038555614357155175,0.1597188456301843,15.127352166506833,14.534134335737908,225.5726206023249
2024-11-15 11:04:00,224.5,224.61000061035156,224.4810028076172,224.52000427246094,43070,224.76559295654297,224.7456411743164,225.191015625,226.00310211181642,226.60235054016113,224.71644512953355,224.6704063578554,224.73666709446238,40.18950078177247,-0.06626073660697784,-0.027405998762863856,-0.03885473784411399,0.15752448542334074,7.972789738025374,13.08462118332143,225.5695380903197
2024-11-15 11:05:00,224.5500030517578,224.57949829101562,224.52000427246094,224.52999877929688,36236,224.7513427734375,224.74344116210938,225.1562156677246,225.98248606363933,226.58275054931642,224.69868833427293,224.64880519192332,224.72135833037603,40.718154146055255,-0.07255313845271871,-0.03643542670083483,-0.036117711751883885,0.15052230921843693,4.943655779016814,9.347932561183017,225.56697426337664
2024-11-15 11:06:00,224.52999877929688,224.55999755859375,224.4600067138672,224.51199340820312,77548,224.74744262695313,224.7444808959961,225.12008560180664,225.96336598714194,226.5627355194092,224.6809078651234,224.62775722519712,224.7058498176225,40.03168218400354,-0.07809259242537792,-0.04476685984574345,-0.03332573257963447,0.14691291889758876,7.085730690599152,6.66739206921379,225.56135745072996
2024-11-15 11:07:00,224.5,224.67999267578125,224.47999572753906,224.67999267578125,75715,224.74744262695313,224.74208068847656,225.085185546875,225.94486592610676,226.54398551940918,224.68082070423367,224.63579344836393,224.7039344737824,48.71892289249492,-0.06814102541846978,-0.04944169296028872,-0.01869933245818106,0.15070463527934583,16.263554919497704,9.4309804630379,225.55646097148346
2024-11-15 11:08:00,224.6750030517578,224.69000244140625,224.5800018310547,224.58999633789062,52102,224.74444274902345,224.74248046875,225.05063552856444,225.92526590983073,226.5248355102539,224.67217076458195,224.62874773906034,224.6954946118645,44.96139750956984,-0.0667468728041456,-0.0529027289290601,-0.013844143875085493,0.14779720492736131,20.301481978128685,14.550255862741857,225.5531444494005
2024-11-15 11:09:00,224.58999633789062,224.61000061035156,224.52000427246094,224.55999755859375,41013,224.73500747680663,224.73928039550782,225.01433547973633,225.90446655273436,226.50566047668457,224.6614876021069,224.61817078821932,224.6854577931037,43.75011112911809,-0.06728700488437767,-0.05577958412012362,-0.011507420764254046,0.14366857156759447,24.341901535859567,20.302312811161997,225.55039273484945
2024-11-15 11:10:00,224.60000610351562,224.67999267578125,224.57000732421875,224.67999267578125,67364,224.71675720214844,224.7376803588867,224.99503540039063,225.88515248616537,226.48776046752928,224.66324999007588,224.62768184784426,224.68505296959833,49.59921106573636,-0.05737112175407333,-0.05609789164691357,-0.0012732301071597604,0.14197761054044486,32.52884532395378,25.72407627931402,225.5462697089456
2024-11-15 11:11:00,224.69000244140625,224.8800048828125,224.6676025390625,224.86500549316406,63178,224.70535278320312,224.7381805419922,224.97799743652342,225.86698588053386,226.4699855041504,224.6824647998938,224.66419317789348,224.69838278615876,57.02009661552288,-0.0341896082652795,-0.051716234970586764,0.01752662670530726,0.14700794862684166,58.10649783492223,38.32574823157854,225.54311969928102
2024-11-15 11:12:00,224.86000061035156,224.89889526367188,224.75999450683594,224.88999938964844,66257,224.6978530883789,224.74058044433593,224.964747467041,225.8477192179362,226.4521105194092,224.70222999891806,224.69893259508655,224.71257660863947,57.92145183818476,-0.013644013552919887,-0.04410179068705339,0.0304577771341335,0.14642886349891995,84.09813832937664,58.24449382941756,225.54004610397106
2024-11-15 11:13:00,224.86000061035156,224.8800048828125,224.80999755859375,224.82000732421875,47997,224.6903533935547,224.7419805908203,224.95039749145508,225.82891927083332,226.43426055908202,224.71344688704195,224.7175594764915,224.72053443942312,54.476081342352586,-0.002974962931631353,-0.03587642513596898,0.03290146220433763,0.14168407546718906,92.14243683507472,78.1156909997912,225.53779505803573
2024-11-15 11:14:00,224.81500244140625,224.91000366210938,224.7700958251953,224.7899932861328,52184,224.68085327148438,224.7420803833008,224.9348974609375,225.81151926676432,226.41621101379394,224.7207370202887,224.72870313951324,224.7256795391794,53.01963813752093,0.0030236003338472983,-0.028096420042005726,0.031120020375853024,0.14155720128482288,84.4431520078241,86.89457572409181,225.53531779783418
2024-11-15 11:15:00,224.7899932861328,224.96969604492188,224.77999877929688,224.8300018310547,68430,224.6773536682129,224.740478515625,224.920047454834,225.79328592936199,226.39861000061035,224.73114319274262,224.74428755359654,224.73340711635532,54.75608263068736,0.010880437241212348,-0.02030104858536211,0.03118148582657446,0.14499577730912128,75.98288257504804,84.18949047264896,225.53226059955426
2024-11-15 11:16:00,224.8000030517578,224.97799682617188,224.77000427246094,224.92999267578125,69944,224.68435363769532,224.74647827148436,224.9080973815918,225.7729525756836,226.38180946350099,224.7500812387463,224.77285757239417,224.74796900964614,58.84972118174084,0.024888562748031973,-0.011263126318683297,0.03615168906671527,0.14949554705210819,78.88524714377924,79.77042724221714,225.52931512400968
2024-11-15 11:17:00,224.92999267578125,225.02999877929688,224.89999389648438,225.02999877929688,75634,224.69635391235352,224.7520782470703,224.89499740600587,225.75435251871744,226.364934463501,224.77674005213208,224.81241775807152,224.76886010369435,62.503873539205095,0.04355765437716741,-0.0002989701795131552,0.043856624556680567,0.14810335674927907,87.77496491078159,80.88103154320295,225.52662619226322
2024-11-15 11:18:00,225.02810668945312,225.0399932861328,224.9429931640625,225.00999450683594,61498,224.7098533630371,224.76017822265624,224.88459732055665,225.73458577473957,226.3472844696045,224.7989547621039,224.84281418095836,224.78672191133447,61.33067224903644,0.056092269623889024,0.010979277781167283,0.045112991842721745,0.14445312570078148,95.1867631763739,87.28232507697824,225.52450351374964
2024-11-15 11:19:00,225.0050048828125,225.0800018310547,224.9700927734375,224.97999572753906,110544,224.72785339355468,224.76717803955077,224.87584732055663,225.71525238037108,226.32954696655273,224.81619675881203,224.86391903427847,224.8010384903126,59.52624413251287,0.06288054396586062,0.021359531018105952,0.041521012947754676,0.14198569226623906,92.89917773268131,91.95363527327895,225.52081906727133
2024-11-15 11:20:00,224.99000549316406,225.0198974609375,224.89999389648438,224.9600067138672,44960,224.7488540649414,224.77267822265625,224.86804733276367,225.69611907958983,226.31194702148437,224.82989294500777,224.8787017542152,224.81281391427962,58.29549560464012,0.06588783993558422,0.030265192801601608,0.03562264713398262,0.1404083974224452,86.23285014676672,91.43959701860733,225.51919019740873
2024-11-15 11:21:00,224.95989990234375,224.9801025390625,224.91000366210938,224.9250030517578,38134,224.76060409545897,224.7781784057617,224.85999740600585,225.67828572591145,226.29398056030274,224.83895105041253,224.8858250307602,224.8211242207595,56.107780649908754,0.06470081000071559,0.037152316241424406,0.027548493759291186,0.13538628881749376,78.7307997995781,85.95427589300873,225.51776295820656
2024-11-15 11:22:00,224.9199981689453,225.0050048828125,224.9199981689453,224.96499633789062,42103,224.77784881591796,224.78367828369142,224.85384735107422,225.66078633626302,226.27600555419923,224.85095536350568,224.8980052318572,224.83178141462105,58.0450808186593,0.066223817236164,0.04296661644037232,0.023257200795791674,0.13178774774961477,77.26191946222347,80.74185646952276,225.51626284002162
2024-11-15 11:23:00,224.97000122070312,224.9951934814453,224.875,224.875,37408,224.79709854125977,224.78477813720704,224.8505973815918,225.64163503011068,226.2577555847168,224.8532453288861,224.89446596541762,224.83498279131578,52.43635393931092,0.05948317410184245,0.04626992797266635,0.013213246129176098,0.13095958587073606,70.52929024194671,75.50733650124943,225.51482103898965
2024-11-15 11:24:00,224.8699951171875,225.00999450683594,224.82000732421875,224.99000549316406,56968,224.82059860229492,224.78937835693358,224.84929641723633,225.6251017252604,226.24030563354492,224.86627010643636,224.9091643543017,224.84646595441563,58.01888640030137,0.06269839988607373,0.04955562235534783,0.013142777530725902,0.1351758427811969,72.48124100588656,73.42415023668558,225.51272932832921
2024-11-15 11:25:00,225.0,225.10499572753906,224.94000244140625,225.10499572753906,53300,224.84934844970704,224.79907836914063,224.84441040039061,225.60989501953125,226.22318061828614,224.8890058798747,224.9392922578767,224.86561630798036,62.72921992050153,0.07367594989634085,0.05437968786354643,0.01929626203279442,0.13730566016345516,79.32683591960138,74.11245572247822,225.51115925520227
2024-11-15 11:26:00,225.11000061035156,225.13999938964844,225.0800018310547,225.10000610351562,36995,224.87874908447264,224.80817657470703,224.84606048583984,225.59446177164713,226.20603065490724,224.90910113926907,224.96401746489806,224.88297851505703,62.402038954124095,0.08103894984103022,0.05971154025904319,0.021327409581987027,0.13178365290847624,89.12274642644157,80.31027445064318,225.51020888433288
2024-11-15 11:27:00,225.10000610351562,225.19500732421875,225.05999755859375,225.18499755859375,35224,224.90399932861328,224.81677642822265,224.84701049804687,225.5800951131185,226.18930564880372,224.93537698872856,224.99801440238969,224.90535029605977,65.6851969336544,0.09266410632992006,0.06630205347321858,0.026362052856701484,0.1320140895310851,95.61187968109381,88.02048734237893,225.5093974297364
2024-11-15 11:28:00,225.18890380859375,225.22500610351562,225.16009521484375,225.19869995117188,49545,224.93443450927734,224.82175048828125,224.84639846801758,225.5668197631836,226.17242416381836,224.9604553661041,225.02888910220236,224.92707990014213,66.19768034981216,0.10180920206022392,0.07340348319061965,0.028405718869604274,0.12722100375542725,93.68469678875448,92.80644096542996,225.5084121926919
2024-11-15 11:29:00,225.1649932861328,225.24000549316406,225.14999389648438,225.23500061035156,59320,224.96818466186522,224.82785064697265,224.84399841308593,225.55481974283853,226.15550064086915,224.98660253222292,225.06059856499456,224.94988884163914,67.57910162143072,0.11070972335542706,0.08086473122358113,0.029844992131845924,0.12456318896430299,96.9327877821731,95.40978808400713,225.50729192326244
2024-11-15 11:30:00,225.2310028076172,225.30999755859375,225.19500732421875,225.25999450683594,53938,224.99718475341797,224.83645050048827,224.84349838256836,225.54215240478516,226.13865058898926,225.01263986313845,225.0912748637394,224.97285963165373,68.5326525833341,0.11841523208565263,0.08837483139599543,0.0300404006896572,0.1238794064936385,94.31622586085454,94.97790347726071,225.50643840514184
2024-11-15 11:31:00,225.25999450683594,225.27000427246094,225.1699981689453,225.17999267578125,60152,225.01293411254883,224.84545043945312,224.84259826660156,225.52848571777344,226.12147552490234,225.02857822624728,225.10492375789968,224.98820282010763,62.224121053026295,0.11672093779205284,0.09404405267520692,0.022676885116845916,0.12217417056663754,87.39936291363233,92.88279218555333,225.50531166984223
2024-11-15 11:32:00,225.18800354003906,225.23989868164062,225.13999938964844,225.14500427246094,52014,225.02568435668945,224.854150390625,224.84254837036133,225.5151523844401,226.10405052185058,225.03966642112476,225.1110899909091,224.99981774250418,59.63849170778035,0.11127224840493,0.09748969182115154,0.013782556583778457,0.12058310781131969,76.53006145158612,86.08188340869101,225.50424149057434
2024-11-15 11:33:00,225.14500427246094,225.19790649414062,225.1199951171875,225.14999389648438,32917,225.04218368530275,224.86115020751953,224.8432482910156,225.50141896565756,226.08693145751954,225.05017379973043,225.11707520715146,225.01094190205828,59.89443310599741,0.10613330509318075,0.09921841447555739,0.006914890617623362,0.11753512703573436,69.04687759508387,77.65876732010078,225.50352892588865
2024-11-15 11:34:00,225.13999938964844,225.14100646972656,225.07000732421875,225.11000061035156,41924,225.05818405151368,224.86785034179687,224.84384826660155,225.4865855916341,226.06955642700194,225.05587159121816,225.11598680764376,225.01827958415407,56.78615705780164,0.0977072234896923,0.09891617627838438,-0.0012089527886920831,0.11485308740929799,64.28541770470022,69.95411891712341,225.5024983447043
2024-11-15 11:35:00,225.10000610351562,225.125,225.05999755859375,225.0749969482422,38986,225.07043380737304,224.8730502319336,224.8452282714844,225.47115224202474,226.05253143310546,225.05769305379187,225.10968067542814,225.02248087038282,54.13798448993805,0.08719980504531577,0.09657290203177067,-0.009373096986454901,0.11129232698050887,59.52291978076732,64.28507169351714,225.50149574017104
2024-11-15 11:36:00,225.07000732421875,225.07000732421875,224.93499755859375,224.94500732421875,52324,225.07118453979493,224.88015045166014,224.8443783569336,225.45311899820965,226.0356064605713,225.0469610795468,225.08434631370363,225.01674208918547,45.62822533321391,0.06760422451816339,0.09077916652904922,-0.023174942010885824,0.11334283145678949,45.577977080219235,56.46210485522894,225.4998244115828
2024-11-15 11:37:00,224.92999267578125,224.9600067138672,224.91000366210938,224.93499755859375,31627,225.06643447875976,224.8852505493164,224.84147827148436,225.43448567708333,226.01893692016603,225.03629788707508,225.06136958214827,225.01068693877124,45.04110899622614,0.05068264337702999,0.08275986189864537,-0.03207721852161538,0.10881856147829114,33.672770303936225,46.257889054974264,225.49872535022146
2024-11-15 11:38:00,224.9398956298828,225.08999633789062,224.92999267578125,225.07000732421875,48139,225.0694351196289,224.8936508178711,224.84177841186522,225.41825236002603,226.00311195373536,225.0395083096602,225.06269846554372,225.015081041397,53.69555426099135,0.04761742414672199,0.0757313743482607,-0.028113950201538715,0.11247464009479714,29.660033629911094,36.30359367135552,225.4973411950487
2024-11-15 11:39:00,225.0800018310547,225.1999969482422,225.07220458984375,225.1699981689453,36408,225.0789352416992,224.9020767211914,224.8427783203125,225.4014510091146,225.98723693847657,225.0519359153064,225.07920611222087,225.02655638417835,58.86234152741434,0.05264972804252466,0.0711150450871135,-0.01846531704458884,0.1137257103754143,42.823002302652554,35.385268745499964,225.49656138058074
2024-11-15 11:40:00,225.16940307617188,225.19569396972656,225.11000061035156,225.11500549316406,34385,225.08668518066406,224.90347686767578,224.84282943725586,225.38368438720704,225.97071197509766,225.05794254176902,225.08471370928908,225.03310817002915,55.213362362179154,0.05160553925992417,0.06721314392167564,-0.01560760466175147,0.11172339958967044,52.084128074057126,41.52238800220693,225.49581302977973
2024-11-15 11:41:00,225.1300048828125,225.22999572753906,225.11000061035156,225.125,38260,225.09668502807617,224.90411499023438,224.84337936401369,225.36645100911457,225.95386199951173,225.06432896636244,225.0909116001677,225.03991497224922,55.75025301409202,0.050996627918465265,0.06396984072103357,-0.012973212802568301,0.112314236560944,56.66692098369828,50.524683786802655,225.49501845416142
2024-11-15 11:42:00,225.1199951171875,225.14010620117188,224.99000549316406,225.07000732421875,45599,225.10193557739257,224.9047152709961,224.84457946777343,225.348984375,225.93670600891113,225.06486976234876,225.087695557714,225.0421440353581,52.052744507066535,0.04555152235590754,0.060286177048008364,-0.014734654692100828,0.11501327023572033,48.33422344294397,52.36175750023313,225.49383163885744
2024-11-15 11:43:00,225.0850067138672,225.14999389648438,225.07139587402344,225.11000061035156,25378,225.11368560791016,224.90751525878906,224.84457946777343,225.331284383138,225.91915603637696,225.06916793834904,225.0911271042736,225.04717044832057,54.42030288329468,0.04395665595302489,0.057020272829011676,-0.013063616875986783,0.11251136323785638,47.91714351110094,50.9727626459144,225.49324134034768
2024-11-15 11:44:00,225.13999938964844,225.14999389648438,225.0800018310547,225.14999389648438,45044,225.12168502807617,224.91091522216797,224.8456573486328,225.3137510172526,225.9021559906006,225.07686564864764,225.10018353384447,225.0547870000364,56.72170128163912,0.0453965338080593,0.0546955250248212,-0.0092989912167619,0.1094742705372729,52.22178895732295,49.49105197045596,225.4922422231359
2024-11-15 11:45:00,225.1649932861328,225.2386016845703,225.13999938964844,225.17999267578125,36465,225.12543487548828,224.9165151977539,224.84915725708007,225.29654164632163,225.88595596313476,225.0866872702794,225.11246186337323,225.06406149453602,58.417717016608165,0.048400368837207,0.05343649378729837,-0.00503612495009137,0.10869770085045878,66.16824301212806,55.435725160183985,225.49156844598926
2024-11-15 11:46:00,225.17999267578125,225.33999633789062,225.17999267578125,225.2469940185547,66171,225.13278427124024,224.92565521240235,224.85242721557617,225.2791882324219,225.870140914917,225.10195457963897,225.13315911801652,225.07761205187074,61.99960812713727,0.055547066145777535,0.0538586082589942,0.0016884578867833316,0.11236241236895282,75.62530475804715,64.67177890916605,225.4906297315365
2024-11-15 11:47:00,225.24000549316406,225.25999450683594,225.13999938964844,225.22000122070312,38489,225.1345344543457,224.93425537109374,224.85542724609374,225.26228556315104,225.8546408843994,225.11319711688319,225.14651944150677,225.08815939771017,59.76599832408339,0.05836004379659698,0.054758895366514765,0.0036011484300822183,0.11290760557027762,77.43525225593717,73.07626667537079,225.48997400746345
2024-11-15 11:48:00,225.1999969482422,225.22999572753906,225.14999389648438,225.18499755859375,34783,225.13384933471679,224.94315521240233,224.8572412109375,225.24555216471353,225.83936584472656,225.12003525418896,225.15243915182782,225.09533259481265,56.90310860481917,0.05710655701517453,0.055228427696246724,0.001878129318927807,0.11055719310487835,71.47267565649396,74.84441089015944,225.48934583645016
2024-11-15 11:49:00,225.19000244140625,225.22000122070312,225.16000366210938,225.1999969482422,36456,225.13209915161133,224.95475524902344,224.86104110717773,225.22815216064453,225.8240658569336,225.1276506536226,225.15975573589157,225.1030855098815,57.835172229050755,0.05667022601005556,0.055516787359008495,0.0011534386510470632,0.10694579063979777,67.82942985568961,72.24578592270693,225.48870115362925
2024-11-15 11:50:00,225.2100067138672,225.32000732421875,225.19500732421875,225.306396484375,40806,225.1344192504883,224.9700833129883,224.86490509033203,225.2089614868164,225.81055282592774,225.14467406607523,225.18231585104286,225.11814558206623,63.81370440480051,0.06417026897662481,0.05724748368253176,0.006922785294093049,0.10823537702266936,74.52685119470074,71.27631890229478,225.48817855799797
2024-11-15 11:51:00,225.30999755859375,225.36000061035156,225.2899932861328,225.35499572753906,66386,225.14316940307617,224.98338317871094,224.86965606689452,225.19159474690755,225.79742233276366,225.16470470050035,225.2088819858884,225.13569003728645,66.17299909385405,0.07319194860195921,0.060436376666417255,0.012755571935541957,0.10550480182238943,86.15449685243387,76.1702593009414,225.48757491525208
2024-11-15 11:52:00,225.36000061035156,225.46009826660156,225.3489990234375,225.375,61145,225.15466918945313,224.99848114013673,224.87556106567382,225.1751040649414,225.78429733276369,225.18473282426223,225.23443860344406,225.15341670119113,67.12317895133162,0.08102190225292816,0.06455348178371943,0.016468420469208725,0.10590440477536608,90.97320059917406,83.88484954876957,225.48723903393176
2024-11-15 11:53:00,225.33999633789062,225.38999938964844,225.32009887695312,225.36000061035156,35040,225.1651695251465,225.01588104248046,224.88231109619142,225.1578374226888,225.7718468475342,225.20142499436596,225.25375583527597,225.1687192129808,65.63446994255987,0.08503662229517772,0.0686501098860111,0.016386512409166623,0.10333269819821941,86.48016123733396,87.8692862296473,225.4869690556319
2024-11-15 11:54:00,225.36000061035156,225.47999572753906,225.36000061035156,225.47000122070312,49779,225.18316955566405,225.03488098144533,224.89026107788087,225.1389707438151,225.76104682922363,225.22700368258856,225.28702435611092,225.191036398738,70.7568082975918,0.09598795737292676,0.07411767938339424,0.02187027798953252,0.10452287098316805,86.1882175154207,87.8805264506429,225.48682169183994
2024-11-15 11:55:00,225.47000122070312,225.47999572753906,225.3000030517578,225.3000030517578,84634,225.19441986083984,225.05028106689454,224.89686111450195,225.1209041341146,225.74943481445314,225.23395600346183,225.28902107851815,225.19910800266538,56.69285603417177,0.08991307585276331,0.07727675867726805,0.012636317175495265,0.1099135713258882,79.97772074334652,84.2153664987004,225.4861931595932
2024-11-15 11:56:00,225.27000427246094,225.38009643554688,225.25999450683594,225.2729949951172,190859,225.21081924438477,225.0655010986328,224.90499099731446,225.10189076741537,225.73889976501465,225.2376740026671,225.2865555272257,225.20458111321736,54.8282905929635,0.08197441400832872,0.07821628974348019,0.0037581242648485336,0.11064131113910604,70.18844748995069,78.78479524957265,225.48418339449438
2024-11-15 11:57:00,225.27999877929688,225.32000732421875,225.15550231933594,225.15550231933594,43112,225.2218444824219,225.0750112915039,224.90854598999024,225.08179412841798,225.72740226745606,225.22984812806413,225.26639349524265,225.20094564700392,47.508148053737905,0.06544784823873329,0.07566260144253081,-0.010214753203797527,0.11448871783508509,43.82682949344354,64.66433257558026,225.48350139187164
2024-11-15 11:58:00,225.13999938964844,225.21359252929688,225.0800018310547,225.14500427246094,47202,225.225594329834,225.08611145019532,224.91429595947267,225.06246083577474,225.71547729492187,225.22176776086383,225.2477182301993,225.19680184148223,46.90555858063373,0.05091638871707005,0.07071335889743867,-0.01979697018036862,0.11585314500702099,28.15509268032333,47.390123221239186,225.4825841626435
2024-11-15 11:59:00,225.14999389648438,225.17999267578125,225.0399932861328,225.10000610351562,87092,225.2220947265625,225.09691162109374,224.91809600830078,225.0418608601888,225.70257781982423,225.21017141254492,225.22499328763257,225.189631786818,44.31115504352761,0.03536150081455958,0.06364298728086284,-0.02828148646630327,0.11757787676712218,16.25515646831558,29.412359547360822,225.480707444507
2024-11-15 12:00:00,225.10000610351562,225.10000610351562,224.99009704589844,225.08999633789062,52882,225.22084426879883,225.10511169433593,224.92139602661132,225.0317274983724,225.690142288208,225.19872616733974,225.20422452613383,225.18225138319377,43.73169528758768,0.021973142940055368,0.055309018412701354,-0.033335875472645986,0.11703010397069828,16.760628797184847,20.390292648607925,225.4794360962606
2024-11-15 12:01:00,225.08009338378906,225.08009338378906,224.9600067138672,224.9600067138672,36663,225.21259460449218,225.10701171875,224.9225961303711,225.02100219726563,225.67699234008788,225.17599098129475,225.1666525550159,225.1657888150955,36.97034845096964,0.0008637399203905716,0.044419962714239196,-0.043556222793848624,0.11795578397446538,11.343676023857617,14.786487096452683,225.4784337260315
2024-11-15 12:02:00,224.9600067138672,224.99000549316406,224.9199981689453,224.9199981689453,41097,225.20509414672853,225.10761169433593,224.92409606933595,225.01236887613933,225.66269233703613,225.15161071345196,225.12870572638968,225.14758210056587,35.168100401319094,-0.018876374176187483,0.03176069533615386,-0.05063706951234134,0.1145308939919143,6.79727569094043,11.633860170660968,225.47718251693945
2024-11-15 12:03:00,224.9134063720703,224.9499969482422,224.83999633789062,224.9199981689453,49387,225.1955940246582,225.10961151123047,224.9257960510254,225.00346883138022,225.6490923309326,225.1295523758799,225.09659687139822,225.13072403155695,35.168100401319094,-0.034127160158732295,0.018583124237176632,-0.05271028439590893,0.11420730230331776,4.166766007836035,7.435905907544698,225.47557454326338
2024-11-15 12:04:00,224.9250030517578,224.9799041748047,224.8699951171875,224.89500427246094,54323,225.18284454345704,225.11171173095704,224.9268960571289,224.993835550944,225.6365673828125,225.1072144612686,225.06558262540784,225.11326330866095,33.96836295457035,-0.04768068325310537,0.005330362739120232,-0.0530110459922256,0.11390028482573704,7.031765332316084,5.998602343697521,225.47385199303284
2024-11-15 12:05:00,224.89999389648438,224.9600067138672,224.8300018310547,224.8300018310547,55102,225.16534500122071,225.11171173095704,224.92609512329102,224.983935546875,225.62289237976074,225.0808132583911,225.02933942627658,225.0922809769864,31.00584332234211,-0.06294155070980878,-0.00832401995066557,-0.05461753075914321,0.11505061325336298,7.031765332316084,6.076765557489406,225.47198617290263
2024-11-15 12:06:00,224.8300018310547,224.8300018310547,224.6699981689453,224.72000122070312,70405,225.1389953613281,225.10751190185547,224.92699508666993,224.97456888834634,225.60659240722657,225.04645020718272,224.98174893311145,225.06470469874318,26.753592808423118,-0.08295576563173768,-0.023250369086879996,-0.05970539654485768,0.11826154531450672,4.9227442821571925,6.328758315596457,225.46909173761884
2024-11-15 12:07:00,224.72500610351562,224.77499389648438,224.7100067138672,224.74000549316406,37086,225.11499557495117,225.10171203613282,224.92689514160156,224.96390228271486,225.59119239807129,225.0172649963238,224.944557634658,225.04065290573732,28.66945035596425,-0.09609527107932081,-0.037819349485368164,-0.058275921593952645,0.11445623369326965,4.938713485544926,5.631074366672738,225.46757974002654
2024-11-15 12:08:00,224.7322998046875,224.86000061035156,224.72000122070312,224.85459899902344,38800,225.09847564697264,225.09860412597655,224.9293911743164,224.95593292236327,225.57559036254884,225.0017729965809,224.93071784456038,225.02687113486962,38.58021391838986,-0.09615329030924613,-0.04948613765014376,-0.04666715265910237,0.11628074483292451,12.535478361339266,7.465645376347132,225.46615617682403
2024-11-15 12:09:00,224.85890197753906,224.94430541992188,224.85499572753906,224.89999389648438,41157,225.08347549438477,225.09700408935547,224.93209106445312,224.94956624348958,225.5606903076172,224.99207974895265,224.9259910833179,225.01747282091515,42.0170854819408,-0.09148173759723477,-0.05788525763956196,-0.03359647995767281,0.11438257883760401,21.274160619282668,12.916117488722291,225.4648554911738
2024-11-15 12:10:00,224.88999938964844,224.91000366210938,224.8300018310547,224.8300018310547,40136,225.05965576171874,225.0944039916992,224.93354110717775,224.94349955240887,225.54569030761718,224.9766437567719,224.91122350604664,225.00358608092546,38.44500392310273,-0.09236257487881971,-0.0647807210874135,-0.027581853791406208,0.11192681113882427,26.59839252647987,20.136010502367274,225.46349651624067
2024-11-15 12:11:00,224.8300018310547,224.889892578125,224.77000427246094,224.8739013671875,40262,225.03560104370118,225.09338195800783,224.93578018188475,224.9377922566732,225.53205978393555,224.96685876728768,224.90548163852986,224.99397980583376,41.78776634265859,-0.08849816730389648,-0.0695242103307101,-0.01897395697318638,0.11249548931919845,31.505019463551026,26.45919086977119,225.4621123696429
2024-11-15 12:12:00,224.8800048828125,224.977294921875,224.875,224.91000366210938,37243,225.01235122680663,225.0922821044922,224.9379801940918,224.93332560221353,225.5186602783203,224.96144399536593,224.90617733446518,224.98775935074306,44.459021018232086,-0.08158201627787776,-0.07193577152014363,-0.009646244757734124,0.11184535113121999,36.39539474920206,31.49960224641099,225.46099475909796
2024-11-15 12:13:00,224.89999389648438,224.91000366210938,224.7899932861328,224.79440307617188,41405,224.98407135009765,225.09067016601563,224.93772415161132,224.93062164306642,225.50389381408692,224.94553533639507,224.88898129472773,224.9734366637378,38.385045945107755,-0.08445536901007245,-0.07443969101812939,-0.010015677991943056,0.1124285671916016,37.833807623340675,35.24474061203126,225.45955316497773
2024-11-15 12:14:00,224.8000030517578,225.0,224.7899932861328,224.9949951171875,117842,224.96032104492187,225.09076995849608,224.94007415771483,224.92978759765626,225.49151878356935,224.95024579170865,224.90529111356767,224.97503358621555,50.91616699160186,-0.06974247264787437,-0.07350024734407838,0.0037577746962040165,0.11939843481128633,51.74679721643836,41.99199986299371,225.45611337951954
2024-11-15 12:15:00,224.9949951171875,225.1699981689453,224.97000122070312,225.1199951171875,90294,224.95132064819336,225.09106994628905,224.94507415771486,224.92663024902345,225.4801887512207,224.9664123941352,224.93832249873995,224.98577147739866,56.810838016062384,-0.04744897865870712,-0.06828999360700413,0.020841014948297015,0.12515547148492215,66.05979126464597,51.880132034808334,225.45428941141196
2024-11-15 12:16:00,225.11500549316406,225.11500549316406,224.86050415039062,224.88999938964844,39504,224.93217086791992,225.0868698120117,224.9475231933594,224.92633026123048,225.46756378173828,224.95913496513646,224.93088817426434,224.9786772486764,45.89045430093376,-0.0477890744120657,-0.06418980976801644,0.01640073535595074,0.1347508640072045,71.08292600231736,62.963171494467225,225.45321365695162
2024-11-15 12:17:00,224.88499450683594,225.02999877929688,224.8699951171875,224.94000244140625,30978,224.92139587402343,225.08196990966798,224.9493731689453,224.92533030192058,225.45556381225586,224.9573128200193,224.93229036920923,224.97581244813787,48.2208159840794,-0.043522078928646124,-0.06005626360014238,0.016534184671496255,0.13655463530021672,62.666829427083336,66.6031822313489,225.45235896796507
2024-11-15 12:18:00,224.9600067138672,225.0,224.9199981689453,224.9600067138672,28284,224.91214599609376,225.07719604492186,224.94947326660156,224.92333099365234,225.44441383361817,224.95756938133815,224.93655442223354,224.97464165300673,49.16407530313964,-0.03808723077318632,-0.05566245703475117,0.017575226261564852,0.13251514928267893,52.000935872395836,61.916897100598845,225.45160163535763
2024-11-15 12:19:00,224.97000122070312,225.00999450683594,224.9600067138672,225.0,27060,224.90714569091796,225.07249603271484,224.95017333984376,224.92016428629557,225.43423881530762,224.96161039263927,224.94631528035146,224.9765200490803,51.08268878840159,-0.030204768728850695,-0.05057091937357108,0.020366150644720388,0.1266203381173983,59.334309895833336,58.000691731770836,225.4509233358284
2024-11-15 12:20:00,225.00999450683594,225.05990600585938,224.9700927734375,225.05499267578125,206299,224.9053955078125,225.06839599609376,224.952423248291,224.91846425374348,225.4237133026123,224.9705039434147,224.96303487964835,224.98233283624336,53.671878657764424,-0.0192979565950111,-0.04431632681785909,0.025018370222847988,0.12399125913914666,66.33347220015803,59.2229059894624,225.44624159032313
2024-11-15 12:21:00,225.05499267578125,225.17999267578125,225.0500030517578,225.10000610351562,57103,224.91239547729492,225.06679626464845,224.95612335205078,224.91733093261718,225.41306335449218,224.98283748247195,224.98410737562793,224.99104937455982,55.73708409176993,-0.0069419989318930675,-0.03684146124066589,0.02989946230877282,0.12441971377373888,74.53666644325308,66.73481617974815,225.44521364891298
2024-11-15 12:22:00,225.1011962890625,225.11000061035156,225.0,225.00999450683594,26751,224.91689529418946,225.06409606933593,224.95912322998046,224.91639760335286,225.40238830566406,224.98542386574474,224.9880900111984,224.99245271769138,50.855122708429185,-0.004362706492969437,-0.0303457102911266,0.025983003798157163,0.12338977781501201,72.04849742912677,70.97287869084596,225.4446341360497
2024-11-15 12:23:00,225.01499938964844,225.0500030517578,224.83999633789062,224.86990356445312,37983,224.91439056396484,225.05849426269532,224.95982223510742,224.9149969482422,225.390687789917,224.97442193228838,224.9699074809299,224.9833750026367,44.344975761552476,-0.013467521706814978,-0.026970072574264276,0.013502550867449298,0.12957670181873884,55.171173682860484,67.25211251841345,225.44357090207217
2024-11-15 12:24:00,224.89920043945312,224.9199981689453,224.82000732421875,224.88499450683594,37845,224.91389007568358,225.053994140625,224.96092224121094,224.91389689127604,225.37843772888183,224.96590503462625,224.9568439464539,224.9760875585033,45.159397375764534,-0.019243612049422154,-0.025424780469295853,0.006181168419873699,0.12746342631215485,36.98314042204771,54.734270511344995,225.4424251955479
2024-11-15 12:25:00,224.88999938964844,224.99000549316406,224.88999938964844,224.9499969482422,46581,224.91988983154297,225.051494140625,224.9622721862793,224.9139835611979,225.36623771667482,224.96438997878013,224.9557905621136,224.97415492070618,48.645359011038536,-0.0183643585925779,-0.024012696093952266,0.0056483375013743654,0.12585968059900984,31.14673544416402,41.100349849690744,225.4411904052667
2024-11-15 12:26:00,224.9499969482422,224.9499969482422,224.83999633789062,224.86000061035156,39360,224.9268898010254,225.04979400634767,224.9649722290039,224.9128502400716,225.35228775024413,224.95444813416788,224.9410536464579,224.9656990458651,44.43405861823935,-0.02464539940720556,-0.024139236756602928,-0.0005061626506026318,0.12472688986704934,29.008153404151173,32.379343090120976,225.44002660865237
2024-11-15 12:27:00,224.83999633789062,224.92990112304688,224.83999633789062,224.9250030517578,27430,224.93613967895507,225.04959411621093,224.96742233276368,224.91085021972657,225.33826278686524,224.95164384060502,224.93858432419634,224.9626845277831,47.93972648339687,-0.024100203586755242,-0.024131430122633392,3.1226535878149664e-05,0.12223959667342083,31.19840369341524,30.451097513910145,225.43924015639115
2024-11-15 12:28:00,224.9199981689453,224.9499969482422,224.86000061035156,224.86000061035156,26872,224.9364097595215,225.0453939819336,224.96952239990233,224.90965026855469,225.32503776550294,224.9429159139142,224.92649452206638,224.95507831167706,44.88976663351098,-0.028583789610678423,-0.025021902020242397,-0.003561887590436026,0.11993650676036399,21.226088349372947,27.144215148979793,225.4384601250379
2024-11-15 12:29:00,224.8800048828125,224.8800048828125,224.83999633789062,224.87240600585938,33760,224.93503036499024,225.0394421386719,224.97075942993163,224.90833292643228,225.3109487915039,224.93620068457562,224.91817321188068,224.94895443717203,45.601069504540284,-0.0307812252913493,-0.026173766674463778,-0.004607458616885524,0.11422736662904336,20.094474207561028,24.172988750116406,225.4374372212096
2024-11-15 12:30:00,224.8699951171875,224.8800048828125,224.82000732421875,224.86000061035156,24126,224.93653030395507,225.03434204101563,224.9689094543457,224.90666697184244,225.2963488006592,224.92894353464953,224.90922358087622,224.94236526481498,44.975915514496634,-0.03314168393876571,-0.027567350127324166,-0.005574333811441543,0.1103538089122367,12.258392675483215,17.859651744139068,225.43669472381106
2024-11-15 12:31:00,224.85000610351562,224.86500549316406,224.75999450683594,224.77999877929688,52733,224.93183517456055,225.02744201660155,224.96577850341797,224.90473358154296,225.28169876098633,224.91475831985406,224.8893428421717,224.93033811773955,41.065991747272875,-0.040995275567865974,-0.030252935215432528,-0.010742340352433447,0.10997217872765731,10.142807534320198,14.165224805788151,225.43493520722689
2024-11-15 12:32:00,224.77999877929688,224.80999755859375,224.75,224.77000427246094,27441,224.92483520507812,225.02144195556642,224.96307861328125,224.9035336303711,225.26709877014162,224.90097222010235,224.87098306221617,224.9184615366078,40.59123983804979,-0.04747847439162456,-0.03369804305067094,-0.013780431340953622,0.10640256300380681,6.841625536725732,9.747608582176387,225.43398745548464
2024-11-15 12:33:00,224.78500366210938,224.8350067138672,224.75,224.75,37187,224.92261505126953,225.01424194335937,224.96087860107423,224.90113362630208,225.25202377319337,224.88659391342594,224.85237028341368,224.9059829042665,39.60433959647892,-0.05361262085281737,-0.037680958611100226,-0.015931662241717146,0.10487428806547687,3.1383928024655305,6.707608624503824,225.43271069367327
2024-11-15 12:34:00,224.75999450683594,224.7899932861328,224.73379516601562,224.73379516601562,29629,224.90955505371093,225.00591796875,224.95841659545897,224.89907755533855,225.23679275512694,224.87204165176783,224.83412795766012,224.89322825698866,38.78176551152443,-0.059100299328548545,-0.04196482675458989,-0.017135472573958657,0.10139741892631335,1.5507452093683465,3.8435878495198743,225.431656999017
2024-11-15 12:35:00,224.72999572753906,224.75,224.6199951171875,224.6199951171875,38832,224.88455505371093,224.99471801757812,224.955616607666,224.89767751057943,225.22108573913573,224.84803721990306,224.80118444374125,224.87298876515155,33.51699057688104,-0.07180432141029769,-0.047932725685731446,-0.023871595724566243,0.10344080920389813,0.0,1.5630460039446303,225.43010021961604
2024-11-15 12:36:00,224.6300048828125,224.6468048095703,224.5500030517578,224.55130004882812,42382,224.86762008666992,224.9808041381836,224.95322967529296,224.895219523112,225.2045922088623,224.81977653694355,224.76274069067767,224.84915997134982,30.798949977766995,-0.08641928067214621,-0.0556300366830144,-0.030789243989131812,0.1029665912473697,0.08646647135416667,0.5457372269075091,225.42823039624096
2024-11-15 12:37:00,224.55499267578125,224.66000366210938,224.49000549316406,224.58999633789062,66313,224.85011978149413,224.96820404052735,224.95122970581053,224.89301951090494,225.1887651824951,224.7978927084623,224.73616463640275,224.82996266516767,34.04366015634092,-0.09379802876492249,-0.06326363509939603,-0.03053439366552646,0.10775456108293706,6.752522786458333,2.279663085937505,225.42531198373538
2024-11-15 12:38:00,224.5800018310547,224.65989685058594,224.52000427246094,224.5500030517578,49953,224.82961959838866,224.95550415039062,224.94932968139648,224.88999552408853,225.1730401611328,224.77428416972856,224.70752439261122,224.80922491602618,32.35512996385796,-0.10170052341496216,-0.07095101276250926,-0.030749510652452905,0.11005013372879871,10.752360026041666,5.86378309461806,225.42311809240158
2024-11-15 12:39:00,224.57000732421875,224.61000061035156,224.56500244140625,224.61000061035156,40732,224.81011962890625,224.9437042236328,224.94922973632814,224.88859547932944,225.1570401763916,224.75863811645456,224.69252073380204,224.79446756005026,37.37349160536825,-0.10194682624822349,-0.07715017545965211,-0.02479665078857138,0.10647494979058095,19.36135342774971,12.288745413416573,225.42137618982656
2024-11-15 12:40:00,224.60009765625,224.63999938964844,224.57870483398438,224.61000061035156,37132,224.78787002563476,224.92977630615235,224.9499298095703,224.8865288289388,225.1391651916504,224.74448216349236,224.67982533019426,224.78080334155405,37.37349160536826,-0.10097801135978557,-0.08191574263967881,-0.01906226872010676,0.10324777878154394,21.390756985707753,17.16815681316638,225.4198224935169
2024-11-15 12:41:00,224.6199951171875,224.63999938964844,224.57000732421875,224.57000732421875,39682,224.76137008666993,224.91407653808594,224.94872985839845,224.884462890625,225.12221519470214,224.72786551213295,224.66293025235188,224.76518882175142,35.34630385468665,-0.10225856939953815,-0.08598430799165067,-0.016274261407887472,0.10087237068498277,23.188261571463325,21.313457328306935,225.41813553108466
2024-11-15 12:42:00,224.56500244140625,224.5800018310547,224.44000244140625,224.47000122070312,53081,224.73437042236327,224.8959765625,224.94722885131836,224.88236623128256,225.10532218933105,224.70330700818724,224.63324886286745,224.74332307352563,30.841373239387607,-0.11007421065818335,-0.09080228852495721,-0.019271922133226135,0.10366715775380099,16.76542388363254,20.448147480267878,225.41562646615998
2024-11-15 12:43:00,224.47999572753906,224.64010620117188,224.47999572753906,224.6199951171875,42288,224.721875,224.8811764526367,224.94852874755858,224.88193288167318,225.0886721801758,224.69537254237775,224.63120982507053,224.73418766935242,42.6479683729536,-0.10297784428189516,-0.0932373996763448,-0.00974044460555036,0.10841271651915449,21.705697121958874,20.553127525684918,225.41381777487294
2024-11-15 12:44:00,224.63499450683594,224.6999969482422,224.5800018310547,224.6999969482422,53259,224.7126251220703,224.8657763671875,224.9503286743164,224.88209950764974,225.0706721496582,224.69581296198388,224.64179245940466,224.73165502334427,47.76964667694372,-0.08986256393961867,-0.09256243252899958,0.0026998685893809132,0.10924003085260775,36.299934899056574,24.92368530154933,225.41176836039034
2024-11-15 12:45:00,224.69500732421875,224.8166961669922,224.68060302734375,224.80760192871094,68950,224.70550537109375,224.85592834472655,224.95310470581055,224.88321685791016,225.0546601867676,224.7064595302436,224.6673016085287,224.7372807200381,53.7520184930437,-0.06997911150938307,-0.08804576832507628,0.018066656815693208,0.11115811005230988,65.04803096365453,41.017887661556664,225.4095114988394
2024-11-15 12:46:00,224.8000030517578,224.82000732421875,224.7449951171875,224.7449951171875,45885,224.69975509643555,224.84536834716798,224.95543472290038,224.88511678059896,225.03776016235352,224.710129586143,224.6792544560147,224.73785215686397,50.15271256210234,-0.05859770084927618,-0.08215615482991627,0.02355845398064009,0.1085762598365199,77.14979801322194,59.49925462531102,225.4080223062885
2024-11-15 12:47:00,224.74000549316406,224.74000549316406,224.61000061035156,224.6175994873047,35741,224.68438491821288,224.83461029052734,224.95481079101563,224.88390075683594,225.0199981689453,224.70131719577745,224.66976907621316,224.72894455171144,43.735122665142,-0.05917547549827873,-0.07756001896358876,0.01838454346531003,0.11046327747933544,72.33670647160555,71.51151181616068,225.40666049313987
2024-11-15 12:48:00,224.60000610351562,224.64999389648438,224.5800018310547,224.59800720214844,11756,224.67128524780273,224.8236703491211,224.9548908996582,224.8840874226888,225.00276321411133,224.69147814876516,224.6587287878955,224.71924548878084,42.82747918486259,-0.06051670088533001,-0.07415135534793701,0.013634654462607004,0.10757247661864633,55.17587686081674,68.22079378188141,225.40618594395863
2024-11-15 12:49:00,224.59500122070312,224.63999938964844,224.5800018310547,224.61000061035156,27180,224.65816497802734,224.81387023925782,224.95539093017578,224.88335408528647,224.98486320495604,224.68371838320195,224.65123214519645,224.71115327556384,43.59911621077099,-0.059921130367399655,-0.07130531035182955,0.011384179984429893,0.1041742681882966,44.35030517185993,57.28762950142741,225.40509185647602
2024-11-15 12:50:00,224.60000610351562,224.60000610351562,224.360107421875,224.360107421875,66963,224.6331703186035,224.7992724609375,224.9521920776367,224.8806881713867,224.97361373901367,224.65289829164698,224.60644372622392,224.6851498789943,33.464513664958545,-0.07870615277039406,-0.07278547883554246,-0.0059206739348516,0.11458276249460131,28.77181711103972,42.76599971457213,225.40183580688424
2024-11-15 12:51:00,224.360107421875,224.52999877929688,224.36000061035156,224.4499969482422,568890,224.61667022705078,224.789072265625,224.9480419921875,224.87808817545573,224.96301971435548,224.63357435417984,224.5823749911498,224.66773114338304,38.96089144181503,-0.08535615223323134,-0.07529961351508024,-0.010056538718151098,0.11854100581250927,21.433307050298804,31.518476444399493,225.3752190057209
2024-11-15 12:52:00,224.4600067138672,224.47999572753906,224.3249969482422,224.3249969482422,68574,224.59441986083985,224.77717224121093,224.94239196777343,224.87512145996095,224.95356971740722,224.60418602980482,224.542778369164,224.64234342522445,34.67162486225601,-0.09956505606044175,-0.08015270202415255,-0.0194123540362892,0.12114513248996397,6.52137857829966,18.908834246546068,225.3718761148014
2024-11-15 12:53:00,224.3101043701172,224.4199981689453,224.27000427246094,224.3300018310547,542062,224.57341995239258,224.76537231445312,224.9374919128418,224.87232147216798,224.94394470214843,224.57807324897146,224.5100435171472,224.6192070108415,34.98027598329425,-0.10916349369429668,-0.08595486035818137,-0.02320863333611531,0.12320575848956479,10.157574074669938,12.704086567756141,225.3452735810993
2024-11-15 12:54:00,224.3300018310547,224.44000244140625,224.2899932861328,224.39999389648438,39086,224.556729888916,224.75547210693358,224.93359191894533,224.86975474039713,224.9342446899414,224.56111331063937,224.493112806276,224.6029690023706,39.29942684762494,-0.10985619609459718,-0.09073512750546454,-0.019121068589132637,0.12512028683127,11.51431081518472,9.397754489384779,225.3434763213897
2024-11-15 12:55:00,224.39999389648438,224.60499572753906,224.39999389648438,224.60499572753906,64297,224.55597991943358,224.75097198486327,224.93134185791016,224.8677207438151,224.92569465637206,224.56529258843935,224.5103255633934,224.60311913016085,49.81475669164271,-0.09279356676745465,-0.09114681535786258,-0.0016467514095920704,0.130826111418657,31.81671059323993,17.8295318276982,225.34102115274112
2024-11-15 12:56:00,224.61000061035156,224.66000366210938,224.52999877929688,224.63999938964844,48394,224.5604148864746,224.74937194824219,224.92844192504882,224.86778737386066,224.91826965332032,224.57240752188784,224.53027538281725,224.60585100123402,51.364030268594156,-0.07557561841676375,-0.08803257596964281,0.012456957552879067,0.13076745223250294,50.60433717112867,31.311786193184446,225.33935066057913
2024-11-15 12:57:00,224.6300048828125,224.63999938964844,224.5614013671875,224.63999938964844,27807,224.5629150390625,224.74737182617187,224.92454193115233,224.86705403645834,224.9097696685791,224.57884484262695,224.54715599925282,224.60838051148693,51.36403026859416,-0.06122451223410508,-0.08267096322253527,0.02144645098843019,0.12704106439167687,65.15004392657326,49.190363896980635,225.3383992339139
2024-11-15 12:58:00,224.63999938964844,224.72999572753906,224.6300048828125,224.66990661621094,723453,224.56891021728515,224.74367797851562,224.9211410522461,224.86748677571615,224.90286918640138,224.5875173924921,224.56604070955407,224.61293800072573,52.80765935115131,-0.04689729117166053,-0.07551622881236032,0.028618937640699796,0.12510890584416873,69.08401535118139,61.61279881629445,225.31656705154288
2024-11-15 12:59:00,224.6699981689453,224.7949981689453,224.6699981689453,224.72999572753906,37340,224.57490997314454,224.7402780151367,224.9186410522461,224.86815338134767,224.89724418640137,224.60108675773466,224.59126455847482,224.62160894345263,55.65566294781845,-0.030344384977809113,-0.06648186004545009,0.03613747506764098,0.12510766633632633,74.53830859573681,69.59078929116383,225.3155727838449
2024-11-15 13:00:00,224.73500061035156,224.85000610351562,224.69369506835938,224.77000427246094,68250,224.58291015625,224.73907806396485,224.91674102783202,224.86872009277343,224.89239418029786,224.61717414008956,224.61876297601117,224.63260119004582,57.49495686896029,-0.013838214034649354,-0.05595313084328995,0.042114916808640594,0.12733647839489232,80.85002798754464,74.82411731148763,225.31388673992808
2024-11-15 13:01:00,224.7899932861328,224.8300018310547,224.75,224.77999877929688,48470,224.5934097290039,224.73720001220704,224.91529098510742,224.8695867919922,224.88764419555665,224.6326812485855,224.64356848420897,224.64351952999033,57.96401588072348,4.895421864148375e-05,-0.044752713830903665,0.04480166804954515,0.12395543215630626,85.92359338218205,80.43730998848784,225.31272954007778
2024-11-15 13:02:00,224.77999877929688,224.80979919433594,224.75,224.80140686035156,39805,224.60998001098633,224.7350280761719,224.91365509033204,224.8703294881185,224.88375122070312,224.64875035446798,224.66785131130783,224.65521488779487,59.007515555325284,0.012636423512958572,-0.033274886362131224,0.0459113098750898,0.11937284374056566,88.58576026238018,85.11979387736896,225.31178372828813
2024-11-15 13:03:00,224.8000030517578,224.83900451660156,224.6699981689453,224.6750030517578,37122,224.61273040771485,224.7326400756836,224.91165512084962,224.86936279296876,224.8811262512207,224.6512506113527,224.66895157906936,224.65668067771804,50.96310733240754,0.012270901351314478,-0.024165728819442085,0.03643663017075656,0.12291809402025741,83.12593722869696,85.87843029108642,225.3108057814422
2024-11-15 13:04:00,224.66000366210938,224.74000549316406,224.61000061035156,224.610107421875,97023,224.60823593139648,224.72494232177735,224.90785614013672,224.8683635457357,224.87857627868652,224.64733221235485,224.6598986318087,224.65323080691485,47.3910143744319,0.00666782489383877,-0.017999018076785916,0.024666842970624686,0.12342429321970332,73.3620969368516,81.69126480930959,225.30793986681576
2024-11-15 13:05:00,224.6300048828125,224.63999938964844,224.50999450683594,224.52000427246094,33219,224.59385604858397,224.71294250488282,224.90200622558595,224.86769694010417,224.87320831298828,224.63520574188877,224.63837642267828,224.64336217473308,42.895421310352845,-0.004985752054807335,-0.015396364872390201,0.010410612817582866,0.12389433533347452,57.18958547087246,71.22587321214034,225.30682024054644
2024-11-15 13:06:00,224.50999450683594,224.63999938964844,224.47999572753906,224.625,54069,224.5878562927246,224.70764251708985,224.89725616455078,224.8675629679362,224.8716583251953,224.6342337664708,224.636318511497,224.64200201364173,48.97020915752755,-0.0056835021447341205,-0.013453792326858985,0.007770290182124865,0.12647357296032458,54.31585593643945,61.62251278138785,225.3050654899934
2024-11-15 13:07:00,224.6199951171875,224.65499877929688,224.55999755859375,224.63360595703125,26745,224.58865661621093,224.70151458740236,224.89174224853517,224.86675364176432,224.869376373291,224.6341739750956,224.63590119542533,224.64138008352245,49.44492873256643,-0.0054788880971159415,-0.011858811480910378,0.006379923383794436,0.12422554779909604,55.22242667911166,55.575956028807866,225.30424193403928
2024-11-15 13:08:00,224.63499450683594,224.72000122070312,224.60000610351562,224.6300048828125,45366,224.59025650024415,224.69491455078125,224.88605529785156,224.86462036132812,224.86622688293457,224.6337769186877,224.63499407040797,224.64053747606246,49.23851628099679,-0.005543405654492517,-0.010595730315626807,0.00505232466113429,0.12392337418398205,57.89204461645213,55.810109077334424,225.30291788853103
2024-11-15 13:09:00,224.6300048828125,224.80999755859375,224.6262969970703,224.75,58536,224.59725646972657,224.68991455078125,224.88120529174805,224.86342041015624,224.862601852417,224.64484578357457,224.65268729034523,224.64864581116896,55.852146575430545,0.004041479176265739,-0.007668288417248298,0.011709767593514036,0.12819317327965746,61.81408282614859,58.3095180405708,225.30142249721908
2024-11-15 13:10:00,224.72999572753906,224.75,224.67999267578125,224.69000244140625,33407,224.61375122070314,224.68261474609375,224.87550537109374,224.86248708089192,224.85950187683105,224.64914641765378,224.65842808281616,224.65170926526062,52.19069437434663,0.006718817555537271,-0.004790867222691184,0.011509684778228455,0.12403704120387837,60.28040900110917,59.995512147903305,225.30053974980513
2024-11-15 13:11:00,224.6699981689453,224.6750030517578,224.60769653320312,224.6199951171875,23240,224.62225112915038,224.67301452636718,224.8699053955078,224.86175374348957,224.8562518310547,224.64637010332365,224.6525153188733,224.64936006910705,48.218573622927046,0.0031552497662517,-0.0032016438249026073,0.006356893591154307,0.12105624598953885,55.85522427041665,59.31657203255815,225.29985248806503
2024-11-15 13:12:00,224.6649932861328,224.72000122070312,224.61000061035156,224.7100067138672,29325,224.64150161743163,224.66701477050782,224.86555541992186,224.86175374348957,224.8540518951416,224.6524307328992,224.66136014887235,224.65385241316335,53.15520172250328,0.007507735708998098,-0.0010597679181224666,0.008567503627120564,0.12026655772968341,52.252326556421565,56.12931994264914,225.29904679356662
2024-11-15 13:13:00,224.7100067138672,224.74830627441406,224.64999389648438,224.6699981689453,30541,224.65850143432618,224.66301666259767,224.8607554626465,224.86088704427084,224.85200187683105,224.65410382204647,224.66268907503743,224.65504839507312,50.83534505989997,0.007640679964310948,0.0006803216583642164,0.006960358305946731,0.11869840202968372,50.45019038585783,52.85258040423202,225.29822266170828
2024-11-15 13:14:00,224.67990112304688,224.67990112304688,224.61000061035156,224.63999938964844,684341,224.67050170898438,224.6581167602539,224.85605545043944,224.85998708089193,224.8499518585205,224.65276054277047,224.65919835420837,224.65393365393055,49.10483107956248,0.005264700277820111,0.0015971973822553956,0.0036675028955647157,0.11521283850580007,52.69404447632494,51.79885380620146,225.27896691259812
2024-11-15 13:15:00,224.63999938964844,224.70989990234375,224.6300048828125,224.6999969482422,53829,224.67525177001954,224.6531167602539,224.85230545043945,224.85922037760417,224.84876686096192,224.6572592480535,224.66547506098283,224.6573457498055,52.58156333721086,0.008129311177327736,0.002903620141269864,0.005225691036057872,0.11269013715047507,52.39964068620918,51.84795851613066,225.27758481802903
2024-11-15 13:16:00,224.7050018310547,224.8000030517578,224.7050018310547,224.77999877929688,37055,224.68225173950196,224.65151672363282,224.85065536499025,224.8604870605469,224.84751686096192,224.66894872721954,224.6830940945696,224.66643115939743,56.81753590943103,0.016662935172178095,0.00565548314745151,0.011007452024726585,0.11178413474798578,63.13753825229514,56.07707447160976,225.27676666939928
2024-11-15 13:17:00,224.7899932861328,224.86000061035156,224.75999450683594,224.75999450683594,31857,224.68825149536133,224.64821655273437,224.84890533447265,224.86102040608725,224.84519180297852,224.67761975384965,224.69492492722597,224.67336177772623,55.48287067385406,0.02156314949974103,0.008837016417909415,0.012726133081831615,0.11094284680281716,72.8424610552123,62.79321333123888,225.2761084684709
2024-11-15 13:18:00,224.77000427246094,224.77000427246094,224.63999938964844,224.64999389648438,21087,224.687255859375,224.64401641845703,224.8447052001953,224.86102040608725,224.84324180603028,224.67498871981488,224.68801246095802,224.67163082356018,48.707366469452886,0.01638163739784204,0.01034594061389594,0.006035696783946101,0.1123044208035088,67.32766392367523,67.76922107706089,225.27557773188568
2024-11-15 13:19:00,224.6405029296875,224.74819946289062,224.6405029296875,224.69000244140625,32263,224.68525619506835,224.64036834716796,224.8399052429199,224.86062906901043,224.84134178161622,224.67641859806167,224.6883186117962,224.67299168414138,51.04883370301024,0.015326927654825795,0.011342138022081913,0.003984789632743882,0.11197528597490997,57.89431416639897,66.02147971509551,225.27477613358772
2024-11-15 13:20:00,224.6999969482422,224.89999389648438,224.6699981689453,224.89500427246094,64000,224.69150619506837,224.64106842041016,224.83770523071288,224.85962910970053,224.84026733398437,224.6972362813378,224.72011640574465,224.68943706105392,60.898403163516214,0.030679344690724974,0.015209579355810526,0.015469765334914449,0.1204053175152066,66.17748257188164,63.79982022065195,225.27354295629416
2024-11-15 13:21:00,224.88999938964844,224.9499969482422,224.74000549316406,224.75,71615,224.69000625610352,224.64046844482422,224.8339552307129,224.85734181722006,224.8386672973633,224.70226139740086,224.72471388178394,224.69392320467955,52.8049059922716,0.03079067710439176,0.018325798905526772,0.012464878198864989,0.12680432734112937,65.5510607775939,63.207619171958186,225.27214568875468
2024-11-15 13:22:00,224.76499938964844,224.7949981689453,224.67999267578125,224.7550048828125,36844,224.68768615722655,224.64016845703125,224.83080520629883,224.85544189453125,224.83769233703615,224.7072845864877,224.72937403578834,224.69844777343016,53.036904306347125,0.030926262358178747,0.020845891596057167,0.01008037076212158,0.1259615534713389,61.47459417685795,64.40104584211117,225.27132095772586
2024-11-15 13:23:00,224.75,224.75,224.60000610351562,224.61000061035156,35326,224.68443603515624,224.63736846923828,224.82580520629884,224.85304189046224,224.83519233703612,224.6980194459033,224.71100889341344,224.69189613172063,45.984023973189444,0.019112761692809954,0.020499265615407724,-0.0013865039225977698,0.12803564103030576,29.582327631483697,52.20266086197853,225.27039824494
2024-11-15 13:24:00,224.58999633789062,224.60000610351562,224.53640747070312,224.58999633789062,37163,224.68343048095704,224.63449249267578,224.8202052307129,224.85044189453126,224.83293128967284,224.68773153085448,224.69239157717917,224.68434799884434,45.093131298254484,0.008043578334820722,0.018008128159290322,-0.0099645498244696,0.12414689093160089,19.615827287167104,36.890916365169595,225.2693084043295
2024-11-15 13:25:00,224.58999633789062,224.72000122070312,224.58999633789062,224.72000122070312,26553,224.69343032836915,224.6364926147461,224.8156053161621,224.84924194335937,224.8323812866211,224.6908048346496,224.6966392146444,224.6869889782413,51.64920225925724,0.009650236403103918,0.016336549808053043,-0.006686313404949126,0.1245653189230937,20.067666988814466,23.08860730248843,225.26864507072833
2024-11-15 13:26:00,224.7100067138672,224.72650146484375,224.6699981689453,224.71009826660156,18383,224.69768524169922,224.63966857910157,224.81023635864258,224.84870930989584,224.83133178710938,224.69264230435934,224.6987098380224,224.6887007773791,51.148202942312864,0.01000906064331275,0.015071051975104985,-0.005061991331792234,0.119703745849904,33.11443153169772,24.26597526922644,225.26820647520637
2024-11-15 13:27:00,224.72999572753906,224.75990295410156,224.6999969482422,224.73500061035156,47628,224.70275497436523,224.6425686645508,224.80538635253907,224.8483426920573,224.8304067993164,224.69667642873955,224.70429303376537,224.6921303946363,52.39861526034972,0.012162639129059016,0.014489369405895791,-0.002326730276836775,0.11543247870772337,44.80108221115415,32.66106024388879,225.2671322131398
2024-11-15 13:28:00,224.74000549316406,224.86000061035156,224.72999572753906,224.77000427246094,34388,224.70975494384766,224.64696868896485,224.80123641967774,224.84854268391928,224.8292388153076,224.7036600329035,224.71440245510314,224.6978988300307,54.1741972179044,0.016503625072431305,0.014892220539202895,0.0016114045332284097,0.11647336471520743,48.83108897497387,42.24886757260859,225.2664386903173
2024-11-15 13:29:00,224.74000549316406,224.77999877929688,224.69500732421875,224.73500061035156,37633,224.70900497436523,224.64946868896484,224.79658645629883,224.84930938720703,224.8288137817383,224.70664484980333,224.71757140206444,224.70064711005446,52.082042363200785,0.016924292009974806,0.015298634833357277,0.0016256571766175287,0.11422465688398727,50.83809875176781,48.15675664596529,225.26560315981854
2024-11-15 13:30:00,224.6999969482422,224.7100067138672,224.63999938964844,224.68499755859375,28045,224.7087547302246,224.6509686279297,224.790372467041,224.85027608235677,224.82763877868652,224.70458320302146,224.71256004153048,224.69948788402033,49.161305319190205,0.013072157510151783,0.01485333936871618,-0.0017811818585643964,0.11285155429963996,46.8080919879481,48.82575990489661,225.26491373268993
2024-11-15 13:31:00,224.6699981689453,224.7449951171875,224.6699981689453,224.6699981689453,35468,224.7112548828125,224.6529684448242,224.78352249145507,224.85014272054036,224.8265892791748,224.70128939025233,224.70601206113278,224.69730346068144,48.28653853123026,0.008708600451342363,0.013624391585241417,-0.004915791133899054,0.1101476538669648,38.748078460308676,45.464756400008206,225.26406884336782
2024-11-15 13:32:00,224.6699981689453,224.72000122070312,224.60000610351562,224.6905059814453,30280,224.7102798461914,224.65737854003908,224.77667755126953,224.85061208089192,224.82611930847168,224.70026239893735,224.70362651041165,224.696799943701,49.60683348433901,0.006826566710657289,0.012264826610324592,-0.005438259899667303,0.1108510441041459,35.162024226772424,40.239398225009744,225.26331813706176
2024-11-15 13:33:00,224.69500732421875,224.7050018310547,224.5500030517578,224.57049560546875,29981,224.70530471801757,224.6563885498047,224.7687825012207,224.85114868164064,224.82554679870606,224.68790365670225,224.68314483272815,224.6874440667949,42.73142000334492,-0.004299234066763802,0.008952014474906914,-0.013251248541670715,0.11400445376076943,25.933714566808092,33.28127241796307,225.26249962322785
2024-11-15 13:34:00,224.57989501953125,224.6300048828125,224.5500030517578,224.5500030517578,79671,224.70080490112304,224.653388671875,224.75958251953125,224.8513486735026,224.82492179870604,224.67477026575514,224.66266148180964,224.67726325086622,41.66939085558275,-0.014601769056582725,0.0042412577686089855,-0.018843026825191712,0.1115756949960493,16.262682161962736,25.786140318514427,225.26022905051244
2024-11-15 13:35:00,224.5399932861328,224.61000061035156,224.52000427246094,224.5800018310547,34007,224.69480514526367,224.64883666992188,224.75238250732423,224.851682027181,224.82462181091307,224.6657447005456,224.64994461246272,224.67005870125055,43.86870056550694,-0.02011408878783527,-0.0006298115426798664,-0.019484277245155404,0.11003431234566187,9.725256326668312,17.307217685146387,225.25925503477634
2024-11-15 13:36:00,224.59860229492188,224.69500732421875,224.5800018310547,224.68629455566406,24742,224.69011993408202,224.64766265869142,224.7465155029297,224.85284403483072,224.82575325012206,224.66770182960448,224.6555369114168,224.67126135713303,50.92866329270523,-0.015724445716244873,-0.003648738377392868,-0.012075707338852004,0.11038939668983336,23.28106027878532,16.422999589138797,225.25863402292623
2024-11-15 13:37:00,224.69500732421875,224.75999450683594,224.6699981689453,224.74000549316406,45962,224.68912048339843,224.6501107788086,224.74236053466797,224.85324412027995,224.8254532623291,224.67458789280064,224.66853207783944,224.67635351535756,54.07218845198807,-0.007821437518117591,-0.004483278205537813,-0.0033381593125797783,0.10893274963274706,43.75430093049696,25.58687251198354,225.25761606291402
2024-11-15 13:38:00,224.74000549316406,224.7501983642578,224.6999969482422,224.6999969482422,533088,224.69162063598634,224.65215057373047,224.73791046142577,224.8539774576823,224.82610321044922,224.6770078028427,224.6733728271322,224.67810488075642,51.4293258181358,-0.004732053624223909,-0.0045330332892750316,-0.00019902033494887707,0.10473765437438122,55.51865481853813,40.85133867594015,225.24594359254402
2024-11-15 13:39:00,224.6999969482422,224.85000610351562,224.69000244140625,224.80499267578125,0,224.69737014770507,224.65605041503906,224.73496032714843,224.85561075846354,224.8265281677246,224.68919683836066,224.69362203461665,224.68750397668418,57.32433510687096,0.006118057932468446,-0.002402815044926336,0.008520872977394782,0.10868522635545222,67.1558507614517,55.47626883682894,225.24594359254402
2024-11-15 13:40:00,224.8000030517578,224.80999755859375,224.72000122070312,224.72000122070312,32431,224.6886199951172,224.66324829101563,224.73126037597658,224.85587748209636,224.82632820129393,224.69213058905996,224.69768037093766,224.68991117994483,51.83954669915504,0.007769190992831909,-0.0003684138373746869,0.008137604830206596,0.10735030575082173,65.1946264548365,62.62304401160878,225.24529334081322
2024-11-15 13:41:00,224.7100067138672,224.77000427246094,224.67869567871094,224.7100067138672,32256,224.68662033081054,224.66844848632812,224.72876037597655,224.85484415690104,224.82567825317383,224.69383307713682,224.69957673138836,224.69139973801313,51.218931857447345,0.008176993375229813,0.0013406676051462131,0.0068363257700836,0.10620446917933449,66.1759865960566,66.17548793744828,225.24460865457124
2024-11-15 13:42:00,224.6999969482422,224.75999450683594,224.6999969482422,224.7449951171875,25550,224.6861198425293,224.67684844970702,224.72701034545898,224.8538774617513,224.82555320739746,224.69870565237974,224.70656417535747,224.69536976610013,53.32555830358391,0.011194409257342386,0.0033114159355854475,0.007882993321756938,0.10290397556607847,60.96186796427307,64.1108270050554,225.2440834764352
2024-11-15 13:43:00,224.74000549316406,224.75,224.69000244140625,224.74000549316406,41070,224.69262008666993,224.68504852294922,224.72521041870118,224.85334411621093,224.82550323486328,224.70263897054969,224.71170899348158,224.698676116253,52.97421704385162,0.01303287722856794,0.005255708194181946,0.0077771690343859945,0.09983923149662646,63.57633504781833,63.57139653604935,225.2432277808074
2024-11-15 13:44:00,224.74989318847656,224.75990295410156,224.7100067138672,224.75,16891,224.70062026977538,224.69204864501953,224.72376037597655,224.8530774943034,224.82532821655275,224.70714954478305,224.71759991756136,224.70247788541946,53.633207354394024,0.015122032141903219,0.0072289729837262005,0.007893059158177018,0.09627187497789423,68.18020684021516,64.23946995076886,225.24288571712864
2024-11-15 13:45:00,224.75999450683594,224.77000427246094,224.6300048828125,224.77000427246094,41127,224.70312042236327,224.69534881591798,224.7231604003906,224.85267751057944,224.82462776184082,224.7131357093238,224.72566212600742,224.7074798400151,54.99268531386632,0.0181822859923102,0.009419635585443,0.008762650406867198,0.09939526888293304,70.70637012376505,67.4876373372662,225.24202730569982
2024-11-15 13:46:00,224.76690673828125,224.7698974609375,224.6699981689453,224.7100067138672,33443,224.70311584472657,224.69674896240235,224.72306045532227,224.8512109375,224.8250277709961,224.7128377097565,224.72325360106277,224.707667015856,50.235287099703164,0.015586585206762038,0.010653025509706808,0.00493355969705523,0.09943889992812532,67.67620721012315,68.8542613913678,225.2413223701189
2024-11-15 13:47:00,224.7100067138672,224.75,224.6300048828125,224.63499450683594,28518,224.69811553955077,224.6966488647461,224.72201034545898,224.8485775756836,224.8244527435303,224.7054240713831,224.70967527887402,224.7022838670397,44.99438608490416,0.0073914118343054724,0.010000702774626542,-0.0026092909403210695,0.10090720116093782,56.05955518564758,64.8140441731786,225.24067134938082
2024-11-15 13:48:00,224.6345977783203,224.66659545898438,224.61000061035156,224.6199951171875,23577,224.69061508178712,224.69565063476563,224.71966430664062,224.8459775797526,224.82452774047852,224.69728798050733,224.69587833092226,224.69618840408768,44.005758093532634,-0.0003100731654228639,0.00793854758661666,-0.008248620752039524,0.0977420331232146,40.90719933416563,54.88098724331213,225.24009698990744
2024-11-15 13:49:00,224.6201934814453,224.639892578125,224.51119995117188,224.51119995117188,46028,224.67942504882814,224.6912747192383,224.7157763671875,224.8428522745768,224.82393371582032,224.67956531104682,224.6674662724991,224.68248555572356,37.55940650433403,-0.015019283224461333,0.003346981424401062,-0.018366264648862395,0.09995278982535108,21.71514002558531,39.56063151513285,225.23883516429
2024-11-15 13:50:00,224.52000427246094,224.58999633789062,224.50999450683594,224.55999755859375,34757,224.6731750488281,224.68707458496092,224.7130763244629,224.840185546875,224.8233087158203,224.66817790605128,224.65093262420595,224.67341237075098,41.68563829507704,-0.02247974654503082,-0.0018183641694853145,-0.020661382375545507,0.09852772134173227,15.002122060639119,25.874820473463362,225.23788433186516
2024-11-15 13:51:00,224.5500946044922,224.6199951171875,224.5500946044922,224.57000732421875,21200,224.6681755065918,224.6828747558594,224.7100373840332,224.83781890869142,224.822908782959,224.65882832682917,224.63848257805407,224.66575273767452,42.52466954909174,-0.02727015962045698,-0.006908723259679648,-0.020361436360777332,0.09648292072413087,10.785501652979107,15.834254579734521,225.2373282388896
2024-11-15 13:52:00,224.61000061035156,224.64500427246094,224.57000732421875,224.63999938964844,24620,224.66565017700196,224.67964660644532,224.7073373413086,224.8356522623698,224.8226587677002,224.65703509471672,224.63871593368398,224.6638450822652,48.14314363571127,-0.025129148581214622,-0.010552808323986643,-0.014576340257227979,0.09494820840399207,23.5306436895092,16.43942246770915,225.23672118145348
2024-11-15 13:53:00,224.6322021484375,224.65499877929688,224.5500030517578,224.59500122070312,51761,224.66687545776367,224.67804656982423,224.70534332275392,224.83378560384114,224.82153373718262,224.65112710671542,224.6319905932254,224.65874553696432,45.09131251115839,-0.026754943738922066,-0.013793235406973728,-0.012961708331948337,0.0956658883422114,28.073645262471526,20.796596868319956,225.23541105276323
2024-11-15 13:54:00,224.5800018310547,224.64500427246094,224.5800018310547,224.64500427246094,32216,224.67162551879883,224.67874450683593,224.70184341430664,224.83148559570313,224.82095878601075,224.65054397964354,224.6339926977232,224.65772766551964,48.96297719622054,-0.02373496779645734,-0.01578158188487045,-0.00795338591158689,0.09347564213249988,39.49853059545202,30.367606515810923,225.2346281954726
2024-11-15 13:55:00,224.64999389648438,224.64999389648438,224.5850067138672,224.625,39941,224.6738754272461,224.68084442138672,224.69689346313476,224.8282856241862,224.8209838104248,224.6481112196775,224.6326092057658,224.65530339399967,47.5194046984182,-0.022694188233884915,-0.017164103154673344,-0.005530085079211572,0.09144075216712044,41.497128778014265,36.35643487864595,225.233655112185
2024-11-15 13:56:00,224.6199951171875,224.66000366210938,224.5601043701172,224.5749969482422,44067,224.668310546875,224.67984436035155,224.6937434387207,224.82478556315104,224.82063331604004,224.64114795573127,224.6237457815314,224.649354768388,44.02533260905553,-0.025608986856610727,-0.01885307989506082,-0.006755906961549908,0.09204493358319667,40.38536776212833,40.46034237853154,225.2325473561959
2024-11-15 13:57:00,224.5749969482422,224.58999633789062,224.52000427246094,224.52499389648438,43183,224.657559967041,224.67767211914062,224.68959335327148,224.82038553873699,224.8194832611084,224.63008566437443,224.60855318383187,224.6401428519507,40.79496382146879,-0.031589668118840564,-0.02140039753981677,-0.010189270579023794,0.09046972871508888,25.000000000000004,35.62749884671421,225.23137452388016
2024-11-15 13:58:00,224.52499389648438,224.52999877929688,224.4499969482422,224.52999877929688,51342,224.64906005859376,224.6756719970703,224.6852932739258,224.81592753092448,224.81738327026366,224.62055358008135,224.5964678908265,224.63198403175414,41.25955268443738,-0.03551614092765476,-0.024223546217384366,-0.011292594710270394,0.08972202173934593,18.58959311424101,27.99165362545646,225.22990095900755
2024-11-15 13:59:00,224.52890014648438,224.66990661621094,224.52499389648438,224.6649932861328,38601,224.64206008911134,224.67397186279297,224.6819432067871,224.81212748209634,224.81605827331543,224.62478593303862,224.60701025933514,224.6344291617081,52.16334998406886,-0.027418902372971843,-0.02486261744850186,-0.002556284924469982,0.09366421445271855,32.65867650719752,25.416089873812854,225.22897420998646
2024-11-15 14:00:00,224.6699981689453,224.74000549316406,224.6649932861328,224.72000122070312,48704,224.64206008911134,224.6745718383789,224.67859329223631,224.80852752685547,224.81550827026368,224.63385405567334,224.624393484161,224.64076783274476,55.7665261257515,-0.016374348583752862,-0.023164963675552062,0.0067906150917992,0.09233192820832796,60.73591959999923,37.328063073812594,225.22797800166865
2024-11-15 14:01:00,224.7100067138672,224.77000427246094,224.67999267578125,224.7550048828125,34835,224.6443099975586,224.6772720336914,224.6751432800293,224.80569427490235,224.81563331604005,224.6453922296866,224.64448754549198,224.6492298364535,57.937680863608,-0.004742290961502249,-0.0194804291327421,0.01473813817123985,0.09216619024199652,84.17351893880017,59.18937168199898,225.22730425576643
2024-11-15 14:02:00,224.768798828125,224.7949981689453,224.7050018310547,224.7050018310547,37200,224.64231033325194,224.67717193603517,224.6720933532715,224.80276092529297,224.81560829162598,224.6510693345788,224.65379743557855,224.65336109531285,53.86993431000142,0.0004363402657077131,-0.015497075253052137,0.01593341551875985,0.09201120078832714,86.40916796512715,77.10620216797552,225.2265867986762
2024-11-15 14:03:00,224.6999969482422,224.71499633789062,224.63999938964844,224.65499877929688,35228,224.6380599975586,224.6768719482422,224.66994430541993,224.79946095784504,224.81488327026366,224.6514435674091,224.65398225768905,224.65348240523758,50.08316192363163,0.0004998524514689962,-0.01229768971214791,0.012797542163616907,0.09079589703503146,76.21586854121875,82.26618514838204,225.22581971400348
2024-11-15 14:04:00,224.64999389648438,224.74000549316406,224.63999938964844,224.6790008544922,25296,224.6345100402832,224.67765197753906,224.6678843688965,224.7965876261393,224.8144033050537,224.65406807094084,224.65783127258186,224.6553726607379,51.83343338062077,0.002458611843962899,-0.009346429400925749,0.011805041244888648,0.09145376892650245,66.57083886186054,76.3986251227355,225.22528635183545
2024-11-15 14:05:00,224.69500732421875,224.6999969482422,224.66000366210938,224.68499755859375,21601,224.63025970458983,224.6773519897461,224.665234375,224.79398763020833,224.81375328063965,224.6570137364316,224.66201070119908,224.6575670976161,52.283601269509795,0.004443603582984679,-0.006588422804143663,0.011032026387128342,0.0877780201555246,64.63806575261684,69.14159105189873,225.22482779366635
2024-11-15 14:06:00,224.68499755859375,224.7100067138672,224.66000366210938,224.6750030517578,28892,224.62850952148438,224.67525207519532,224.66338439941407,224.79218760172526,224.814178314209,224.6587270045579,224.66400952436197,224.65885864977474,51.421014297333386,0.005150874587229737,-0.004240563325868984,0.00939143791309872,0.0850798081271166,66.57083886186054,65.92658115877931,225.22421567177673
2024-11-15 14:07:00,224.6750030517578,224.82000732421875,224.6750030517578,224.74000549316406,49397,224.63376007080078,224.67485229492186,224.66153442382813,224.7908876546224,224.8144783782959,224.6664678129966,224.67570121186998,224.66486952706285,56.45309582616218,0.010831684807129704,-0.0012261136992692463,0.01205779850639895,0.08936012700810382,70.57109914729527,67.26000125392422,225.22329410671233
2024-11-15 14:08:00,224.75,224.9199981689453,224.75,224.9199981689453,39186,224.64876022338868,224.6802523803711,224.66213439941407,224.78988759358725,224.81582839965822,224.69061356118218,224.71328535911232,224.68376794498008,66.7299921914317,0.029517414132243402,0.004922591867033284,0.02459482226521012,0.09583388049189998,81.19913983725546,72.7803592821371,225.2227457984948
2024-11-15 14:09:00,224.91000366210938,224.9600067138672,224.75999450683594,224.76499938964844,59488,224.6614501953125,224.68175231933594,224.66106033325195,224.78718760172526,224.8159098815918,224.697697925798,224.72124136381018,224.68978508902956,54.74795369481351,0.03145627478062352,0.010229328449751331,0.021226946330872187,0.103275189530425,80.04749724980805,77.27257874478626,225.22183585623262
2024-11-15 14:10:00,224.76499938964844,224.77999877929688,224.6999969482422,224.7196044921875,56568,224.6694305419922,224.67824432373047,224.65965637207032,224.78455159505208,224.81428291320802,224.69978426545413,224.7209895374067,224.69199393370792,51.81357193571991,0.02899560369877463,0.01398258349955599,0.01501302019921864,0.10161280678215805,71.54240465932664,77.59634724879672,225.22076621429306
2024-11-15 14:11:00,224.72869873046875,224.77000427246094,224.7100067138672,224.71499633789062,24773,224.6766799926758,224.67754425048827,224.65900634765626,224.7818182373047,224.8123924255371,224.7012330342576,224.72006750671193,224.6936978154992,51.51174386209578,0.02636969121272159,0.016460005042189113,0.009909686170532478,0.09864028905441463,55.52896122546674,69.03962104486715,225.22029778948297
2024-11-15 14:12:00,224.72000122070312,224.8000030517578,224.72000122070312,224.77999877929688,34682,224.6836799621582,224.67804412841798,224.6591062927246,224.7798848470052,224.81109245300294,224.70873453378516,224.72928770249422,224.7000904794842,55.4537274226164,0.029197223010015705,0.01900744863575443,0.010189774374261273,0.09766646225532698,54.48098888236107,60.51745158905149,225.2196903678206
2024-11-15 14:13:00,224.77499389648438,224.8000030517578,224.57000732421875,224.69000244140625,49508,224.68843002319335,224.67964416503906,224.65850631713866,224.77708485921224,224.80969245910646,224.70695052498718,224.72324381617298,224.69934321740436,49.45858157192155,0.02390059876861983,0.01998607866232751,0.00391452010629232,0.10711855263273667,47.11592716733537,52.3752924250544,225.21867347926155
2024-11-15 14:14:00,224.68499755859375,224.72000122070312,224.66000366210938,224.66000366210938,453246,224.68917999267578,224.68104431152344,224.6577684020996,224.77381825764974,224.8080924987793,224.70247939518927,224.71351456170166,224.69642917627138,47.6108520729217,0.01708538543027771,0.019405940015917552,-0.002320554585639841,0.10375276734423763,37.4880439973897,46.36165334902873,225.20942665956142
2024-11-15 14:15:00,224.6750030517578,224.70989990234375,224.66000366210938,224.6699981689453,30578,224.69142990112306,224.6800442504883,224.65826843261718,224.77041829427083,224.8069425201416,224.6993859450708,224.70681973204685,224.69447132387685,48.30379563266495,0.012348408169998493,0.01799443364673374,-0.0056460254767352475,0.09990587255067603,26.494255122135716,37.03274209562027,225.20881420453918
2024-11-15 14:16:00,224.6750030517578,224.69000244140625,224.60000610351562,224.61900329589844,38218,224.69363021850586,224.67822235107423,224.6589454650879,224.76623168945312,224.80608757019044,224.6917304546734,224.69330951110095,224.68888109958215,45.031006595665566,0.004428411518802022,0.015281229221147398,-0.010852817702345375,0.09919804864638668,20.425942590346526,28.136080569957326,225.2079877271971
2024-11-15 14:17:00,224.6125030517578,224.75999450683594,224.6125030517578,224.73500061035156,27848,224.70413055419922,224.67822235107423,224.6603955078125,224.76299835205077,224.80581260681151,224.69585142188083,224.69972352637026,224.69229735963913,52.85577291547577,0.0074261667311361634,0.013710216723145152,-0.006284049992008989,0.10264757767722514,26.83594819828632,24.585381970256197,225.20745653273272
2024-11-15 14:18:00,224.73500061035156,224.7449951171875,224.65499877929688,224.68600463867188,36064,224.71193084716796,224.67654235839845,224.66175552368165,224.75967173258462,224.80554260253905,224.6949136330038,224.69761292826283,224.6918312321601,49.641410586132096,0.0057816961027299385,0.01212451259906211,-0.006342816496332171,0.101743917692468,28.204024674935123,25.155305154522665,225.20676053708414
2024-11-15 14:19:00,224.67999267578125,224.7100067138672,224.64999389648438,224.68589782714844,21963,224.71297607421874,224.67556030273437,224.66251449584962,224.75624440511066,224.80587211608886,224.6940549848271,224.69581060501446,224.69139172067776,49.634324165418455,0.004418884336701012,0.01058338694658989,-0.006164502609888878,0.09876312481320691,33.92151492624908,29.65382926649018,225.2063265474915
2024-11-15 14:20:00,224.67999267578125,224.69000244140625,224.64010620117188,224.64010620117188,32312,224.7089813232422,224.67466247558593,224.6628155517578,224.75180246988933,224.80637268066405,224.68891700543134,224.687240696731,224.68759279330695,46.565316211861386,-0.0003520965759378214,0.008396290242084348,-0.00874838681802217,0.09527263305757606,25.810868969834505,29.312136190339583,225.2056587086078
2024-11-15 14:21:00,224.65829467773438,224.65829467773438,224.60000610351562,224.63999938964844,51962,224.70323104858397,224.6740625,224.66351547241212,224.74703582763672,224.80612266540527,224.68425818488058,224.6799728033337,224.6840673559989,46.55808472277031,-0.004094552665208084,0.005898121660625862,-0.009992674325833947,0.09263091456908851,21.878790250009786,27.20372471536447,225.20454137935542
2024-11-15 14:22:00,224.64999389648438,224.6699981689453,224.6199951171875,224.6699981689453,25354,224.70148086547852,224.67365234375,224.66551544189454,224.7423358154297,224.80637214660644,224.68290008812482,224.67843824419703,224.68302519399492,48.9557162991659,-0.0045869497978969775,0.003801107368921295,-0.008388057166818272,0.08958606722542595,20.519842977685624,22.73650073250998,225.2040173281182
2024-11-15 14:23:00,224.67999267578125,224.67999267578125,224.6199951171875,224.6300048828125,37504,224.7002311706543,224.67484252929688,224.66561553955077,224.73746917724608,224.80707214355468,224.67786244952367,224.67098695783017,224.67909776353696,45.99319035730169,-0.008110805706792235,0.0014187247537785891,-0.009529530460570824,0.0874726023231634,23.223936469694838,21.87418989913009,225.20322992563493
2024-11-15 14:24:00,224.610595703125,224.610595703125,224.5,224.55999755859375,44108,224.69428100585938,224.6750424194336,224.6642155456543,224.73140248616536,224.80727210998535,224.66663722181605,224.65391166563995,224.67027552613374,41.2836559478613,-0.016363860493783022,-0.002137792295733733,-0.01422606819804929,0.09051062235811601,23.908026878881074,22.550602108753854,225.20216412010598
2024-11-15 14:25:00,224.5500030517578,224.57269287109375,224.50999450683594,224.51499938964844,28916,224.6857810974121,224.67374237060548,224.66128952026367,224.72616912841798,224.80719711303712,224.65219552351437,224.63254054625665,224.65877359009778,38.55116934722868,-0.02623304384113112,-0.006956842604813211,-0.01927620123631791,0.08852403249380864,17.028369355455446,21.386777568010462,225.20144107050848
2024-11-15 14:26:00,224.50999450683594,224.52499389648438,224.4499969482422,224.47000122070312,41439,224.67553100585937,224.66941650390626,224.65853958129884,224.72081583658854,224.80698715209962,224.63484368515137,224.6075344961715,224.64479045162412,35.98609864429495,-0.03725595545262195,-0.013016665174374959,-0.024239290278246988,0.08755781219012143,10.238045065268814,17.058147099868453,225.20032895744882
2024-11-15 14:27:00,224.47500610351562,224.4882049560547,224.4499969482422,224.47999572753906,31647,224.66253051757812,224.66421630859375,224.65716354370116,224.7163124593099,224.8059871673584,224.62009626061686,224.58791314715114,224.63258343502523,36.98893442149931,-0.04467028787408367,-0.019347389714316703,-0.025322898159766967,0.08403282616314849,6.7974180765846555,11.354610832436315,225.19947142093685
2024-11-15 14:28:00,224.47999572753906,224.48500061035156,224.3800048828125,224.3800048828125,33729,224.6355308532715,224.65781646728516,224.6549835205078,224.7112124633789,224.804937210083,224.5972304151117,224.5559272603298,224.6138739126391,31.647283408243183,-0.05794665230928331,-0.027067242233310026,-0.030879410075973283,0.08553017626142807,5.130836180106008,7.388766440653169,225.19848726704382
2024-11-15 14:29:00,224.3699951171875,224.4199981689453,224.3300018310547,224.39990234375,33108,224.61727600097657,224.64971466064452,224.6528825378418,224.70654510498048,224.80413673400878,224.57843726545823,224.53192342700981,224.59802416679545,33.69913062930023,-0.06610073978563946,-0.034873941743775914,-0.031226798041863547,0.08584918780637073,8.644437289920281,6.857563848870324,225.19748463917497
2024-11-15 14:30:00,224.39999389648438,224.47999572753906,224.3800048828125,224.38999938964844,46536,224.6007957458496,224.64311462402344,224.65318145751954,224.70187845865885,224.80268676757814,224.5604908010954,224.51008895972345,224.5826149240438,33.16551592674024,-0.07252596432036285,-0.042404346259093305,-0.03012161806126954,0.08685930615781301,10.069789448781647,7.94835430626932,225.1961371088227
2024-11-15 14:31:00,224.3800048828125,224.42999267578125,224.3000030517578,224.4199981689453,56095,224.58604583740234,224.637314453125,224.65288146972657,224.6982784016927,224.80046173095704,224.54711055041443,224.49622883806526,224.57056923848097,36.448425388042764,-0.07434040041570711,-0.04879155709041607,-0.02554884332529104,0.08994004314821477,19.058348010429395,12.59085824971045,225.19444974732198
2024-11-15 14:32:00,224.4199981689453,224.5800018310547,224.39999389648438,224.52000427246094,41416,224.57304611206055,224.63281463623048,224.65483154296874,224.69561177571615,224.7986117553711,224.54452900013314,224.49988659720307,224.56682368544244,45.97544596348592,-0.06693708823937072,-0.052420663320207006,-0.014516424919163717,0.09637346396407892,31.5257296653391,20.217955708183393,225.19338697309394
2024-11-15 14:33:00,224.52499389648438,224.57000732421875,224.49000549316406,224.5399932861328,43955,224.56554565429687,224.62881439208985,224.65693145751953,224.69307840983072,224.79721168518066,224.5440970273712,224.5060568570384,224.56483624845654,47.66424820512379,-0.05877939141814181,-0.05369240893979397,-0.005086982478347844,0.09520406161340811,47.38669485465467,32.65692417680773,225.19231665367747
2024-11-15 14:34:00,224.53500366210938,224.53500366210938,224.4499969482422,224.4550018310547,31960,224.55529556274413,224.62291442871094,224.65748153686525,224.69014506022134,224.79553672790527,224.53561177057918,224.4982022376563,224.55670036568603,41.69595543516243,-0.05849812802972565,-0.05465355275778031,-0.003844575271945337,0.09483208134749503,51.99489170400158,43.635772074665134,225.1914777833261
2024-11-15 14:35:00,224.4499969482422,224.52000427246094,224.44009399414062,224.49000549316406,31627,224.5462959289551,224.617314453125,224.65633163452148,224.68787841796876,224.79383674621582,224.53126831558728,224.4969412000421,224.55176000475845,44.76360402153379,-0.05481880471634781,-0.05468660314949381,-0.0001322015668539997,0.09376623827412486,50.77610928647738,50.052565281711225,225.19065351562062
2024-11-15 14:36:00,224.49000549316406,224.5,224.4600067138672,224.47850036621094,20953,224.5392707824707,224.6126843261719,224.6547166442871,224.68626841227214,224.79157928466796,224.52624279659906,224.49410414868345,224.54633336486606,43.94517552245133,-0.052229216182610116,-0.05419512575611708,0.001965909573506966,0.089925313121174,45.92217805083726,49.56439301377208,225.19010551255863
2024-11-15 14:37:00,224.5,224.55999755859375,224.49000549316406,224.5399932861328,22915,224.52952041625977,224.6107843017578,224.65371658325196,224.6849349975586,224.78912925720215,224.52755236703086,224.50116401598333,224.54586372940435,49.28259244709822,-0.044699713421010756,-0.052296043289095824,0.007596329868085068,0.08932330449700532,58.08158410713154,51.593290481482065,225.1895496812163
2024-11-15 14:38:00,224.52999877929688,224.60000610351562,224.52499389648438,224.60000610351562,24234,224.52522048950195,224.61038452148438,224.653017578125,224.68323771158853,224.78707931518554,224.53445272288656,224.51637049098832,224.5498742756348,53.8963717815384,-0.03350378464648429,-0.048537591560573516,0.015033806914089225,0.08830108324945138,74.74758151038952,59.583781222786115,225.18900291319753
2024-11-15 14:39:00,224.61000061035156,224.61000061035156,224.47999572753906,224.5,44978,224.51592559814452,224.61016052246094,224.6507176208496,224.68057108561197,224.78467933654784,224.53117151118306,224.5138519539132,224.54617988484702,46.332372386281065,-0.032327930933831794,-0.04529565943522518,0.012967728501393383,0.09127992607538345,80.59471236313459,71.14129266021855,225.18791650216747
2024-11-15 14:40:00,224.50999450683594,224.5500030517578,224.47999572753906,224.5500030517578,44113,224.51142044067382,224.60996063232423,224.64851760864258,224.67870442708335,224.7826293182373,224.5329649912378,224.51941366127392,224.54646308239595,50.10306001112372,-0.02704942112202957,-0.04164641177258606,0.014596990650556488,0.08976045451419536,81.72048303471813,79.02092563608075,225.18684908045918
2024-11-15 14:41:00,224.56500244140625,224.6199951171875,224.55999755859375,224.58999633789062,50256,224.50892028808593,224.61036041259766,224.64661758422852,224.67681172688802,224.78095428466796,224.53839654806188,224.53027253459956,224.54968776798816,52.95040017894491,-0.019415233388599518,-0.03720017609578875,0.017784942707189236,0.08834842672244479,78.59553270648708,80.30357603477994,225.18575345675342
2024-11-15 14:42:00,224.60499572753906,224.92999267578125,224.60000610351562,224.8800048828125,116716,224.5194206237793,224.61516052246094,224.64740356445313,224.67661173502603,224.78052932739257,224.570930675181,224.5840775112477,224.57415570241957,67.45389930964429,0.009921808828124767,-0.027775779111006052,0.03769758793913082,0.10632327752017195,87.77874814548453,82.69825462889658,225.1841300456916
2024-11-15 14:43:00,224.8101043701172,224.8101043701172,224.75819396972656,224.77999877929688,42428,224.52692031860352,224.61886047363282,224.64845352172853,224.6765157063802,224.78005432128907,224.59084192319204,224.61421924479373,224.58940333774382,60.52517460864733,0.024815907049912767,-0.01725744187882229,0.04207334892873506,0.10742953720344092,86.29383363120735,84.22270482772632,225.18351163010334
2024-11-15 14:44:00,224.77999877929688,224.88999938964844,224.75999450683594,224.83999633789062,37506,224.54092025756836,224.62276031494142,224.65075241088869,224.6754823811849,224.7793042755127,224.6145709150681,224.64895418219325,224.60796578219913,62.98187618771832,0.04098839999412007,-0.00560827350423382,0.04659667349835389,0.1090420618898023,84.65699453419559,86.24319210362917,225.18303078365207
2024-11-15 14:45:00,224.82000732421875,224.85000610351562,224.77999877929688,224.84019470214844,28516,224.55718002319335,224.62706420898436,224.65395431518556,224.67361704508463,224.77798027038574,224.63605889479004,224.6783758006479,224.62516792441758,62.99007715149395,0.0532078762303172,0.006154956442676385,0.04705291978764081,0.10625386634187,81.65421056053559,84.20167957531284,225.18265925296004
2024-11-15 14:46:00,224.83999633789062,224.94000244140625,224.77000427246094,224.9250030517578,75008,224.5799301147461,224.63406433105467,224.65695434570313,224.67385040283204,224.77710525512694,224.6635773859298,224.71631845466482,224.6473779338502,66.41575094514356,0.068940520814607,0.01871206931706251,0.050228451497544485,0.1108070308135445,88.59038382782722,84.96719630751947,225.18183452182976
2024-11-15 14:47:00,224.9199981689453,224.9499969482422,224.8000030517578,224.8000030517578,38076,224.59593048095704,224.63956451416016,224.6586183166504,224.6729170735677,224.77518028259277,224.67657030648485,224.72919300806376,224.65868349813965,57.90786834446207,0.07050950992410776,0.029071557438471562,0.0414379524856362,0.11360609264717526,83.54678477814211,84.59712638883498,225.1813786476335
2024-11-15 14:48:00,224.82000732421875,224.85989379882812,224.77999877929688,224.83999633789062,31131,224.61893005371093,224.64576446533204,224.66071823120117,224.67211700439452,224.77338676452638,224.69213469042825,224.74623967419097,224.67211407886194,59.6871930171827,0.07412559532903629,0.03808236501658451,0.036043230312451775,0.11119815885318063,82.00351836991707,84.71356232529547,225.18098063195072
2024-11-15 14:49:00,224.8350067138672,224.83999633789062,224.77000427246094,224.77000427246094,26943,224.63743515014647,224.6478646850586,224.66091827392577,224.67058369954427,224.7710617828369,224.69955084109804,224.7498957662325,224.6793652043137,55.28275632879512,0.07053056191878682,0.044572004397024974,0.025958557521761842,0.10825486646578827,70.75901706447758,78.76977340417892,225.18060458220077
2024-11-15 14:50:00,224.76300048828125,224.80999755859375,224.75,224.75999450683594,42504,224.65593490600585,224.64866455078126,224.6616181945801,224.66861704508463,224.7685617828369,224.70530738069212,224.75144941863303,224.6853377452413,54.66152868626887,0.06611167339173107,0.04887993819596619,0.01723173519576488,0.10480791590349985,67.08909008369916,73.28387517269795,225.17998225802796
2024-11-15 14:51:00,224.7550048828125,224.7550048828125,224.6199951171875,224.68499755859375,47652,224.66918487548827,224.64726440429686,224.66226821899414,224.6658503214518,224.76608680725099,224.70337311192083,224.74122605555007,224.68531254623036,50.11736775904055,0.05591350931970851,0.05028665242071466,0.005626856898993851,0.10732159259956682,55.48580665676755,64.44463793498144,225.1791386054557
2024-11-15 14:52:00,224.69000244140625,224.74899291992188,224.63999938964844,224.63999938964844,32445,224.67518463134766,224.64596435546875,224.66156814575194,224.66338368733724,224.76356178283692,224.69733751932347,224.72565272233444,224.6819560161132,47.5624770429818,0.043696706221254544,0.04896866318082264,-0.005271956959568093,0.10744101671912902,45.74486505205291,56.106587264173214,225.1785538133063
2024-11-15 14:53:00,224.6300048828125,224.68499755859375,224.58999633789062,224.5930938720703,36375,224.67783966064454,224.6447262573242,224.66079910278322,224.66153828938803,224.76077728271486,224.68740955291838,224.70525905306306,224.675373635073,44.987969093513314,0.029885417990072938,0.045152014142672704,-0.015266596152599766,0.10655245986084302,33.90797134385213,45.04621435089087,225.17782995694003
2024-11-15 14:54:00,224.5998992919922,224.5998992919922,224.47000122070312,224.5070037841797,36300,224.6804397583008,224.64128631591797,224.65946914672853,224.65901835123697,224.757762298584,224.67022805113376,224.6747582424656,224.66290179426608,40.63990118789694,0.011856448199523584,0.03849290095404288,-0.0266364527545193,0.10822000353428729,21.93851748712028,33.863784627675116,225.17698349815075
2024-11-15 14:55:00,224.5,224.59500122070312,224.5,224.59500122070312,24151,224.68568954467773,224.63948638916017,224.65841918945313,224.65665171305338,224.7553623199463,224.66306359109274,224.66248793142523,224.6578721221503,46.347951487553026,0.004615809274923777,0.031717482618219064,-0.027101673343295288,0.10727580476063285,19.271402326911055,25.03929705262783,225.17645407594634
2024-11-15 14:56:00,224.60499572753906,224.68589782714844,224.59500122070312,224.68499755859375,36811,224.69601440429688,224.63968627929688,224.6574691772461,224.65548502604167,224.75406227111816,224.66515254037853,224.6659509509896,224.6598814137387,51.486016686993686,0.006069537250908752,0.026587893544757,-0.02051835629384825,0.10610586202382427,26.180712295090654,22.463544036374003,225.1757696590358
2024-11-15 14:57:00,224.68499755859375,224.6999969482422,224.64999389648438,224.66000366210938,44838,224.7020149230957,224.63808624267577,224.65646926879882,224.653718363444,224.75268730163575,224.66466217101956,224.66503598346958,224.65989046917355,50.052403292227424,0.005145514296032161,0.022299417695012036,-0.017153903398979875,0.10209851843339487,36.805798391455006,27.419304337818915,225.17496189883295
2024-11-15 14:58:00,224.6750030517578,224.76499938964844,224.6750030517578,224.76499938964844,28966,224.71026458740235,224.63498626708986,224.65761932373047,224.65308502197266,224.7511622619629,224.67421809660325,224.68041496903555,224.66767631513466,55.64036092529726,0.01273865390089668,0.020387264936188965,-0.007648611035292286,0.10230546194094256,48.6113318710197,37.199280852521795,225.17450844088512
2024-11-15 14:59:00,224.76499938964844,224.8282012939453,224.74000549316406,224.82000732421875,28368,224.72626495361328,224.63608642578126,224.6589193725586,224.6527356974284,224.74941230773925,224.6881027849476,224.7018907159868,224.67896009358532,58.274156294948426,0.02293062240147492,0.020895936429246156,0.002034685972228764,0.10129762900096453,57.98709349270433,47.80140791839302,225.17412683219013
2024-11-15 15:00:00,224.8249969482422,224.875,224.8000030517578,224.8699951171875,42761,224.74226455688478,224.63909423828125,224.65866928100587,224.65280232747395,224.74818725585936,224.70542586420856,224.72775293155615,224.69311083607437,60.565517118270094,0.03464209548178587,0.0236451682397541,0.010996927242031773,0.0994190089467662,72.56996323022963,59.722796197984565,225.17363237656124
2024-11-15 15:01:00,224.86000061035156,224.8800048828125,224.8000030517578,224.8553009033203,47035,224.75552978515626,224.64190032958984,224.65972229003907,224.6533043416341,224.74683876037597,224.7196996774573,224.74737569644293,224.70512491512963,59.53062313405492,0.04225078131329951,0.027366290854463182,0.01488449045883633,0.09803206766876059,83.4086945845191,71.32191710248436,225.17308484737737
2024-11-15 15:02:00,224.86500549316406,224.96969604492188,224.86000061035156,224.96969604492188,52663,224.76001434326173,224.64569427490235,224.66186920166015,224.65463562011718,224.7463372039795,224.74350885531106,224.78157882697815,224.72472277659574,64.60168521024787,0.056856050382407375,0.03326424276005202,0.023591807622355354,0.09920085866396072,92.43583215856198,82.80482999110357,225.17263792130788
2024-11-15 15:03:00,224.9698944091797,225.0800018310547,224.9499969482422,224.97470092773438,106606,224.7697494506836,224.65138824462892,224.66551620483398,224.65613362630208,224.7456607055664,224.7655271479228,224.81128991940218,224.7432396766801,64.80944882602742,0.06805024272208016,0.04022144275245765,0.02782879996962251,0.1014011461031421,92.23742235708123,89.36064970005411,225.17199534196578
2024-11-15 15:04:00,224.97000122070312,225.19000244140625,224.94000244140625,225.1750030517578,58816,224.78649978637696,224.66168823242188,224.67136627197266,224.65907501220704,224.74578575134277,224.80452485304994,224.86724578591844,224.77522214890809,71.91421513467205,0.09202363701035665,0.05058188160403745,0.041441755406319204,0.11201534995291769,93.55144302493495,92.74156584685939,225.17184990314885
2024-11-15 15:05:00,225.1750030517578,225.30999755859375,225.1199951171875,225.12869262695312,101960,224.8009246826172,224.67086212158202,224.67545318603516,224.6624663289388,224.74552925109865,224.83539797437405,224.90746837684685,224.80140514728177,68.47217639253894,0.10606322956508052,0.06167815119624606,0.04438507836883446,0.1175858564852986,86.35677151418714,90.71521229873446,225.17190126715582
2024-11-15 15:06:00,225.1199951171875,225.17990112304688,224.99830627441406,225.0,43351,224.8046745300293,224.67848205566406,224.67835220336914,224.66545766194662,224.74429428100586,224.85107435776698,224.9217040111781,224.81611587711274,59.89315440857832,0.10558813406535705,0.07046014777006826,0.03512798629528879,0.12215792735297817,79.80936942828747,86.57252798913653,225.17173065795936
2024-11-15 15:07:00,225.0050048828125,225.0399932861328,224.87010192871094,224.87420654296875,67795,224.80838470458986,224.68126617431642,224.67974426269532,224.66735239664715,224.74256530761718,224.85327742302428,224.91439670837664,224.82041888939835,52.91427678308489,0.0939778189782885,0.07516368201171231,0.01881413696657619,0.1255674580721851,63.210414774447464,76.4588519056407,225.17115421651178
2024-11-15 15:08:00,224.8800048828125,224.92010498046875,224.8249969482422,224.91000366210938,59080,224.81188507080077,224.68574615478516,224.6811442565918,224.66975240071613,224.74119033813477,224.8586799219848,224.91372085510477,224.82705479848806,54.537709944017244,0.08666605661670701,0.07746415693271125,0.009201899683995762,0.1233917847974978,53.944382494976004,65.65472223257034,225.17056548225432
2024-11-15 15:09:00,224.91000366210938,225.0,224.8800048828125,224.9199981689453,118987,224.819384765625,224.6904281616211,224.68299423217775,224.67181905110678,224.7397903442383,224.86451975502865,224.91468659569563,224.83393949259602,55.0041710101281,0.0807471030996112,0.07812074616609124,0.002626356933519952,0.12314916568249798,48.0640436941024,55.072946987841966,225.16958642691213
2024-11-15 15:10:00,224.9250030517578,224.97999572753906,224.89999389648438,224.977294921875,140916,224.83024978637695,224.69717193603515,224.68591720581054,224.67426767985026,224.7381448364258,224.87526024710928,224.92431864587707,224.84455841328335,57.68466710340704,0.07976023259371345,0.07844864345161569,0.001311589142097766,0.12006721320908297,48.55434312176555,50.18758977028133,225.1685302049698
2024-11-15 15:11:00,224.97999572753906,225.00999450683594,224.9199981689453,224.99000549316406,59419,224.84550018310546,224.70417205810546,224.68911727905274,224.67706766764323,224.73631988525392,224.88618836578115,224.93442431469043,224.85533227105228,58.27844381934261,0.07909204363815547,0.07857732348892366,0.0005147201492318176,0.11791929354347884,48.21741785195038,48.27860155593945,225.16813069435415
2024-11-15 15:12:00,224.97999572753906,225.0399932861328,224.97000122070312,225.02499389648438,39512,224.86474990844727,224.71127197265625,224.6924621582031,224.6807676188151,224.73456985473632,224.89940794013384,224.94835809650488,224.86789979886206,59.94465341831144,0.08045829764282075,0.07895351831970307,0.0015047793231176831,0.11449592010677948,49.73218786738647,48.83464961370081,225.16791803115146
2024-11-15 15:13:00,225.02999877929688,225.02999877929688,224.9499969482422,224.95010375976562,43687,224.88260040283203,224.71767395019532,224.6962582397461,224.68296834309896,224.7325203704834,224.90423611343212,224.94862666008345,224.8739889811512,54.89153270241605,0.07463767893224826,0.0780903504422121,-0.0034526715099638394,0.11203205660305864,43.01253423088298,46.98737998340662,225.16763110680364
2024-11-15 15:14:00,224.94500732421875,224.97999572753906,224.85000610351562,224.875,65921,224.90100021362304,224.72397399902343,224.69950820922853,224.68413503011067,224.72954536437987,224.90145172167666,224.93729948160907,224.8740638714363,50.31121344173108,0.06323561017276802,0.07511940238832329,-0.011883792215555272,0.11331473999022858,31.37864407760124,41.37445539195691,225.16703027888
2024-11-15 15:15:00,224.87449645996094,225.0800018310547,224.87010192871094,224.98500061035156,105786,224.92050018310547,224.7333740234375,224.7035581970215,224.6853176879883,224.72797035217286,224.90940875869333,224.94463811680023,224.88228140765227,56.09041480841759,0.062356709147962874,0.07256686374025122,-0.010210154592288342,0.12021368015833726,25.70922500681755,33.3668011051006,225.16634881134001
2024-11-15 15:16:00,224.98500061035156,225.02999877929688,224.90130615234375,225.00999450683594,50942,224.93675003051757,224.74417388916015,224.7067951965332,224.68708435058593,224.72665534973146,224.91898835375454,224.95469294603652,224.89174163722143,57.30549508965166,0.06295130881508726,0.07064375275521842,-0.007692443940131161,0.12081931921510783,28.613208383558657,28.56702582265916,225.1660259846808
2024-11-15 15:17:00,225.0050048828125,225.02999877929688,224.97999572753906,225.0050048828125,41405,224.95400009155273,224.75467407226563,224.70944519042968,224.68966705322265,224.72590286254882,224.927180404141,224.96243324400206,224.9001315072652,56.96658510528077,0.06230173673685613,0.06897534955154597,-0.006673612814689839,0.1157610143967296,36.08305804624823,30.13516381220816,225.16579904302785
2024-11-15 15:18:00,225.0050048828125,225.02999877929688,224.93499755859375,225.01499938964844,64206,224.96650009155275,224.76737396240233,224.71259521484376,224.69244700113933,224.72525283813476,224.93554411704648,224.97052034333228,224.9086402392936,57.50866919194524,0.06188010403869271,0.06755630044897531,-0.005676196410282608,0.11427817199004357,38.144827224581825,34.28036455146292,225.16542294697064
2024-11-15 15:19:00,225.01499938964844,225.13999938964844,225.01499938964844,225.07000732421875,75404,224.97900009155273,224.7807760620117,224.71524536132813,224.69551371256512,224.72510284423828,224.94835013677718,224.98582603269944,224.92059335669546,60.46081126572928,0.06523267600397276,0.0670915755599748,-0.0018588995560020471,0.11504401684789761,48.442115092966255,40.890000121265444,225.16519196968173
2024-11-15 15:20:00,225.0675048828125,225.17999267578125,225.0200958251953,225.08990478515625,70650,224.98999557495117,224.79477416992188,224.71894439697266,224.7003790283203,224.72510238647462,224.9618315318609,225.001838148462,224.93313494398888,61.50270667155394,0.06870320447313816,0.06741390134260748,0.0012893031305306751,0.11824779068632905,60.94472597176823,49.17722276310545,225.16502834639272
2024-11-15 15:21:00,225.08059692382812,225.17999267578125,225.07000732421875,225.08999633789062,57067,225.0017303466797,224.80817413330078,224.72274429321288,224.70464569091797,224.72575233459472,224.97403770386373,225.01540094683565,224.94475430650013,61.507732737744846,0.07064664033552503,0.068060449141191,0.0025861911943340365,0.11765761646319842,72.76902663303535,60.71862256592328,225.16492883450684
2024-11-15 15:22:00,225.0800018310547,225.0800018310547,224.97999572753906,225.03500366210938,64795,225.00499572753907,224.81847412109374,224.7256443786621,224.70937906901042,224.72632736206054,224.97984398560143,225.01841674918546,224.95143944395267,56.71773709793032,0.06697730523279688,0.06784382035951218,-0.0008665151267153032,0.11711068745522442,68.44452839907484,67.38609366795949,225.1646382115684
2024-11-15 15:23:00,225.0305938720703,225.0305938720703,224.88499450683594,224.889892578125,44771,225.0007553100586,224.8254721069336,224.72714324951173,224.71311167399088,224.72617683410644,224.9712771848894,224.99864379979155,224.9468804168543,46.44037737699692,0.0517633829372528,0.06462773287506031,-0.01286434993780751,0.1194605780136682,47.59935451132611,62.937636514478775,225.16429293543723
2024-11-15 15:24:00,224.88999938964844,224.91729736328125,224.83999633789062,224.90499877929688,52073,224.98725509643555,224.83447204589845,224.7286932373047,224.71647837320964,224.72622680664062,224.96496495578535,224.9842368735616,224.94377807333152,47.506741573674546,0.04045880023008408,0.059793946346065066,-0.019335146115980986,0.11644918139773656,29.089340260106766,48.37774105683591,225.16380926931058
2024-11-15 15:25:00,224.90499877929688,224.9600067138672,224.8426971435547,224.94000244140625,85476,224.9778205871582,224.84347198486327,224.73039321899415,224.7187117513021,224.72677680969238,224.96258757346354,224.9774315763069,224.9434983968926,49.99133978721968,0.03393317941430496,0.05462179295971305,-0.02068861354540809,0.11651063774879111,20.20658334564162,32.29842603902484,225.16309564570014
2024-11-15 15:26:00,224.93870544433594,224.97000122070312,224.88999938964844,224.93499755859375,53434,224.97457046508788,224.85260192871092,224.7326431274414,224.72067840576173,224.72785179138182,224.95995995299972,224.97090326588952,224.94286870516675,49.62963121730048,0.028034560722772994,0.04930434651232504,-0.021269785789552048,0.11390286584206945,25.491428058522573,24.929117221423663,225.16268270572064
2024-11-15 15:27:00,224.92999267578125,224.96009826660156,224.82159423828125,224.85499572753906,41905,224.9736099243164,224.85890197753906,224.73484313964843,224.72211171468098,224.72842674255372,224.9499633600987,224.95307133691253,224.93635959571284,44.13275723171777,0.016711741199685548,0.042785825449797144,-0.026074084250111595,0.11566009173337255,22.225121906743883,22.641044436969366,225.16228615308287
2024-11-15 15:28:00,224.85499572753906,224.88999938964844,224.83999633789062,224.86000061035156,39008,224.97110977172852,224.86410186767577,224.7372431945801,224.72337900797527,224.72845375061036,224.9413954791704,224.93875276359546,224.930703374575,44.54654912666713,0.008049389020470699,0.03583853816393186,-0.02778914914346116,0.11097030316368969,15.992533134234032,21.23636103316684,225.16189779116598
2024-11-15 15:29:00,224.8699951171875,224.8699951171875,224.8000030517578,224.80999755859375,50608,224.96560974121093,224.87030181884765,224.74023117065428,224.72391235351563,224.7280037689209,224.92888139149642,224.91894427051827,224.92176220302082,41.25859003718413,-0.002817932502551912,0.028107244030635106,-0.030925176533187018,0.10804328618268956,7.555322712980132,15.257659251319359,225.16133374773813
2024-11-15 15:30:00,224.80999755859375,224.9600067138672,224.80499267578125,224.9149932861328,57761,224.96249465942384,224.87760162353516,224.74378112792968,224.7248789469401,224.72842872619628,224.9275587147951,224.91833642676667,224.92126080176985,49.66054995370389,-0.002924375003175328,0.021900920223873018,-0.024825295227048346,0.11139833989006444,14.53590994593993,12.69458859771804,225.16082007311073
2024-11-15 15:31:00,224.9188995361328,224.9499969482422,224.8249969482422,224.8699951171875,63896,224.956494140625,224.8832015991211,224.74678100585936,224.72547892252604,224.7284091949463,224.9220764674039,224.91089930221602,224.91746334365266,46.585216218543856,-0.006564041436632806,0.016207927891771855,-0.02277196932840466,0.11236988704077414,17.1036956725428,13.06497611048763,225.1602294418213
2024-11-15 15:32:00,224.8800048828125,224.8800048828125,224.77000427246094,224.7899932861328,77666,224.94474411010742,224.8814013671875,224.74828094482422,224.72540283203125,224.7278091430664,224.90949711680668,224.89229837666477,224.9080211171697,41.64716144837159,-0.015722740504941157,0.009821794212429253,-0.02554453471737041,0.11220065299154475,17.852129637140752,16.497245085207837,225.15933960977205
2024-11-15 15:33:00,224.78109741210938,224.91000366210938,224.75,224.8563995361328,91238,224.94005889892577,224.88292938232422,224.75089492797852,224.7266121419271,224.72811912536622,224.90444020436155,224.8867754781214,224.90419729635218,46.69780365958862,-0.017421818230786812,0.004373071723786041,-0.021794889954572853,0.11561515364281837,16.01315808970847,16.98966113313068,225.15837660600877
2024-11-15 15:34:00,224.84500122070312,224.9499969482422,224.82009887695312,224.9499969482422,54627,224.94380874633788,224.88512939453125,224.75394485473632,224.72887807210287,224.72789413452148,224.90877894187398,224.89650185813997,224.90758986315885,52.88738652894511,-0.011088005018876856,0.001280856375253461,-0.012368861394130317,0.11663536204612153,25.377239056008175,19.74750892761914,225.15792470238557
2024-11-15 15:35:00,224.94500732421875,225.00999450683594,224.91000366210938,224.91000366210938,81715,224.94005889892577,224.88652557373047,224.75679489135743,224.73147806803385,224.7268441772461,224.9088955818964,224.89857905875064,224.9077686630811,50.20470787114084,-0.009189604330458678,-0.0008132357658889669,-0.00837636856456971,0.11544646795186733,39.913966420961614,27.101454522226096,225.1573498724847
2024-11-15 15:36:00,224.89999389648438,224.94000244140625,224.8699951171875,224.94000244140625,50085,224.9365592956543,224.88682556152344,224.76044494628906,224.7335780843099,224.7270941925049,224.91185813994494,224.9049518868515,224.91015635036445,52.16475158470873,-0.005204463512939128,-0.0016914813152989993,-0.0035129821976401287,0.11220081482807324,54.2372646975681,39.84282339151264,225.15695535382127
2024-11-15 15:37:00,224.94000244140625,224.99000549316406,224.9300994873047,224.9600067138672,61175,224.93430938720704,224.89002563476564,224.76479507446288,224.73575408935548,224.7271942138672,224.91644371841375,224.91342186023854,224.91384896988316,53.479744537010745,-0.0004271096446188949,-0.0014386069811629786,0.0010114973365440837,0.1084654713303091,65.65786774417268,53.2696996209008,225.15656188971926
2024-11-15 15:38:00,224.9600067138672,224.99000549316406,224.89500427246094,224.95989990234375,58874,224.9315544128418,224.8924237060547,224.76909408569335,224.73795338948568,224.72719367980957,224.92058240259755,224.9205723282547,224.91726015006543,53.471292213662466,0.0033121781892759827,-0.0004884499470751864,0.003800628136351169,0.10750373914265311,76.40678379910416,65.43397208028165,225.15616218640207
2024-11-15 15:39:00,224.9550018310547,224.9600067138672,224.89500427246094,224.89999389648438,49575,224.92305374145508,224.89502349853515,224.77144409179687,224.73895334879558,224.726693649292,224.91862159249152,224.91740641567463,224.91598116831867,48.81170254671624,0.0014252473559679402,-0.00010571048646656106,0.0015309578424345012,0.10446793216148148,73.06571199405286,71.71012117910992,225.1557784490177
2024-11-15 15:40:00,224.90499877929688,225.05999755859375,224.8249969482422,224.83999633789062,93608,224.9105583190918,224.89662353515624,224.77264404296875,224.73995330810547,224.72561866760253,224.91113347300572,224.90549717293865,224.91035266236102,44.61811150676015,-0.004855489422368464,-0.0010556662736469417,-0.0037998231487215224,0.11379169488934443,55.81830726149585,68.4302676848843,225.15502685053536
2024-11-15 15:41:00,224.83999633789062,224.86000061035156,224.74000549316406,224.7899932861328,75984,224.89555816650392,224.89872344970703,224.77299392700195,224.74108662923177,224.72406860351563,224.89959631235115,224.8877273441993,224.9014371530108,41.423920143367184,-0.013709808811483981,-0.0035864947812143497,-0.010123314030269632,0.11423479648206984,34.11468569427341,54.33290164994073,225.1541454741988
2024-11-15 15:42:00,224.7899932861328,224.8699951171875,224.7899932861328,224.86000061035156,78943,224.886808013916,224.9031234741211,224.77454391479492,224.74208658854167,224.7233186340332,224.8958252931131,224.88346169283813,224.89836777948048,47.130626923534805,-0.014906086642355376,-0.005850413153442555,-0.00905567348891282,0.11178958466582826,27.384093987262947,39.105695647677415,225.15334479154663
2024-11-15 15:43:00,224.85499572753906,224.8699951171875,224.82009887695312,224.84500122070312,92671,224.88456344604492,224.90816162109374,224.77644393920897,224.74325327555337,224.72319412231445,224.89098490526453,224.87754469712507,224.89441470105254,46.0944622082538,-0.016870003927465405,-0.008054331308247125,-0.00881567261921828,0.10736863149215305,28.644318344380338,30.047699341972244,225.15242508508993
2024-11-15 15:44:00,224.83999633789062,224.83999633789062,224.72500610351562,224.8000030517578,58260,224.87931365966796,224.91402160644532,224.77765396118164,224.74431996663412,224.72276916503907,224.88231996683533,224.86561521322244,224.88742124554923,43.03757566766178,-0.021806032326793456,-0.010804671511956392,-0.011001360814837064,0.10827052332753498,30.89970072097189,28.976037684205068,225.15174356460236
2024-11-15 15:45:00,224.7899932861328,224.81500244140625,224.72000122070312,224.72000122070312,85508,224.86831359863282,224.91652160644531,224.77800399780273,224.74445332845053,224.72161918640137,224.86686103863227,224.84321306052718,224.87501976222728,38.18855969259769,-0.03180670170010558,-0.01500507754958623,-0.016801624150519348,0.10732271599722,18.39989940804769,25.98130615779998,225.15064744805815
2024-11-15 15:46:00,224.72500610351562,224.77999877929688,224.61500549316406,224.6199951171875,63204,224.8525634765625,224.9152215576172,224.77745391845704,224.74338663736978,224.72041915893556,224.84334999849466,224.80887183847491,224.8561290477799,33.15911527591205,-0.04725720930497346,-0.021455503900663676,-0.02580170540430978,0.11144204243547663,7.836334532084749,19.045311553701453,225.14967940984667
2024-11-15 15:47:00,224.61500549316406,224.74000549316406,224.5699005126953,224.668701171875,144487,224.8432487487793,224.9153955078125,224.77674087524414,224.7427780151367,224.71913764953612,224.82671677691184,224.78730712053647,224.84224550141658,37.477898726250395,-0.05493838088011671,-0.028152079296554285,-0.026786301583562426,0.11563225229499619,7.093563674331874,11.10993253815478,225.1474252746902
2024-11-15 15:48:00,224.6649932861328,224.83999633789062,224.64999389648438,224.83999633789062,97622,224.84224853515624,224.91689544677735,224.7759408569336,224.74404469807942,224.71903762817382,224.82798149700506,224.79541315397557,224.84207889671094,49.770071077625865,-0.04666574273537094,-0.03185481198431762,-0.014810930751053324,0.12094440866008575,25.463791057915838,13.46456308811083,225.1462767916462
2024-11-15 15:49:00,224.83999633789062,224.86990356445312,224.72500610351562,224.75,62652,224.83924865722656,224.91549530029297,224.77579086303712,224.74444468180337,224.71842559814453,224.82055468776647,224.78842651490243,224.8352582376953,44.78788397048835,-0.04683172279288783,-0.03485019414603166,-0.011981528646856171,0.12265534096561537,37.3392695912077,23.298874774485146,225.14555332683793
2024-11-15 15:50:00,224.75999450683594,225.1300048828125,224.75999450683594,224.9600067138672,214527,224.84149932861328,224.91729553222658,224.7781948852539,224.74487803141275,224.7189256286621,224.83383583310942,224.8148234685893,224.8444988655599,55.88542781388226,-0.029675396970588963,-0.03381523471094312,0.00413983774035416,0.1410374510975357,53.835747463238874,38.87960270412081,225.14423379435016
2024-11-15 15:51:00,224.9600067138672,225.0399932861328,224.8699951171875,224.89999389648438,154459,224.84299926757814,224.91818939208986,224.78004486083984,224.74587799072265,224.71952560424805,224.8401366010499,224.82792661134238,224.84860960859135,52.62990612693612,-0.020682997248968604,-0.03118878721854822,0.010505789969579616,0.14310607380094834,55.110274486171384,48.76176384687266,225.14323020343406
2024-11-15 15:52:00,224.91000366210938,225.00999450683594,224.87240600585938,224.94000244140625,150434,224.8504997253418,224.91759552001952,224.78164489746095,224.74711130777996,224.72037559509278,224.84964763346477,224.84516904673683,224.8553794480591,54.53153486223038,-0.01021040132226858,-0.026993110039292296,0.016782708717023715,0.14271196145634937,64.88680633121749,57.94427609354259,225.14228145397806
2024-11-15 15:53:00,224.94000244140625,225.1199951171875,224.93499755859375,225.07000732421875,214653,224.8611801147461,224.91950164794923,224.78544494628906,224.75017801920572,224.72197563171386,224.87063427067943,224.87975955096482,224.8712778092561,60.13215183676067,0.008481741708720847,-0.01989813968968967,0.028379881398410516,0.145732361251878,71.43324161604055,63.810107477809815,225.14161305404005
2024-11-15 15:54:00,225.05999755859375,225.24000549316406,224.92999267578125,225.1199951171875,239123,224.86968002319335,224.9184014892578,224.79004486083986,224.75371134440104,224.72390663146973,224.89438292272783,224.91671886884524,224.8897013135473,62.06693582940926,0.02701755529793104,-0.01051500069216553,0.03753255599009657,0.15746667954694477,79.15209045207804,71.82404613311202,225.14128285694898
2024-11-15 15:55:00,225.13999938964844,225.2100067138672,224.8699951171875,225.1999969482422,310847,224.8841796875,224.9198275756836,224.79534484863282,224.75691131591796,224.726806640625,224.92348902039583,224.96030011182938,224.91268617537656,64.99487450883079,0.047613936452819416,0.0011107867368314595,0.04650314971598796,0.17050560219928354,88.46948909569959,79.68494038793939,225.14082928884307
2024-11-15 15:56:00,225.19000244140625,225.19000244140625,224.9499969482422,225.0399932861328,214725,224.88917922973633,224.92062744140625,224.79955474853514,224.7591106160482,224.72925010681152,224.93458466475172,224.97256060018378,224.9221163317289,55.729849416615295,0.050444268454896246,0.010977483080444416,0.03946678537445183,0.1761837734707633,82.0908097276619,83.23746309181318,225.14030454928022
2024-11-15 15:57:00,225.0,225.17999267578125,225.0,225.0937957763672,178542,224.89586868286133,224.92501922607423,224.8031427001953,224.76150258382162,224.73176910400392,224.94974762776272,224.99121216575045,224.934833327628,57.90293317083668,0.056378838122441266,0.020057754088843787,0.036321084033597476,0.17645583792151237,80.78756413759602,83.78262098698583,225.14004125127408
2024-11-15 15:58:00,225.08999633789062,225.16000366210938,224.97999572753906,225.1300048828125,307252,224.90437393188478,224.92941925048828,224.80758270263672,224.7639025878906,224.73466911315919,224.9669149853865,225.0125648914523,224.94929047986392,59.34915578662281,0.0632744115883952,0.028701085588754068,0.03457332599964113,0.17670955911071237,77.30591735737924,80.06143040754573,225.13958315393526
2024-11-15 15:59:00,225.1300048828125,225.2299041748047,224.8800048828125,224.9199981689453,753823,224.9053741455078,224.92941925048828,224.8099237060547,224.76513590494793,224.73621910095216,224.96244671715402,224.99832385722044,224.94712067905513,48.864049798714035,0.05120317816530928,0.03320150410406511,0.01800167406124417,0.18908025431653205,71.3369462914048,76.47680926212668,225.13673592536998
